-- MariaDB dump 10.19  Distrib 10.4.32-MariaDB, for Win64 (AMD64)
--
-- Host: localhost    Database: smis_merge
-- ------------------------------------------------------
-- Server version	8.0.43

/*!40101 SET @OLD_CHARACTER_SET_CLIENT=@@CHARACTER_SET_CLIENT */;
/*!40101 SET @OLD_CHARACTER_SET_RESULTS=@@CHARACTER_SET_RESULTS */;
/*!40101 SET @OLD_COLLATION_CONNECTION=@@COLLATION_CONNECTION */;
/*!40101 SET NAMES utf8mb4 */;
/*!40103 SET @OLD_TIME_ZONE=@@TIME_ZONE */;
/*!40103 SET TIME_ZONE='+00:00' */;
/*!40014 SET @OLD_UNIQUE_CHECKS=@@UNIQUE_CHECKS, UNIQUE_CHECKS=0 */;
/*!40014 SET @OLD_FOREIGN_KEY_CHECKS=@@FOREIGN_KEY_CHECKS, FOREIGN_KEY_CHECKS=0 */;
/*!40101 SET @OLD_SQL_MODE=@@SQL_MODE, SQL_MODE='NO_AUTO_VALUE_ON_ZERO' */;
/*!40111 SET @OLD_SQL_NOTES=@@SQL_NOTES, SQL_NOTES=0 */;

--
-- Table structure for table `academic_calendar`
--

DROP TABLE IF EXISTS `academic_calendar`;
/*!40101 SET @saved_cs_client     = @@character_set_client */;
/*!40101 SET character_set_client = utf8 */;
CREATE TABLE `academic_calendar` (
  `id` int NOT NULL AUTO_INCREMENT,
  `event_date` date NOT NULL,
  `event_type` enum('holiday','mid-term','break') DEFAULT 'holiday',
  `description` varchar(255) DEFAULT NULL,
  `created_at` timestamp NULL DEFAULT CURRENT_TIMESTAMP,
  PRIMARY KEY (`id`),
  UNIQUE KEY `event_date` (`event_date`)
) ENGINE=InnoDB AUTO_INCREMENT=3 DEFAULT CHARSET=utf8mb4 COLLATE=utf8mb4_0900_ai_ci;
/*!40101 SET character_set_client = @saved_cs_client */;

--
-- Dumping data for table `academic_calendar`
--

LOCK TABLES `academic_calendar` WRITE;
/*!40000 ALTER TABLE `academic_calendar` DISABLE KEYS */;
/*!40000 ALTER TABLE `academic_calendar` ENABLE KEYS */;
UNLOCK TABLES;

--
-- Table structure for table `academic_levels`
--

DROP TABLE IF EXISTS `academic_levels`;
/*!40101 SET @saved_cs_client     = @@character_set_client */;
/*!40101 SET character_set_client = utf8 */;
CREATE TABLE `academic_levels` (
  `id` int NOT NULL AUTO_INCREMENT,
  `level_name` varchar(100) NOT NULL,
  `description` text,
  `created_at` timestamp NULL DEFAULT CURRENT_TIMESTAMP,
  PRIMARY KEY (`id`),
  UNIQUE KEY `level_name` (`level_name`)
) ENGINE=InnoDB AUTO_INCREMENT=5 DEFAULT CHARSET=utf8mb4 COLLATE=utf8mb4_0900_ai_ci;
/*!40101 SET character_set_client = @saved_cs_client */;

--
-- Dumping data for table `academic_levels`
--

LOCK TABLES `academic_levels` WRITE;
/*!40000 ALTER TABLE `academic_levels` DISABLE KEYS */;
INSERT INTO `academic_levels` VALUES (1,'Early Years','Blocks & Play','2026-04-16 00:10:33'),(2,'Lower Basic','Foundational Years','2026-04-16 00:10:33'),(3,'Upper Basic','Intermediate Study','2026-04-16 00:10:33'),(4,'Junior High','Junior Secondary','2026-04-16 00:10:33');
/*!40000 ALTER TABLE `academic_levels` ENABLE KEYS */;
UNLOCK TABLES;

--
-- Table structure for table `academic_semester_dictionary`
--

DROP TABLE IF EXISTS `academic_semester_dictionary`;
/*!40101 SET @saved_cs_client     = @@character_set_client */;
/*!40101 SET character_set_client = utf8 */;
CREATE TABLE `academic_semester_dictionary` (
  `id` int NOT NULL AUTO_INCREMENT,
  `semester_name` varchar(50) NOT NULL,
  `is_active` tinyint(1) DEFAULT '1',
  `display_order` int DEFAULT '0',
  `created_at` timestamp NULL DEFAULT CURRENT_TIMESTAMP,
  PRIMARY KEY (`id`),
  UNIQUE KEY `semester_name` (`semester_name`)
) ENGINE=InnoDB AUTO_INCREMENT=7 DEFAULT CHARSET=utf8mb4 COLLATE=utf8mb4_0900_ai_ci;
/*!40101 SET character_set_client = @saved_cs_client */;

--
-- Dumping data for table `academic_semester_dictionary`
--

LOCK TABLES `academic_semester_dictionary` WRITE;
/*!40000 ALTER TABLE `academic_semester_dictionary` DISABLE KEYS */;
/*!40000 ALTER TABLE `academic_semester_dictionary` ENABLE KEYS */;
UNLOCK TABLES;

--
-- Table structure for table `announcements`
--

DROP TABLE IF EXISTS `announcements`;
/*!40101 SET @saved_cs_client     = @@character_set_client */;
/*!40101 SET character_set_client = utf8 */;
CREATE TABLE `announcements` (
  `id` int NOT NULL AUTO_INCREMENT,
  `title` varchar(255) CHARACTER SET utf8mb4 COLLATE utf8mb4_unicode_ci NOT NULL,
  `message` text CHARACTER SET utf8mb4 COLLATE utf8mb4_unicode_ci NOT NULL,
  `audience` varchar(50) CHARACTER SET utf8mb4 COLLATE utf8mb4_unicode_ci DEFAULT 'all',
  `channel` enum('email','sms','whatsapp','in_app') CHARACTER SET utf8mb4 COLLATE utf8mb4_unicode_ci DEFAULT 'in_app',
  `audience_type` enum('all','staff','students','parents','class','custom') CHARACTER SET utf8mb4 COLLATE utf8mb4_unicode_ci DEFAULT 'all',
  `audience_query` json DEFAULT NULL,
  `status` enum('draft','scheduled','sent') CHARACTER SET utf8mb4 COLLATE utf8mb4_unicode_ci DEFAULT 'draft',
  `scheduled_at` datetime DEFAULT NULL,
  `created_by` varchar(100) CHARACTER SET utf8mb4 COLLATE utf8mb4_unicode_ci DEFAULT NULL,
  `created_at` datetime DEFAULT CURRENT_TIMESTAMP,
  PRIMARY KEY (`id`)
) ENGINE=InnoDB DEFAULT CHARSET=utf8mb4 COLLATE=utf8mb4_unicode_ci;
/*!40101 SET character_set_client = @saved_cs_client */;

--
-- Dumping data for table `announcements`
--

LOCK TABLES `announcements` WRITE;
/*!40000 ALTER TABLE `announcements` DISABLE KEYS */;
/*!40000 ALTER TABLE `announcements` ENABLE KEYS */;
UNLOCK TABLES;

--
-- Table structure for table `assessment_configurations`
--

DROP TABLE IF EXISTS `assessment_configurations`;
/*!40101 SET @saved_cs_client     = @@character_set_client */;
/*!40101 SET character_set_client = utf8 */;
CREATE TABLE `assessment_configurations` (
  `id` int NOT NULL AUTO_INCREMENT,
  `academic_year` varchar(20) NOT NULL,
  `semester` varchar(20) NOT NULL,
  `assessment_name` varchar(100) NOT NULL,
  `max_marks_allocation` decimal(5,2) NOT NULL,
  `is_exam` tinyint(1) DEFAULT '0',
  `created_at` timestamp NULL DEFAULT CURRENT_TIMESTAMP,
  `is_locked` tinyint(1) DEFAULT '0',
  PRIMARY KEY (`id`)
) ENGINE=InnoDB AUTO_INCREMENT=16 DEFAULT CHARSET=utf8mb4 COLLATE=utf8mb4_0900_ai_ci;
/*!40101 SET character_set_client = @saved_cs_client */;

--
-- Dumping data for table `assessment_configurations`
--

LOCK TABLES `assessment_configurations` WRITE;
/*!40000 ALTER TABLE `assessment_configurations` DISABLE KEYS */;
INSERT INTO `assessment_configurations` VALUES (8,'2025/2026','Semester 1','CAT 1',30.00,0,'2026-04-16 00:01:16',0),(9,'2025/2026','Semester 1','CAT 2',30.00,0,'2026-04-16 00:01:25',0),(10,'2025/2026','Semester 1','CAT 40',40.00,0,'2026-04-16 00:01:32',0),(11,'2025/2026','Semester 1','EXAM',100.00,1,'2026-04-16 00:01:41',0),(12,'2025/2026','First Semester','CAT 1',30.00,0,'2026-04-16 01:48:58',1),(13,'2025/2026','First Semester','CAT 2',40.00,0,'2026-04-16 01:49:10',0),(14,'2025/2026','First Semester','CAT 3',30.00,0,'2026-04-16 01:49:21',0),(15,'2025/2026','First Semester','EXAM',100.00,1,'2026-04-16 01:49:32',0);
/*!40000 ALTER TABLE `assessment_configurations` ENABLE KEYS */;
UNLOCK TABLES;

--
-- Table structure for table `attendance`
--

DROP TABLE IF EXISTS `attendance`;
/*!40101 SET @saved_cs_client     = @@character_set_client */;
/*!40101 SET character_set_client = utf8 */;
CREATE TABLE `attendance` (
  `id` int NOT NULL AUTO_INCREMENT,
  `student_id` int NOT NULL,
  `attendance_date` date NOT NULL,
  `status` enum('present','absent','late','excused') DEFAULT 'present',
  `week_number` int DEFAULT '1',
  `remarks` text,
  `semester` varchar(50) DEFAULT NULL,
  `academic_year` varchar(50) DEFAULT NULL,
  `created_at` timestamp NULL DEFAULT CURRENT_TIMESTAMP,
  PRIMARY KEY (`id`),
  UNIQUE KEY `std_date` (`student_id`,`attendance_date`),
  CONSTRAINT `attendance_ibfk_1` FOREIGN KEY (`student_id`) REFERENCES `students` (`id`) ON DELETE CASCADE
) ENGINE=InnoDB AUTO_INCREMENT=97 DEFAULT CHARSET=utf8mb4 COLLATE=utf8mb4_0900_ai_ci;
/*!40101 SET character_set_client = @saved_cs_client */;

--
-- Dumping data for table `attendance`
--

LOCK TABLES `attendance` WRITE;
/*!40000 ALTER TABLE `attendance` DISABLE KEYS */;
INSERT INTO `attendance` VALUES (1,23,'2026-04-14','absent',2,'','First Semester','2025/2026','2026-04-14 04:35:28'),(2,60,'2026-04-14','absent',2,'','First Semester','2025/2026','2026-04-14 04:35:28'),(3,13,'2026-04-14','absent',2,'','First Semester','2025/2026','2026-04-14 04:35:28'),(4,89,'2026-04-14','absent',2,'','First Semester','2025/2026','2026-04-14 04:35:28'),(5,81,'2026-04-14','absent',2,'','First Semester','2025/2026','2026-04-14 04:35:28'),(6,39,'2026-04-14','absent',2,'','First Semester','2025/2026','2026-04-14 04:35:28'),(7,86,'2026-04-14','present',2,'','First Semester','2025/2026','2026-04-14 04:35:28'),(8,115,'2026-04-14','present',2,'','First Semester','2025/2026','2026-04-14 04:35:28'),(9,77,'2026-04-14','present',2,'','First Semester','2025/2026','2026-04-14 04:35:28'),(10,2,'2026-04-14','present',2,'','First Semester','2025/2026','2026-04-14 04:35:28'),(11,21,'2026-04-14','absent',1,'','First Semester','2025/2026','2026-04-14 04:50:24'),(12,113,'2026-04-14','absent',1,'','First Semester','2025/2026','2026-04-14 04:50:24'),(13,41,'2026-04-14','absent',1,'','First Semester','2025/2026','2026-04-14 04:50:24'),(14,15,'2026-04-14','present',1,'','First Semester','2025/2026','2026-04-14 04:50:24'),(15,9,'2026-04-14','present',1,'','First Semester','2025/2026','2026-04-14 04:50:24'),(16,51,'2026-04-14','present',1,'','First Semester','2025/2026','2026-04-14 04:50:24'),(17,56,'2026-04-14','present',1,'','First Semester','2025/2026','2026-04-14 04:50:24'),(18,101,'2026-04-14','present',1,'','First Semester','2025/2026','2026-04-14 04:50:24'),(19,83,'2026-04-14','present',1,'','First Semester','2025/2026','2026-04-14 04:50:24'),(20,24,'2026-04-14','present',1,'','First Semester','2025/2026','2026-04-14 04:50:24'),(21,58,'2026-04-14','present',1,'','First Semester','2025/2026','2026-04-14 04:50:24'),(23,12,'2020-01-01','absent',1,NULL,NULL,NULL,'2026-04-14 04:57:29'),(24,19,'2026-04-14','absent',1,'','First Semester','2025/2026','2026-04-14 04:59:13'),(25,85,'2026-04-14','present',1,'','First Semester','2025/2026','2026-04-14 22:39:18'),(26,55,'2026-04-14','present',1,'','First Semester','2025/2026','2026-04-14 22:39:18'),(27,43,'2026-04-14','present',1,'','First Semester','2025/2026','2026-04-14 22:39:18'),(28,107,'2026-04-14','present',1,'','First Semester','2025/2026','2026-04-14 22:39:18'),(29,68,'2026-04-14','present',1,'','First Semester','2025/2026','2026-04-14 22:39:18'),(30,7,'2026-04-14','present',1,'','First Semester','2025/2026','2026-04-14 22:39:18'),(31,108,'2026-04-14','absent',1,'','First Semester','2025/2026','2026-04-14 22:39:18'),(32,29,'2026-04-14','present',1,'','First Semester','2025/2026','2026-04-14 22:39:18'),(33,46,'2026-04-14','present',1,'','First Semester','2025/2026','2026-04-14 22:39:18'),(34,21,'2026-04-15','present',1,'','First Semester','2025/2026','2026-04-15 16:17:16'),(35,113,'2026-04-15','absent',1,'','First Semester','2025/2026','2026-04-15 16:17:16'),(36,41,'2026-04-15','absent',1,'','First Semester','2025/2026','2026-04-15 16:17:16'),(37,15,'2026-04-15','absent',1,'','First Semester','2025/2026','2026-04-15 16:17:16'),(38,9,'2026-04-15','present',1,'','First Semester','2025/2026','2026-04-15 16:17:16'),(39,51,'2026-04-15','present',1,'','First Semester','2025/2026','2026-04-15 16:17:16'),(40,56,'2026-04-15','present',1,'','First Semester','2025/2026','2026-04-15 16:17:16'),(41,101,'2026-04-15','present',1,'','First Semester','2025/2026','2026-04-15 16:17:16'),(42,83,'2026-04-15','present',1,'','First Semester','2025/2026','2026-04-15 16:17:16'),(43,24,'2026-04-15','present',1,'','First Semester','2025/2026','2026-04-15 16:17:16'),(44,58,'2026-04-15','present',1,'','First Semester','2025/2026','2026-04-15 16:17:16'),(45,14,'2026-04-15','absent',1,'','First Semester','2025/2026','2026-04-15 16:18:08'),(46,11,'2026-04-15','present',1,'','First Semester','2025/2026','2026-04-15 16:18:08'),(47,23,'2026-04-15','absent',2,'','First Semester','2025/2026','2026-04-15 23:49:22'),(48,60,'2026-04-15','absent',2,'','First Semester','2025/2026','2026-04-15 23:49:22'),(49,13,'2026-04-15','absent',2,'','First Semester','2025/2026','2026-04-15 23:49:22'),(50,89,'2026-04-15','absent',2,'','First Semester','2025/2026','2026-04-15 23:49:22'),(51,81,'2026-04-15','absent',2,'','First Semester','2025/2026','2026-04-15 23:49:22'),(52,39,'2026-04-15','present',2,'','First Semester','2025/2026','2026-04-15 23:49:22'),(53,86,'2026-04-15','present',2,'','First Semester','2025/2026','2026-04-15 23:49:22'),(54,115,'2026-04-15','absent',2,'','First Semester','2025/2026','2026-04-15 23:49:22'),(55,77,'2026-04-15','present',2,'','First Semester','2025/2026','2026-04-15 23:49:22'),(56,2,'2026-04-15','present',2,'','First Semester','2025/2026','2026-04-15 23:49:22'),(57,23,'2026-04-16','present',1,'','First Semester','2025/2026','2026-04-16 00:47:08'),(58,60,'2026-04-16','absent',1,'','First Semester','2025/2026','2026-04-16 00:47:08'),(59,13,'2026-04-16','present',1,'','First Semester','2025/2026','2026-04-16 00:47:08'),(60,89,'2026-04-16','present',1,'','First Semester','2025/2026','2026-04-16 00:47:08'),(61,81,'2026-04-16','present',1,'','First Semester','2025/2026','2026-04-16 00:47:08'),(62,39,'2026-04-16','present',1,'','First Semester','2025/2026','2026-04-16 00:47:08'),(63,86,'2026-04-16','present',1,'','First Semester','2025/2026','2026-04-16 00:47:08'),(64,115,'2026-04-16','present',1,'','First Semester','2025/2026','2026-04-16 00:47:08'),(65,77,'2026-04-16','absent',1,'','First Semester','2025/2026','2026-04-16 00:47:08'),(66,2,'2026-04-16','absent',1,'','First Semester','2025/2026','2026-04-16 00:47:08'),(67,23,'2026-04-13','present',2,'','First Semester','2025/2026','2026-04-16 01:39:08'),(68,60,'2026-04-13','present',2,'','First Semester','2025/2026','2026-04-16 01:39:08'),(69,13,'2026-04-13','present',2,'','First Semester','2025/2026','2026-04-16 01:39:08'),(70,89,'2026-04-13','present',2,'','First Semester','2025/2026','2026-04-16 01:39:08'),(71,81,'2026-04-13','present',2,'','First Semester','2025/2026','2026-04-16 01:39:08'),(72,39,'2026-04-13','present',2,'','First Semester','2025/2026','2026-04-16 01:39:08'),(73,86,'2026-04-13','present',2,'','First Semester','2025/2026','2026-04-16 01:39:08'),(74,115,'2026-04-13','present',2,'','First Semester','2025/2026','2026-04-16 01:39:08'),(75,77,'2026-04-13','present',2,'','First Semester','2025/2026','2026-04-16 01:39:08'),(76,2,'2026-04-13','present',2,'','First Semester','2025/2026','2026-04-16 01:39:08'),(77,23,'2026-04-20','present',2,'','First Semester','2025/2026','2026-04-16 02:31:48'),(78,60,'2026-04-20','present',2,'','First Semester','2025/2026','2026-04-16 02:31:48'),(79,13,'2026-04-20','present',2,'','First Semester','2025/2026','2026-04-16 02:31:48'),(80,89,'2026-04-20','present',2,'','First Semester','2025/2026','2026-04-16 02:31:48'),(81,81,'2026-04-20','present',2,'','First Semester','2025/2026','2026-04-16 02:31:48'),(82,39,'2026-04-20','present',2,'','First Semester','2025/2026','2026-04-16 02:31:48'),(83,86,'2026-04-20','absent',2,'','First Semester','2025/2026','2026-04-16 02:31:48'),(84,115,'2026-04-20','absent',2,'','First Semester','2025/2026','2026-04-16 02:31:48'),(85,77,'2026-04-20','present',2,'','First Semester','2025/2026','2026-04-16 02:31:48'),(86,2,'2026-04-20','present',2,'','First Semester','2025/2026','2026-04-16 02:31:48'),(87,23,'2026-04-17','present',1,'','First Semester','2025/2026','2026-04-17 01:07:55'),(88,60,'2026-04-17','present',1,'','First Semester','2025/2026','2026-04-17 01:07:55'),(89,13,'2026-04-17','present',1,'','First Semester','2025/2026','2026-04-17 01:07:55'),(90,89,'2026-04-17','present',1,'','First Semester','2025/2026','2026-04-17 01:07:55'),(91,81,'2026-04-17','absent',1,'','First Semester','2025/2026','2026-04-17 01:07:55'),(92,39,'2026-04-17','absent',1,'','First Semester','2025/2026','2026-04-17 01:07:55'),(93,86,'2026-04-17','present',1,'','First Semester','2025/2026','2026-04-17 01:07:55'),(94,115,'2026-04-17','present',1,'','First Semester','2025/2026','2026-04-17 01:07:55'),(95,77,'2026-04-17','present',1,'','First Semester','2025/2026','2026-04-17 01:07:55'),(96,2,'2026-04-17','present',1,'','First Semester','2025/2026','2026-04-17 01:07:55');
/*!40000 ALTER TABLE `attendance` ENABLE KEYS */;
UNLOCK TABLES;

--
-- Table structure for table `budgets`
--

DROP TABLE IF EXISTS `budgets`;
/*!40101 SET @saved_cs_client     = @@character_set_client */;
/*!40101 SET character_set_client = utf8 */;
CREATE TABLE `budgets` (
  `id` int NOT NULL AUTO_INCREMENT,
  `category` varchar(255) CHARACTER SET utf8mb4 COLLATE utf8mb4_unicode_ci NOT NULL,
  `description` text CHARACTER SET utf8mb4 COLLATE utf8mb4_unicode_ci,
  `amount` decimal(10,2) NOT NULL,
  `semester` varchar(50) CHARACTER SET utf8mb4 COLLATE utf8mb4_unicode_ci NOT NULL,
  `academic_year` varchar(50) CHARACTER SET utf8mb4 COLLATE utf8mb4_unicode_ci NOT NULL,
  `start_date` date NOT NULL,
  `end_date` date NOT NULL,
  `alert_threshold` int DEFAULT '80',
  `created_at` timestamp NULL DEFAULT CURRENT_TIMESTAMP,
  `updated_at` timestamp NULL DEFAULT CURRENT_TIMESTAMP ON UPDATE CURRENT_TIMESTAMP,
  PRIMARY KEY (`id`),
  KEY `idx_term` (`semester`),
  KEY `idx_academic_year` (`academic_year`),
  KEY `idx_category` (`category`),
  KEY `idx_start_date` (`start_date`)
) ENGINE=InnoDB DEFAULT CHARSET=utf8mb4 COLLATE=utf8mb4_unicode_ci;
/*!40101 SET character_set_client = @saved_cs_client */;

--
-- Dumping data for table `budgets`
--

LOCK TABLES `budgets` WRITE;
/*!40000 ALTER TABLE `budgets` DISABLE KEYS */;
/*!40000 ALTER TABLE `budgets` ENABLE KEYS */;
UNLOCK TABLES;

--
-- Table structure for table `class_subjects`
--

DROP TABLE IF EXISTS `class_subjects`;
/*!40101 SET @saved_cs_client     = @@character_set_client */;
/*!40101 SET character_set_client = utf8 */;
CREATE TABLE `class_subjects` (
  `id` int NOT NULL AUTO_INCREMENT,
  `class_name` varchar(50) NOT NULL,
  `subject_id` int NOT NULL,
  `created_at` timestamp NULL DEFAULT CURRENT_TIMESTAMP,
  PRIMARY KEY (`id`),
  UNIQUE KEY `class_name` (`class_name`,`subject_id`),
  KEY `subject_id` (`subject_id`),
  CONSTRAINT `class_subjects_ibfk_1` FOREIGN KEY (`subject_id`) REFERENCES `subjects` (`id`) ON DELETE CASCADE
) ENGINE=InnoDB AUTO_INCREMENT=261 DEFAULT CHARSET=utf8mb4 COLLATE=utf8mb4_0900_ai_ci;
/*!40101 SET character_set_client = @saved_cs_client */;

--
-- Dumping data for table `class_subjects`
--

LOCK TABLES `class_subjects` WRITE;
/*!40000 ALTER TABLE `class_subjects` DISABLE KEYS */;
INSERT INTO `class_subjects` VALUES (142,'Basic 2',29,'2026-04-15 15:26:34'),(143,'Basic 2',23,'2026-04-15 15:26:34'),(144,'Basic 2',17,'2026-04-15 15:26:34'),(145,'Basic 2',8,'2026-04-15 15:26:34'),(146,'Basic 2',26,'2026-04-15 15:26:34'),(147,'Basic 2',21,'2026-04-15 15:26:34'),(148,'Basic 2',1,'2026-04-15 15:26:34'),(149,'Basic 2',14,'2026-04-15 15:26:34'),(150,'Basic 2',11,'2026-04-15 15:26:34'),(151,'Basic 3',29,'2026-04-15 15:26:41'),(152,'Basic 3',23,'2026-04-15 15:26:41'),(153,'Basic 3',17,'2026-04-15 15:26:41'),(154,'Basic 3',8,'2026-04-15 15:26:41'),(155,'Basic 3',26,'2026-04-15 15:26:41'),(156,'Basic 3',21,'2026-04-15 15:26:41'),(157,'Basic 3',1,'2026-04-15 15:26:41'),(158,'Basic 3',14,'2026-04-15 15:26:41'),(159,'Basic 3',11,'2026-04-15 15:26:41'),(160,'Basic 4',29,'2026-04-15 15:26:45'),(161,'Basic 4',23,'2026-04-15 15:26:45'),(162,'Basic 4',17,'2026-04-15 15:26:45'),(163,'Basic 4',8,'2026-04-15 15:26:45'),(164,'Basic 4',26,'2026-04-15 15:26:45'),(165,'Basic 4',21,'2026-04-15 15:26:45'),(166,'Basic 4',1,'2026-04-15 15:26:45'),(167,'Basic 4',14,'2026-04-15 15:26:45'),(168,'Basic 4',11,'2026-04-15 15:26:45'),(169,'Basic 5',29,'2026-04-15 15:26:47'),(170,'Basic 5',23,'2026-04-15 15:26:47'),(171,'Basic 5',17,'2026-04-15 15:26:47'),(172,'Basic 5',8,'2026-04-15 15:26:47'),(173,'Basic 5',26,'2026-04-15 15:26:47'),(174,'Basic 5',21,'2026-04-15 15:26:47'),(175,'Basic 5',1,'2026-04-15 15:26:47'),(176,'Basic 5',14,'2026-04-15 15:26:47'),(177,'Basic 5',11,'2026-04-15 15:26:47'),(225,'Basic 1',29,'2026-04-16 00:19:32'),(226,'Basic 1',23,'2026-04-16 00:19:32'),(227,'Basic 1',17,'2026-04-16 00:19:32'),(228,'Basic 1',8,'2026-04-16 00:19:32'),(229,'Basic 1',26,'2026-04-16 00:19:32'),(230,'Basic 1',21,'2026-04-16 00:19:32'),(231,'Basic 1',1,'2026-04-16 00:19:32'),(232,'Basic 1',14,'2026-04-16 00:19:32'),(233,'Basic 1',11,'2026-04-16 00:19:32'),(243,'Basic 7',20,'2026-04-16 00:20:33'),(244,'Basic 7',23,'2026-04-16 00:20:33'),(245,'Basic 7',17,'2026-04-16 00:20:33'),(246,'Basic 7',8,'2026-04-16 00:20:33'),(247,'Basic 7',26,'2026-04-16 00:20:33'),(248,'Basic 7',1,'2026-04-16 00:20:33'),(249,'Basic 7',14,'2026-04-16 00:20:33'),(250,'Basic 7',11,'2026-04-16 00:20:33'),(251,'Basic 7',31,'2026-04-16 00:20:33'),(252,'Basic 6',20,'2026-04-16 00:20:37'),(253,'Basic 6',23,'2026-04-16 00:20:37'),(254,'Basic 6',17,'2026-04-16 00:20:37'),(255,'Basic 6',8,'2026-04-16 00:20:37'),(256,'Basic 6',26,'2026-04-16 00:20:37'),(257,'Basic 6',1,'2026-04-16 00:20:37'),(258,'Basic 6',14,'2026-04-16 00:20:37'),(259,'Basic 6',11,'2026-04-16 00:20:37'),(260,'Basic 6',31,'2026-04-16 00:20:37');
/*!40000 ALTER TABLE `class_subjects` ENABLE KEYS */;
UNLOCK TABLES;

--
-- Table structure for table `classes`
--

DROP TABLE IF EXISTS `classes`;
/*!40101 SET @saved_cs_client     = @@character_set_client */;
/*!40101 SET character_set_client = utf8 */;
CREATE TABLE `classes` (
  `id` int NOT NULL AUTO_INCREMENT,
  `name` varchar(50) CHARACTER SET utf8mb4 COLLATE utf8mb4_unicode_ci DEFAULT NULL,
  `Level` varchar(255) CHARACTER SET utf8mb4 COLLATE utf8mb4_unicode_ci DEFAULT NULL,
  `created_at` timestamp NOT NULL DEFAULT CURRENT_TIMESTAMP,
  PRIMARY KEY (`id`),
  UNIQUE KEY `name` (`name`)
) ENGINE=InnoDB AUTO_INCREMENT=13 DEFAULT CHARSET=utf8mb4 COLLATE=utf8mb4_unicode_ci;
/*!40101 SET character_set_client = @saved_cs_client */;

--
-- Dumping data for table `classes`
--

LOCK TABLES `classes` WRITE;
/*!40000 ALTER TABLE `classes` DISABLE KEYS */;
INSERT INTO `classes` VALUES (1,'Creche','Early Years','2025-10-01 16:59:28'),(2,'Nursery 1','Early Years','2025-10-01 16:59:28'),(3,'Nursery 2','Early Years','2025-10-01 16:59:28'),(4,'KG 1','Early Years','2025-10-01 16:59:28'),(5,'KG 2','Early Years','2025-10-01 16:59:28'),(6,'Basic 1','Primary','2025-10-01 16:59:28'),(7,'Basic 2','Primary','2025-10-01 16:59:28'),(8,'Basic 3','Primary','2025-10-01 16:59:28'),(9,'Basic 4','Primary','2025-10-01 16:59:28'),(10,'Basic 5','Primary','2025-10-01 16:59:28'),(11,'Basic 6','Primary','2025-10-01 16:59:28'),(12,'Basic 7','Primary','2025-10-01 16:59:28');
/*!40000 ALTER TABLE `classes` ENABLE KEYS */;
UNLOCK TABLES;

--
-- Table structure for table `expense_categories`
--

DROP TABLE IF EXISTS `expense_categories`;
/*!40101 SET @saved_cs_client     = @@character_set_client */;
/*!40101 SET character_set_client = utf8 */;
CREATE TABLE `expense_categories` (
  `id` int NOT NULL AUTO_INCREMENT,
  `name` varchar(100) CHARACTER SET utf8mb4 COLLATE utf8mb4_unicode_ci NOT NULL,
  PRIMARY KEY (`id`),
  UNIQUE KEY `name` (`name`)
) ENGINE=InnoDB AUTO_INCREMENT=17 DEFAULT CHARSET=utf8mb4 COLLATE=utf8mb4_unicode_ci;
/*!40101 SET character_set_client = @saved_cs_client */;

--
-- Dumping data for table `expense_categories`
--

LOCK TABLES `expense_categories` WRITE;
/*!40000 ALTER TABLE `expense_categories` DISABLE KEYS */;
INSERT INTO `expense_categories` VALUES (9,'ABACUS'),(11,'BOOK SUPPLIES'),(12,'CERTIFICATIONS AND REGISTRATIONS'),(7,'Educational Materials'),(6,'Food & Catering'),(15,'JANITORY'),(13,'LOANS'),(3,'Maintenance'),(10,'MISCELLANEOUS'),(2,'Office Supplies'),(16,'SSNIT'),(4,'Staff Salaries'),(14,'STATIONERY'),(5,'Transportation'),(8,'UNIFORM COST'),(1,'Utilities');
/*!40000 ALTER TABLE `expense_categories` ENABLE KEYS */;
UNLOCK TABLES;

--
-- Table structure for table `expenses`
--

DROP TABLE IF EXISTS `expenses`;
/*!40101 SET @saved_cs_client     = @@character_set_client */;
/*!40101 SET character_set_client = utf8 */;
CREATE TABLE `expenses` (
  `id` int NOT NULL AUTO_INCREMENT,
  `category_id` int DEFAULT NULL,
  `amount` decimal(10,2) NOT NULL,
  `expense_date` date NOT NULL,
  `description` text CHARACTER SET utf8mb4 COLLATE utf8mb4_unicode_ci,
  `semester` varchar(50) CHARACTER SET utf8mb4 COLLATE utf8mb4_unicode_ci DEFAULT NULL,
  `academic_year` varchar(9) CHARACTER SET utf8mb4 COLLATE utf8mb4_unicode_ci DEFAULT NULL,
  PRIMARY KEY (`id`)
) ENGINE=InnoDB AUTO_INCREMENT=547 DEFAULT CHARSET=utf8mb4 COLLATE=utf8mb4_unicode_ci;
/*!40101 SET character_set_client = @saved_cs_client */;

--
-- Dumping data for table `expenses`
--

LOCK TABLES `expenses` WRITE;
/*!40000 ALTER TABLE `expenses` DISABLE KEYS */;
INSERT INTO `expenses` VALUES (1,6,250.00,'2025-10-02','Cost of 5kg of chicken','First Semester',NULL),(2,4,20400.00,'2025-10-29','Staff salaries for October','First Semester',NULL),(3,6,945.00,'2025-10-03','Cost of monthly food items','First Semester',NULL),(4,3,100.00,'2025-10-03','Cost of light bulbs','First Semester',NULL),(5,8,350.00,'2025-10-03','Cost of uniforms sown','First Semester',NULL),(6,9,100.00,'2025-10-06','Books','First Semester',NULL),(7,1,250.00,'2025-10-05','Cost of Electricity','First Semester',NULL),(8,3,100.00,'2025-10-05','Cost of disposing trash','First Semester',NULL),(9,3,300.00,'2025-10-08','Cost of leauver blades amd ceiling joint for work on the cr??che windows','First Semester',NULL),(10,10,20.00,'2025-10-08','Amount given to the cleaner as transportation by Dr Bermudez','First Semester',NULL),(11,3,520.00,'2025-10-08','Cost of relocating sink to accommodate the new gas stove','First Semester',NULL),(12,3,1860.00,'2025-09-03','Plywood and nails','First Semester',NULL),(13,3,250.00,'2025-09-04','Deluxe, thinner, roller, brush','First Semester',NULL),(14,7,500.00,'2025-09-23','Refill ink, marker','First Semester',NULL),(15,3,120.00,'2025-10-07','Gas tube','First Semester',NULL),(16,2,1390.00,'2025-10-07','System unit core, wired keyboard, wired mouse, Bluetooth dongle','First Semester',NULL),(17,7,1000.00,'2025-09-10','Laminated board','First Semester',NULL),(18,3,100.00,'2025-09-03','Bulbs','First Semester',NULL),(19,2,75.00,'2025-09-18','Drugs','First Semester',NULL),(20,2,130.00,'2025-09-15','Drugs','First Semester',NULL),(21,11,3000.00,'2025-10-01','Books supplied','First Semester',NULL),(22,11,3000.00,'2025-09-10','part payment made  to annointed publications for preschool books supplies','First Semester',NULL),(23,11,2000.00,'2025-09-15','Books supplied','First Semester',NULL),(24,11,1692.00,'2025-09-02','Part payment made to riverside publications for preschool books','First Semester',NULL),(25,7,323.00,'2025-09-06','Pens, registers, dusters, staplers, staple pins','First Semester',NULL),(26,11,3754.70,'2025-09-05','Books','First Semester',NULL),(27,3,250.00,'2025-09-09','Broom sticks, mop bucket','First Semester',NULL),(28,6,640.00,'2025-09-03','Rice','First Semester',NULL),(29,2,40.00,'2025-09-03','Balloon','First Semester',NULL),(30,2,63.00,'2025-09-03','Printing','First Semester',NULL),(31,3,30.00,'2025-09-09','Plugs, tester,','First Semester',NULL),(32,3,30.00,'2025-10-06','Dustbin bags','First Semester',NULL),(33,7,200.00,'2025-10-09','Cost of Note 1 (5) and Note 3 (25)','First Semester',NULL),(34,8,1000.00,'2025-09-04','Amount paid to Mr. Glover for balance of uniforms produce','First Semester',NULL),(35,8,1410.00,'2025-09-04','Cost of producing 20 PE uniform and alterations on 10 extra once','First Semester',NULL),(36,8,1000.00,'2025-09-04','Part payment for Basic one and  new admission uniform sewn by Anutie Adjoa BA( Otua)','First Semester',NULL),(37,3,600.00,'2025-09-08','Payment to Mr. Asamoah, electrician, for a wiring work on the last floor','First Semester',NULL),(38,3,500.00,'2025-09-08','Payment made to Mr. Sammy Mason as part payment of constructing the classroom block','First Semester',NULL),(39,3,300.00,'2025-09-08','Payment to the carpenter Joe , for work done','First Semester',NULL),(40,12,500.00,'2025-10-09','Cost of renewing DAY CARE Certificate','First Semester',NULL),(41,6,5842.00,'2025-10-09','Cost of 5 bags of rice,tomaot paste, 2 gallons of oil, maggie','First Semester',NULL),(42,13,3000.00,'2025-10-09','Amount given to Ms Emmanuella as a loan for her rent.','First Semester',NULL),(43,10,150.00,'2025-10-10','Cost of medication for the cook','First Semester',NULL),(44,3,1430.00,'2025-10-13','Cost of 15 bags of cement with transportation','First Semester',NULL),(45,6,190.00,'2025-10-13','Cost of corn dough, fresh tomatoe, wooden spatular','First Semester',NULL),(46,6,200.00,'2025-10-13','Cost of Beans, Vegetables, fish and waakye leaves','First Semester',NULL),(47,6,250.00,'2025-10-13','Chicken -5kg','First Semester',NULL),(48,5,30.00,'2025-10-13','Cost of transporting food items','First Semester',NULL),(49,6,250.00,'2025-10-14','Chicken','First Semester',NULL),(50,10,80.00,'2025-10-14','Disposal of refuse','First Semester',NULL),(51,5,30.00,'2025-10-14','Transportation for food items','First Semester',NULL),(52,14,90.00,'2025-10-13','Exercise book for new admitted student as part of the discount bill','First Semester',NULL),(53,6,630.00,'2025-10-12','Bag of Rice','First Semester',NULL),(54,5,30.00,'2025-10-12','Transportation for bag of Rice','First Semester',NULL),(55,6,240.00,'2025-09-08','Chicken cost','First Semester',NULL),(56,6,250.00,'2025-09-08','Corn dough,Fresh tomatoes,Groundnut paste','First Semester',NULL),(57,6,250.00,'2025-10-09','Chicken cost','First Semester',NULL),(58,6,90.00,'2025-09-10','Egg and vegetables','First Semester',NULL),(59,6,630.00,'2025-09-10','Beans, Plantain,Red oil,Transport for food supplies','First Semester',NULL),(60,6,147.00,'2025-09-11','Groundnut paste, Tomato paste,Fresh tomatoes','First Semester',NULL),(61,6,250.00,'2025-09-15','Chicken cost','First Semester',NULL),(62,6,250.00,'2025-09-15','Corn dough,Fresh tomatoes, Groundnut paste','First Semester',NULL),(63,6,250.00,'2025-09-16','Chicken cost','First Semester',NULL),(64,6,90.00,'2025-09-17','Vegetables and egg','First Semester',NULL),(65,6,630.00,'2025-09-17','Beans, plantain,Red oil, Transportation for food items','First Semester',NULL),(66,6,147.00,'2025-09-18','Groundnut paste, Tomato paste,Fresh tomatoes','First Semester',NULL),(67,6,250.00,'2025-09-22','Chicken cost','First Semester',NULL),(68,6,250.00,'2025-09-22','Corn dough,fresh tomatoes, Groundnut paste','First Semester',NULL),(69,6,250.00,'2025-09-23','Chicken cost','First Semester',NULL),(70,6,90.00,'2025-09-24','Egg and vegetables','First Semester',NULL),(71,6,630.00,'2025-09-24','Beans, plantain,Red oil, Transportation for food items','First Semester',NULL),(72,6,147.00,'2025-09-25','Groundnut paste, tomato paste,Fresh tomatoes','First Semester',NULL),(73,6,250.00,'2025-09-29','Chicken cost','First Semester',NULL),(74,6,250.00,'2025-09-29','Corn dough,fresh tomatoes, Groundnut paste','First Semester',NULL),(75,6,250.00,'2025-09-30','Chicken cost','First Semester',NULL),(76,6,90.00,'2025-10-01','Egg and vegetables','First Semester',NULL),(77,6,630.00,'2025-10-01','Beans, plantain,Red oil, transportation for food items','First Semester',NULL),(78,6,147.00,'2025-10-02','Groundnut paste, tomato paste, fresh tomatoes','First Semester',NULL),(79,6,250.00,'2025-10-06','Chicken costr','First Semester',NULL),(80,6,250.00,'2025-10-06','Corn dough, fresh tomatoes, Groundnut paste','First Semester',NULL),(81,6,250.00,'2025-10-07','Chicken cost','First Semester',NULL),(82,6,90.00,'2025-10-08','Egg and vegetables','First Semester',NULL),(83,6,630.00,'2025-10-08','Beans, plantain,Red oil, transportation fee for food','First Semester',NULL),(84,6,147.00,'2025-10-09','Groundnut paste, Tomato paste,Fresh tomatoes','First Semester',NULL),(85,6,250.00,'2025-10-14','Chicken cost','First Semester',NULL),(86,5,30.00,'2025-10-14','Transportation for food items','First Semester',NULL),(87,5,20.00,'2025-09-03','Transportation for Abeiku','First Semester',NULL),(88,15,110.00,'2025-09-04','Mop for Madam Sallah','First Semester',NULL),(89,3,790.00,'2025-09-08','Partition by Carpenter and workmanship','First Semester',NULL),(90,3,690.00,'2025-09-09','Cost of.making short doors plus carpenter\'s workmanship','First Semester',NULL),(91,3,520.00,'2025-10-08','Cost of relocating sink to accommodate the new gas stove','First Semester',NULL),(92,4,500.00,'2025-09-16','Extra classes for Teachers','First Semester',NULL),(93,10,50.00,'2025-09-19','Doctor Bermudez for official','First Semester',NULL),(94,3,650.00,'2025-09-19','Mr.Felix (Tiler ) by Doctor Bermudez','First Semester',NULL),(95,4,500.00,'2025-09-19','Classes for Teachers','First Semester',NULL),(96,6,150.00,'2025-09-19','Popcorn ????','First Semester',NULL),(97,4,110.00,'2025-10-28','Amount given to Ms Emmanuella as September salary amd 100 cedis for transportation to hospital','First Semester',NULL),(98,11,4000.00,'2025-10-14','Part payment for York series','First Semester',NULL),(99,14,200.00,'2025-10-14','Cost of notebooks for the teachers and replacing Klenams lost books','First Semester',NULL),(100,3,2000.00,'2025-10-13','Part payment for Tiling work','First Semester',NULL),(101,3,1500.00,'2025-09-19','Final Payment made to Mr Sammy mason for construction work done','First Semester',NULL),(102,6,95.00,'2025-10-15','Eggs and vegetables','First Semester',NULL),(103,6,790.00,'2025-10-15','Cost of 2 buckets of groundnut paste with transportation','First Semester',NULL),(104,15,800.00,'2025-10-13','Cost of 11 gallons of liquid soap and 5 bleach','First Semester',NULL),(105,2,600.00,'2025-10-03','Cost of 20 receipt books','First Semester',NULL),(106,8,4545.00,'2025-08-04','Student lacost -81, teachers lacost-20',NULL,NULL),(107,10,1000.00,'2025-10-15','Part payment for graduation pictures  to Sir Jerry','First Semester',NULL),(108,6,180.00,'2025-10-16','Sausage for waakye','First Semester',NULL),(109,5,30.00,'2025-10-16','Transportation for food items','First Semester',NULL),(110,6,250.00,'2025-09-12','Chicken cost','First Semester',NULL),(111,6,10.00,'2025-09-12','Fresh tomatoes for soup','First Semester',NULL),(112,6,250.00,'2025-09-19','Chicken cost','First Semester',NULL),(113,6,10.00,'2025-09-19','Fresh tomatoes','First Semester',NULL),(114,6,250.00,'2025-09-26','Chicken cost','First Semester',NULL),(115,6,10.00,'2025-09-26','Fresh tomatoes','First Semester',NULL),(116,6,250.00,'2025-10-03','Chicken cost','First Semester',NULL),(117,6,10.00,'2025-10-03','Fresh tomatoes cost','First Semester',NULL),(118,6,250.00,'2025-10-10','Chicken cost','First Semester',NULL),(119,6,10.00,'2025-10-10','Fresh tomatoes cost','First Semester',NULL),(120,6,250.00,'2025-10-17','Chicken cost','First Semester',NULL),(121,6,10.00,'2025-10-17','Fresh tomatoes cost','First Semester',NULL),(122,3,574.00,'2025-10-16','Cement 32.5R','First Semester',NULL),(123,5,100.00,'2025-10-16','Transportation for cement','First Semester',NULL),(124,6,620.00,'2025-10-17','Creed rice 50 Kg','First Semester',NULL),(125,6,250.00,'2025-10-20','Chicken cost','First Semester',NULL),(126,3,278.00,'2025-10-20','LPG-19kg','First Semester',NULL),(127,6,560.00,'2025-10-20','Oil for cooking','First Semester',NULL),(128,3,17.50,'2025-10-20','PVC chips','First Semester',NULL),(129,6,150.00,'2025-10-20','Corn dough and fresh tomatoes','First Semester',NULL),(130,6,250.00,'2025-10-21','Chicken cost','First Semester',NULL),(131,10,70.00,'2025-10-20','Refuse (bola)','First Semester',NULL),(132,10,50.00,'2025-10-20','Screws','First Semester',NULL),(133,5,30.00,'2025-10-21','Transportation for food items','First Semester',NULL),(134,6,160.00,'2025-10-21','Four packs of bottled water','First Semester',NULL),(135,6,90.00,'2025-10-22','crate of eggs','First Semester',NULL),(136,8,100.00,'2025-10-21','Uniform','First Semester',NULL),(137,2,50.00,'2025-10-22','Medication for Jerry','First Semester',NULL),(138,3,60.00,'2025-10-22','Cost of fixing the sink tube','First Semester',NULL),(139,10,650.00,'2025-09-18','Amount sent to Felix ,Tiler ordered by Dr Bermudez','First Semester',NULL),(140,10,1500.00,'2025-09-04','Amount given to the mason for a work done at Gbawe ordered by Sr Bermudez','First Semester',NULL),(141,6,990.00,'2025-09-04','Monthly expenditure on food items','First Semester',NULL),(142,6,950.00,'2025-10-03','Monthly expenditure on food items','First Semester',NULL),(143,3,1000.00,'2025-10-22','Part payment as workman???s for the tiling work in the conference room','First Semester',NULL),(144,3,3500.00,'2025-09-30','Cost of Gas cylinder, burner and cooking pot','First Semester',NULL),(145,6,145.00,'2025-10-22','Cost of Beans and waakye leaves','First Semester',NULL),(146,5,30.00,'2025-10-23','Transportation for food items','First Semester',NULL),(147,6,200.00,'2025-10-23','10 pack of Sausage','First Semester',NULL),(148,4,200.00,'2025-10-24','Amount given to Asempa as pocket money','First Semester',NULL),(149,4,100.00,'2025-10-17','Amount given to Asempa as pocket money','First Semester',NULL),(150,12,600.00,'2025-10-27','Renewal is NASIA license','First Semester',NULL),(151,3,1350.00,'2025-10-27','Cost of 3 fans','First Semester',NULL),(152,3,600.00,'2025-10-27','Cost of maintenance on the pick up','First Semester',NULL),(153,6,250.00,'2025-10-27','Cost of 5kg chicken','First Semester',NULL),(154,6,150.00,'2025-10-27','Cost of corn dough and and fresh tomatoes','First Semester',NULL),(155,4,200.00,'2025-10-07','Amount given to Sir Asempa as pocket money','First Semester',NULL),(156,6,650.00,'2025-10-26','Cost of Rice with transportation','First Semester',NULL),(157,3,500.00,'2025-11-02','Payment for tilling the kitchen wall','First Semester',NULL),(158,14,28.00,'2025-11-04','Cost of printing CAT2','First Semester',NULL),(159,2,5.00,'2025-11-04','Cost of printing Nss letter','First Semester',NULL),(160,5,600.00,'2025-11-04','Cost of fuel for the pick up car','First Semester',NULL),(161,10,200.00,'2025-09-14','Amount sent to Janet Essuman ordered by Dr for the grand daughter','First Semester',NULL),(162,8,500.00,'2025-11-05','Part payment new uniforms sown','First Semester',NULL),(163,6,175.00,'2025-11-05','Beans and waakye leaves','First Semester',NULL),(164,4,1200.00,'2025-10-03','Me Boaky???s send off money','First Semester',NULL),(165,16,729.00,'2025-09-17','SNNIT contribution','First Semester',NULL),(166,16,729.00,'2025-11-06','SSNIT contribution','First Semester',NULL),(167,16,729.00,'2025-11-06','September SSNIT contribution','First Semester',NULL),(168,14,115.00,'2025-11-06','Cost of printing CAT2 second set of question and fruit day pictures','First Semester',NULL),(169,10,600.00,'2025-11-06','Amount sent to Dr Bermudez for official use','First Semester',NULL),(170,6,15.00,'2025-11-06','Cost of spices and salt','First Semester',NULL),(171,6,180.00,'2025-11-06','Cost of sausage','First Semester',NULL),(172,3,300.00,'2025-11-02','Filling of Gas with transportation','First Semester',NULL),(173,9,2000.00,'2025-11-06','Abacus payment','First Semester',NULL),(174,6,650.00,'2025-11-03','Cost of rice','First Semester',NULL),(175,6,250.00,'2025-11-03','Cost of chicken','First Semester',NULL),(176,6,250.00,'2025-11-04','Cost of chicken','First Semester',NULL),(177,6,30.00,'2025-11-04','Cost of transportation for cook','First Semester',NULL),(178,6,30.00,'2025-11-04','Cost of transportation for cook','First Semester',NULL),(179,6,180.00,'2025-11-06','Cost of sausage','First Semester',NULL),(180,11,2000.00,'2025-11-06','Riverside books','First Semester',NULL),(181,6,90.00,'2025-11-05','Cost of Living Egg and spices','First Semester',NULL),(182,14,56.00,'2025-11-07','Cost of printing art work for KG2','First Semester',NULL),(183,6,250.00,'2025-11-11','5 kg of chicken','First Semester',NULL),(184,6,38.00,'2025-11-11','Cost of a sachet of tomato paste','First Semester',NULL),(185,6,980.00,'2025-11-12','Cost of foodstuff during the month of November','First Semester',NULL),(186,6,90.00,'2025-11-12','','First Semester',NULL),(187,6,37.00,'2025-11-12','Tomato paste','First Semester',NULL),(188,5,30.00,'2025-11-12','Transportation','First Semester',NULL),(189,6,1124.00,'2025-11-10','Foodstuff (rice ,oil and chicken)','First Semester',NULL),(190,15,20.00,'2025-11-13','Cost of washing','First Semester',NULL),(191,6,180.00,'2025-11-13','Cost of sausages','First Semester',NULL),(192,6,30.00,'2025-11-13','Cost of transportation for cook','First Semester',NULL),(193,6,10.00,'2025-11-13','Cost of fish powder','First Semester',NULL),(194,6,37.00,'2025-11-13','Cost of sachet of tomato paste','First Semester',NULL),(195,6,250.00,'2025-11-14','Cost of chicken','First Semester',NULL),(196,6,37.00,'2025-11-14','Cost of sachet of tomato paste','First Semester',NULL),(197,6,10.00,'2025-11-14','Cost of fresh tomatoes','First Semester',NULL),(198,2,550.00,'2025-11-14','Domain for Salba','First Semester',NULL),(199,3,500.00,'2025-11-13','Amount sent to Mr David( Plubmer) for a work done at Gbawe','First Semester',NULL),(200,3,300.00,'2025-11-14','Cost of filling the gas cylinder','First Semester',NULL),(201,4,18200.00,'2025-11-27','Staff Salaries for October 2025','First Semester',NULL),(202,3,35.00,'2025-11-14','Cost of  a hoe','First Semester',NULL),(203,7,500.00,'2025-10-09','Ink and markers','First Semester',NULL),(204,6,350.00,'2025-11-17','Cost of box of tomato paste','First Semester',NULL),(205,15,100.00,'2025-11-17','Cost of 2 standing brooms','First Semester',NULL),(206,6,250.00,'2025-11-17','Cost of chicken','First Semester',NULL),(207,15,30.00,'2025-11-17','Cost of waste disposal','First Semester',NULL),(208,3,250.00,'2025-11-18','Cost of materials and workmanship for plumber','First Semester',NULL),(209,6,250.00,'2025-11-18','Cost for chicken','First Semester',NULL),(210,6,30.00,'2025-11-18','Cost of transportation for cook','First Semester',NULL),(211,7,192.00,'2025-11-18','Cost for push pins, correction pen, pen tonic, pen, laminating films','First Semester',NULL),(212,10,100.00,'2025-10-10','Payment to Dr Bermudez for official use','First Semester',NULL),(213,10,500.00,'2025-10-13','Payment to Dr Bermudez for official use','First Semester',NULL),(214,6,90.00,'2025-11-19','Cost of egg, and vegetables','First Semester',NULL),(215,6,630.00,'2025-11-19','45 kg rice','First Semester',NULL),(216,6,250.00,'2025-11-24','Cost of chicken','First Semester',NULL),(217,15,50.00,'2025-11-24','Cost for disposal of waste','First Semester',NULL),(218,3,100.00,'2025-11-24','Cost of workmanship for repair of electrical fault','First Semester',NULL),(219,1,300.00,'2025-11-25','Cost of LPG for the kitchen','First Semester',NULL),(220,10,800.00,'2025-11-25','Sent to Pastor Benjamin Ordered by Dr Bermudez','First Semester',NULL),(221,15,170.00,'2025-11-25','7 packs of toiletries','First Semester',NULL),(222,6,10.00,'2025-11-25','Cost of fresh tomatoes','First Semester',NULL),(223,6,250.00,'2025-11-25','Cost of chicken','First Semester',NULL),(224,6,30.00,'2025-11-25','Cost of transportation for cook','First Semester',NULL),(225,6,140.00,'2025-11-25','Cost of ingredients for banku','First Semester',NULL),(226,6,90.00,'2025-11-26','Cost of crate of eggs','First Semester',NULL),(227,6,145.00,'2025-11-26','Cost of foodstuffs for waakye','First Semester',NULL),(228,3,100.00,'2025-11-29','Cost of fixing fan','First Semester',NULL),(229,5,100.00,'2025-11-29','Fuel for the pick up car','First Semester',NULL),(230,2,50.00,'2025-11-28','Cost of pendrive','First Semester',NULL),(231,14,40.00,'2025-11-28','Cost of printing CAT 3 exams','First Semester',NULL),(232,11,1000.00,'2025-12-02','Fun Series','First Semester',NULL),(233,11,2000.00,'2025-12-02','York series','First Semester',NULL),(234,11,2000.00,'2025-11-21','NAKY pub. Creative Arts','First Semester',NULL),(235,6,114.00,'2025-12-02','Cost of 2 creates of egg','First Semester',NULL),(236,11,20.00,'2025-12-02','Cost of groundnut paste','First Semester',NULL),(237,5,30.00,'2025-12-02','Cost of transportation for food items','First Semester',NULL),(238,11,151.00,'2025-12-02','Cost of corn Dough and tomatoe','First Semester',NULL),(239,6,30.00,'2025-11-27','Cost of transportation for foodstuffs','First Semester',NULL),(240,6,190.00,'2025-11-27','Cost of sausages and fish powder','First Semester',NULL),(241,6,650.00,'2025-11-27','Cost of bag of rice','First Semester',NULL),(242,6,260.00,'2025-11-28','Cost of chicken and fresh tomatoes','First Semester',NULL),(243,15,13.00,'2025-11-28','Cost of washing powder','First Semester',NULL),(244,2,50.00,'2025-11-28','Cost of stamp','First Semester',NULL),(245,6,250.00,'2025-12-01','Cost of chicken','First Semester',NULL),(246,6,620.00,'2025-12-04','Cost of bag of rice','First Semester',NULL),(247,6,250.00,'2025-12-08','Cost of chicken','First Semester',NULL),(249,7,100.00,'2025-12-08','Cost of printing extra exam papers','First Semester',NULL),(250,6,250.00,'2025-12-08','Cost of groundnut paste, cassava and corn dough and fresh tomatoes','First Semester',NULL),(251,3,3000.00,'2025-12-08','Cost of pulling toilet at Gbawe','First Semester',NULL),(252,4,1000.00,'2025-12-11','Part payment to Mr. Henry Tetteh as salary for November','First Semester',NULL),(253,14,760.00,'2025-12-08','Cost of exams questions from best brain','First Semester',NULL),(254,6,280.00,'2025-12-09','Cost of chicken and transportation for cook','First Semester',NULL),(255,15,35.00,'2025-12-09','Cost of disposal of waste','First Semester',NULL),(256,6,20.00,'2025-12-10','Cost of fish powder and vegetables','First Semester',NULL),(257,3,50.00,'2025-12-10','Cost of hammer and wall nails','First Semester',NULL),(258,6,145.00,'2025-12-10','Cost of beans and waakye leaves','First Semester',NULL),(259,6,200.00,'2025-12-11','Cost of sausages, fish powder and salt','First Semester',NULL),(260,6,30.00,'2025-12-11','Cost of transportation for cook','First Semester',NULL),(261,6,260.00,'2025-12-12','Cost of chicken and fresh tomatoes','First Semester',NULL),(262,6,20.00,'2025-12-12','Cost of washing powder','First Semester',NULL),(263,6,250.00,'2025-12-15','Cost of chicken','First Semester',NULL),(264,5,30.00,'2025-12-15','Cost of transportation for printing exam questions','First Semester',NULL),(265,6,228.00,'2025-12-15','Cost of 4 crates of eggs','First Semester',NULL),(266,6,230.00,'2025-12-15','Cost of oil and transportation','First Semester',NULL),(267,6,250.00,'2025-12-15','Cost of corn dough ,groundnut paste and fresh tomatoes','First Semester',NULL),(268,9,1000.00,'2025-12-10','Part payment','First Semester',NULL),(269,7,120.00,'2025-12-16','Cost of 3 packs of brown envelopes','First Semester',NULL),(270,6,313.00,'2025-12-16','Cost of chicken, onions, salt, seasoning, washing powder and transportation','First Semester',NULL),(271,3,100.00,'2025-12-20','Cost of resolving power issues on the electricity pole','First Semester',NULL),(272,3,70.00,'2025-12-20','Cost of transportation for speaker used for the Christmas production in and out','First Semester',NULL),(273,6,1600.00,'2025-12-10','Part Payment for our day food','First Semester',NULL),(274,3,70.00,'2025-12-20','Cost of transportation for speaker used for the Christmas production in and out','First Semester',NULL),(275,6,20.00,'2026-01-12','Cost of charcoal','Second Semester','2025/2026'),(277,6,250.00,'2026-01-12','Cost of chicken','Second Semester','2025/2026'),(278,6,50.00,'2026-01-12','Tomato paste and maggi','Second Semester','2025/2026'),(279,6,265.00,'2026-01-12','Cost of groundnut paste, corn dough, onions, ginger and garlic','Second Semester','2025/2026'),(280,6,30.00,'2026-01-13','Cost of transportation for cooking items','Second Semester','2025/2026'),(281,6,335.00,'2026-01-13','Cost of chicken, charcoal, fresh tomatoes, and tomato paste','Second Semester','2025/2026'),(282,6,1120.00,'2026-01-12','Cost of bag of rice and a gallon of oil','Second Semester','2025/2026'),(283,6,570.00,'2026-01-12','Cost of refill inks and markers','Second Semester','2025/2026'),(285,6,30.00,'2026-01-12','Onions, ginger, garlic and salt','Second Semester','2025/2026'),(286,6,30.00,'2026-01-14','Cost of transporting food items','Second Semester','2025/2026'),(287,6,75.00,'2026-01-14','Cost of a crate of eggs','Second Semester','2025/2026'),(288,6,15.00,'2026-01-14','Cost of vegetables for cooking','Second Semester','2025/2026'),(289,6,35.00,'2026-01-14','Cost of tomato paste','Second Semester','2025/2026'),(290,6,20.00,'2026-01-14','Cost of charcoal','Second Semester','2025/2026'),(291,6,10.00,'2026-01-14','Shrimp powder for cooking','Second Semester','2025/2026'),(292,7,50.00,'2026-01-14','Cost of printing entrance exams questions','Second Semester','2025/2026'),(293,5,600.00,'2026-01-14','Cost of fuel','Second Semester','2025/2026'),(294,10,5.00,'2026-01-13','Snacks for Raphael and Aba Yaa','Second Semester','2025/2026'),(295,6,30.00,'2026-01-15','Cost of transportation for foodstuffs','Second Semester','2025/2026'),(296,6,25.00,'2026-01-15','Cost of charcoal','Second Semester','2025/2026'),(297,15,20.00,'2026-01-15','Cost of disposal of waste','Second Semester','2025/2026'),(298,6,180.00,'2026-01-15','Sausages','Second Semester','2025/2026'),(299,6,35.00,'2026-01-15','Tomato paste','Second Semester','2025/2026'),(300,7,187.00,'2026-01-15','Printing','Second Semester','2025/2026'),(301,8,400.00,'2026-01-16','Cost of blue amd blue/black material','Second Semester','2025/2026'),(302,8,1250.00,'2026-01-16','Cost of 25 lacost','Second Semester','2025/2026'),(303,10,100.00,'2026-01-16','Cost of airtime bought for Dr. Bermudez','Second Semester','2025/2026'),(304,3,70.00,'2026-01-16','Cost of welding th gas burner and purchase of clip','Second Semester','2025/2026'),(305,6,600.00,'2026-01-13','Onions','Second Semester','2025/2026'),(309,6,100.00,'2026-01-13','Potatoes','Second Semester','2025/2026'),(310,6,100.00,'2026-01-13','Fish powder and vegetables','Second Semester','2025/2026'),(311,6,40.00,'2026-01-13','Transportation','Second Semester','2025/2026'),(312,6,200.00,'2026-01-13','Ginger','Second Semester','2025/2026'),(313,6,45.00,'2026-01-13','Garlic','Second Semester','2025/2026'),(314,6,60.00,'2026-01-13','Salt','Second Semester','2025/2026'),(315,6,130.00,'2026-01-14','Beans','Second Semester','2025/2026'),(316,6,15.00,'2026-01-14','Waakye leaves','Second Semester','2025/2026'),(317,1,300.00,'2026-01-19','Cost of Gas','Second Semester','2025/2026'),(318,9,850.00,'2026-01-19','Part payment or ABACUS','Second Semester','2025/2026'),(319,3,300.00,'2026-01-19','Cost of repairing a round table for Cr??che','Second Semester','2025/2026'),(320,6,251.00,'2026-01-19','Cost of chicken and matches','Second Semester','2025/2026'),(321,6,539.00,'2026-01-16','Cost of 140 pcs of yoghurt','Second Semester','2025/2026'),(322,6,170.00,'2026-01-19','Cost of pop corn materials','Second Semester','2025/2026'),(323,1,50.00,'2026-01-03','Cost of Electricity','Second Semester','2025/2026'),(324,1,50.00,'2026-01-01','Cost of Electricity','Second Semester','2025/2026'),(325,1,100.00,'2026-01-13','Cost of electricity','Second Semester','2025/2026'),(326,1,100.00,'2026-01-19','Cost of Electricity','Second Semester','2025/2026'),(327,3,180.00,'2026-01-19','Cost of hdmi to usb converter','Second Semester','2025/2026'),(328,3,279.99,'2026-01-19','Cost of chemical for treating the blockage in the washrooms','Second Semester','2025/2026'),(329,6,30.00,'2026-01-20','Transportation for cook','Second Semester','2025/2026'),(330,6,140.00,'2026-01-19','Corn and cassava dough','Second Semester','2025/2026'),(331,6,100.00,'2026-01-19','Groundnut paste','Second Semester','2025/2026'),(332,6,20.00,'2026-01-19','Fresh tomatoes','Second Semester','2025/2026'),(333,11,3000.00,'2026-01-19','Cost of books supplied','Second Semester','2025/2026'),(334,6,262.00,'2026-01-20','Cost of filling the gas','Second Semester','2025/2026'),(335,6,250.00,'2026-01-20','Chicken','Second Semester','2025/2026'),(336,15,30.00,'2026-01-20','Disposal of waste','Second Semester','2025/2026'),(337,6,250.00,'2026-01-16','Chicken','Second Semester','2025/2026'),(338,6,180.00,'2026-01-16','Sausages','Second Semester','2025/2026'),(339,6,55.00,'2026-01-16','Tomato paste','Second Semester','2025/2026'),(340,11,3312.00,'2026-01-19','Cost of preschool books supplied by Anointed Publications','Second Semester','2025/2026'),(341,15,350.00,'2026-01-08','Cost of brushes and mops for second term','Second Semester','2025/2026'),(342,6,20.00,'2026-01-21','Vegetables and shrimp powder','Second Semester','2025/2026'),(343,6,75.00,'2026-01-21','Crate of eggs','Second Semester','2025/2026'),(344,6,3600.00,'2026-01-17','Cost of 6 bags of rice','Second Semester','2025/2026'),(345,6,130.00,'2026-01-21','Cost of 2 cups of beans','Second Semester','2025/2026'),(346,6,260.00,'2026-01-17','Cost of 80 pieces of pepper','Second Semester','2025/2026'),(347,6,15.00,'2026-01-21','Cost of waakye leaves','Second Semester','2025/2026'),(348,6,1030.00,'2026-01-17','Cost of 2 gallons of oil','Second Semester','2025/2026'),(349,6,186.00,'2026-01-17','Cost of 6 packs of Maggi shrimp','Second Semester','2025/2026'),(350,6,852.50,'2026-01-17','Cost 31 pieces of tomato paste','Second Semester','2025/2026'),(351,6,180.00,'2026-01-22','COST OF 3 CUPS OF POP CORN MAIZE','Second Semester','2025/2026'),(352,1,100.00,'2026-01-22','Electricity','Second Semester','2025/2026'),(353,11,2000.00,'2026-01-26','Payment if Creative Arts textbooks','Second Semester','2025/2026'),(354,7,400.00,'2026-01-20','Cost of data for Mr Ezekiel amd Mr Ismael for preparing lesson plan for the school','Second Semester','2025/2026'),(355,7,100.00,'2026-01-20','Amount given to Mr Sam Francis the French teacher for books and materials bought','Second Semester','2025/2026'),(356,10,250.00,'2026-01-26','Amount sen to Dr Bermudez for use for CSSL purposes','Second Semester','2025/2026'),(357,7,500.00,'2026-01-26','Cos of educational materials bought ) measuring instruments), pens with transportation','Second Semester','2025/2026'),(358,6,10.00,'2026-01-22','Fish powder','Second Semester','2025/2026'),(359,6,250.00,'2026-01-23','Chicken','Second Semester','2025/2026'),(360,6,40.00,'2026-01-23','Charcoal','Second Semester','2025/2026'),(361,6,20.00,'2026-01-23','Fresh tomatoes','Second Semester','2025/2026'),(362,6,270.00,'2026-01-26','Chicken and charcoal','Second Semester','2025/2026'),(363,6,30.00,'2026-01-22','Transportation for cook','Second Semester','2025/2026'),(364,6,290.00,'2026-01-27','Chicken and charcoal','Second Semester','2025/2026'),(365,6,30.00,'2026-01-27','Transportation for cook','Second Semester','2025/2026'),(366,3,500.00,'2026-01-27','Servicing of printer','Second Semester','2025/2026'),(367,6,135.00,'2026-01-28','Charcoal, eggs, vegetables and fish powder','Second Semester','2025/2026'),(368,15,30.00,'2026-01-28','Waste disposal','Second Semester','2025/2026'),(369,10,2000.00,'2026-01-27','Amount sent to Dr. Bermudez for CSSL use during the security supervisor\'s accident','Second Semester','2025/2026'),(370,10,50.00,'2026-01-30','Amount sent to Dr Bermudez for official use','Second Semester','2025/2026'),(371,3,50.00,'2026-01-30','Cost of repairing Gas Stove','Second Semester','2025/2026'),(372,10,150.00,'2026-01-30','Amount sent to Joseph Atta Ababio ordered by Dr Bermudez.','Second Semester','2025/2026'),(373,10,150.00,'2026-01-30','Amount sent to Joseph Atta Ababio ordered by Dr Bermudez.','Second Semester','2025/2026'),(374,6,145.00,'2026-01-28','Beans and waakye leaves','Second Semester','2025/2026'),(375,6,40.00,'2026-01-29','Charcoal','Second Semester','2025/2026'),(376,6,10.00,'2026-01-29','Fish powder','Second Semester','2025/2026'),(377,6,5.00,'2026-01-29','Eggs','Second Semester','2025/2026'),(378,6,180.00,'2026-01-29','Sausages','Second Semester','2025/2026'),(379,6,250.00,'2026-01-30','Chicken','Second Semester','2025/2026'),(380,6,20.00,'2026-01-30','Fresh tomatoes','Second Semester','2025/2026'),(381,6,40.00,'2026-01-30','Charcoal','Second Semester','2025/2026'),(382,6,100.00,'2026-01-30','Groundnut paste','Second Semester','2025/2026'),(383,15,30.00,'2026-01-30','Disposal of waste','Second Semester','2025/2026'),(384,6,250.00,'2026-02-02','Chicken','Second Semester','2025/2026'),(385,6,240.00,'2026-02-02','Corn dough and groundnut paste','Second Semester','2025/2026'),(386,6,30.00,'2026-02-03','Transportation for cook','Second Semester','2025/2026'),(387,15,30.00,'2026-02-03','Disposal of waste','Second Semester','2025/2026'),(388,6,250.00,'2026-02-03','Chicken','Second Semester','2025/2026'),(389,6,20.00,'2026-02-03','Fresh tomatoes','Second Semester','2025/2026'),(390,6,260.00,'2026-02-03','Gas','Second Semester','2025/2026'),(391,10,10.00,'2026-02-03','Snacks for Aba yaa and Rafael','Second Semester','2025/2026'),(392,6,260.00,'2026-01-26','Corn dough, groundnut paste and fresh tomatoes','Second Semester','2025/2026'),(393,6,30.00,'2026-01-27','Transportation for cook','Second Semester','2025/2026'),(394,3,230.00,'2026-01-27','Servicing of printing machine','Second Semester','2025/2026'),(395,4,23600.00,'2026-01-30','STAFF SALARIES','Second Semester','2025/2026'),(396,8,800.00,'2026-02-02','Cost of blue/Black material','Second Semester','2025/2026'),(397,3,1000.00,'2026-02-04','Payment of charcoal bought for term','Second Semester','2025/2026'),(398,10,1000.00,'2026-02-04','Amount sent to Lawyer Sarfo ordered by Dr. Bermudez','Second Semester','2025/2026'),(399,10,100.00,'2026-02-04','Cost of credit bought for Dr. Bermudez','Second Semester','2025/2026'),(400,10,160.00,'2026-02-02','Amount given to Henry Driver as a charging fee for monies sent to Mr. . Tijani for working on a visa for the psychologist coming from Spain','Second Semester','2025/2026'),(401,11,1500.00,'2026-02-04','Payment of textbooks to RiverSide Pub','Second Semester','2025/2026'),(402,10,1860.00,'2026-02-04','Amount sent to Madam Lydia, ordered by Dr. Bermudez with momo charges','Second Semester','2025/2026'),(403,11,2000.00,'2026-02-04','Payment for textbooks by York series','Second Semester','2025/2026'),(404,10,10.00,'2026-02-03','Snacks for Aba yaa and Rafael','Second Semester','2025/2026'),(405,6,75.00,'2026-02-04','Eggs','Second Semester','2025/2026'),(406,6,30.00,'2026-02-04','Vegetables for cooking','Second Semester','2025/2026'),(407,10,10.00,'2026-02-04','Snacks for Aba yaa and Rafael','Second Semester','2025/2026'),(408,6,145.00,'2026-02-04','Beans and waakye leaves','Second Semester','2025/2026'),(409,6,30.00,'2026-02-05','Transportation for cook','Second Semester','2025/2026'),(410,6,200.00,'2026-02-05','10 packs of Sausages','Second Semester','2025/2026'),(411,6,10.00,'2026-02-05','Fish powder','Second Semester','2025/2026'),(412,15,20.00,'2026-02-05','Brooms','Second Semester','2025/2026'),(413,6,270.00,'2026-02-06','Chicken and fresh tomatoes','Second Semester','2025/2026'),(414,5,600.00,'2026-02-06','Fuel','Second Semester','2025/2026'),(415,15,35.00,'2026-02-06','T-roll','Second Semester','2025/2026'),(416,7,15.00,'2026-02-06','Lime and shaving sticks','Second Semester','2025/2026'),(417,15,30.00,'2026-02-06','Disposal of waste','Second Semester','2025/2026'),(418,6,250.00,'2026-02-09','Chicken','Second Semester','2025/2026'),(419,3,110.00,'2026-02-09','Cement','Second Semester','2025/2026'),(420,14,570.00,'2026-02-09','Inks and markers','Second Semester','2025/2026'),(421,6,140.00,'2026-02-09','Corn and cassava dough','Second Semester','2025/2026'),(422,6,120.00,'2026-02-09','Groundnut paste and fresh tomatoes','Second Semester','2025/2026'),(423,6,250.00,'2026-02-10','Chicken','Second Semester','2025/2026'),(424,6,30.00,'2026-02-10','Transportation for cook','Second Semester','2025/2026'),(425,8,540.00,'2026-02-10','Cost of sowing 10 Wednesday wear','Second Semester','2025/2026'),(426,6,100.00,'2026-02-10','Cost of 2 creates of Egg','Second Semester','2025/2026'),(427,3,100.00,'2026-02-10','Cable wire','Second Semester','2025/2026'),(428,6,30.00,'2026-02-11','Fish powder and vegetables for cooking','Second Semester','2025/2026'),(429,6,210.00,'2026-02-12','Sausages and fish powder','Second Semester','2025/2026'),(430,5,600.00,'2026-02-12','Fuel','Second Semester','2025/2026'),(431,10,10.00,'2026-02-12','Snacks for Aba yaa and Rafael','Second Semester','2025/2026'),(432,6,250.00,'2026-02-13','Chicken','Second Semester','2025/2026'),(433,6,20.00,'2026-02-13','Fresh tomatoes','Second Semester','2025/2026'),(434,15,65.00,'2026-02-13','Disposal of waste','Second Semester','2025/2026'),(435,15,70.00,'2026-02-13','T-roll','Second Semester','2025/2026'),(436,14,137.50,'2026-02-13','Hot glue gun, hot melt glue, white board, air refresher','Second Semester','2025/2026'),(437,6,250.00,'2026-02-16','Chicken','Second Semester','2025/2026'),(438,10,10.00,'2026-02-16','Snacks for Aba yaa and Rafael','Second Semester','2025/2026'),(439,6,945.00,'2026-02-16','Cost of onions, ginger, garlic, salt and transportation','Second Semester','2025/2026'),(440,6,260.00,'2026-02-16','Cost of corn dough, groundnut paste and fresh tomatoes','Second Semester','2025/2026'),(441,6,293.00,'2026-02-17','Cost of chicken, washing powder and transportation for cook','Second Semester','2025/2026'),(442,10,10.00,'2026-02-17','Food for Daniel Agyekum Hene','Second Semester','2025/2026'),(443,6,125.00,'2026-02-18','Cost of a crate of eggs, vegetables, fish powder, onions, salt and ginger','Second Semester','2025/2026'),(444,15,30.00,'2026-02-18','Disposal of waste','Second Semester','2025/2026'),(445,6,260.00,'2026-02-19','Cost of transportation for cook, onions, ginger , fish powder and sausages','Second Semester','2025/2026'),(446,6,115.00,'2026-02-18','Beans and waakye leaves','Second Semester','2025/2026'),(447,6,290.00,'2026-02-20','Chicken, onions, ginger and fresh tomatoes','Second Semester','2025/2026'),(448,6,280.00,'2026-02-23','Chicken and transportation for cook','Second Semester','2025/2026'),(449,10,10.00,'2026-02-23','Snacks for Aba yaa and Rafael','Second Semester','2025/2026'),(450,6,306.00,'2026-02-24','Chicken, fresh tomatoes, matches, eggs and transportation for cook','Second Semester','2025/2026'),(451,6,240.00,'2026-02-23','Corn dough and groundnut paste','Second Semester','2025/2026'),(452,6,250.00,'2026-02-24','Gas','Second Semester','2025/2026'),(453,5,600.00,'2026-02-23','Fuel','Second Semester','2025/2026'),(454,10,300.00,'2026-02-25','Hospital bill for Ryan Mawuena Kpormegbey','Second Semester','2025/2026'),(455,6,30.00,'2026-02-25','Fish powder and vegetables','Second Semester','2025/2026'),(456,6,120.00,'2026-02-25','Eggs','Second Semester','2025/2026'),(457,10,50.00,'2026-02-25','Drumsticks','Second Semester','2025/2026'),(458,6,13.00,'2026-02-25','Washing powder','Second Semester','2025/2026'),(459,10,100.00,'2026-02-25','Transportation to Bermudez residence','Second Semester','2025/2026'),(460,9,2000.00,'2026-02-26','COST OF ABACUS INSTRUCTION','Second Semester','2025/2026'),(461,3,450.00,'2026-02-26','COST OF 3 BAGS OF 42.5R CEMENT AND TRANSPORTATION TO BERMUDEZ RESIDENCE GBAWE FOR A WORK THERE','Second Semester','2025/2026'),(462,6,115.00,'2026-02-25','Beans and waakye leaves','Second Semester','2025/2026'),(463,6,250.00,'2026-02-26','Sausages, fish powder and transportation for cook','Second Semester','2025/2026'),(464,11,50.00,'2026-02-26','Library books','Second Semester','2025/2026'),(465,6,270.00,'2026-02-27','Chicken and fresh tomatoes','Second Semester','2025/2026'),(466,15,30.00,'2026-02-27','Disposal of waste','Second Semester','2025/2026'),(467,10,350.00,'2026-03-02','3 bags of cement ( Bermudez residence, Gbawe)','Second Semester','2025/2026'),(468,6,250.00,'2026-03-02','Chicken','Second Semester','2025/2026'),(469,8,560.00,'2026-03-02','Cost of 16 uniforms','Second Semester','2025/2026'),(470,10,10.00,'2026-03-02','Snacks for Aba yaa and Rafael','Second Semester','2025/2026'),(471,6,270.00,'2026-03-03','Chicken and fresh tomatoes','Second Semester','2025/2026'),(472,3,100.00,'2026-03-03','4 bulbs','Second Semester','2025/2026'),(473,15,25.00,'2026-03-03','Disposal of waste','Second Semester','2025/2026'),(474,6,140.00,'2026-03-03','Corn and cassava dough','Second Semester','2025/2026'),(475,6,30.00,'2026-03-03','Transportation for cook','Second Semester','2025/2026'),(476,10,30.00,'2026-03-03','Office pins','Second Semester','2025/2026'),(477,6,250.00,'2026-03-04','Sausages, fish powder and transportation for cook','Second Semester','2025/2026'),(478,3,200.00,'2026-03-04','Workmanship for tillers','Second Semester','2025/2026'),(479,4,19800.00,'2026-03-05','February 2026 Salaries','Second Semester','2025/2026'),(480,2,20.00,'2026-03-05','Bulk sms','Second Semester','2025/2026'),(481,10,539.00,'2026-03-04','Cost of 7 packs of yogurt','Second Semester','2025/2026'),(482,2,50.00,'2026-03-03','Attendance book','Second Semester','2025/2026'),(483,2,70.00,'2026-03-04','Cost of printing','Second Semester','2025/2026'),(484,6,313.00,'2026-03-09','Chicken, tomato paste and washing powder','Second Semester','2025/2026'),(485,6,140.00,'2026-03-09','Corn dough','Second Semester','2025/2026'),(486,6,270.00,'2026-03-10','Chicken and fresh tomatoes','Second Semester','2025/2026'),(487,6,35.00,'2026-03-10','Tomato paste','Second Semester','2025/2026'),(488,6,30.00,'2026-03-10','Transportation for cook','Second Semester','2025/2026'),(489,6,115.00,'2026-03-03','Beans and waakye leaves','Second Semester','2025/2026'),(490,3,320.00,'2026-03-10','Cost of fixing the basic 5 door','Second Semester','2025/2026'),(491,6,300.00,'2026-03-12','Food for ghana month celebration','Second Semester','2025/2026'),(492,6,150.00,'2026-03-12','Cost of materials for decoration for ghana month celebration','Second Semester','2025/2026'),(493,6,910.00,'2026-03-12','Two buckets of  groundnut paste with transportation','Second Semester','2025/2026'),(494,6,115.00,'2026-03-11','Crate of eggs, fish powder and vegetables','Second Semester','2025/2026'),(495,6,115.00,'2026-03-11','Beans and waakye leaves','Second Semester','2025/2026'),(496,6,225.00,'2026-03-12','Sausages, fish powder, 2 eggs','Second Semester','2025/2026'),(497,6,30.00,'2026-03-12','Transportation for cook','Second Semester','2025/2026'),(498,6,15.00,'2026-03-12','Balance for cost of eggs','Second Semester','2025/2026'),(499,6,13.00,'2026-03-12','Washing powder','Second Semester','2025/2026'),(500,15,30.00,'2026-03-12','Disposal of waste','Second Semester','2025/2026'),(501,15,160.00,'2026-03-11','Pack of t-roll','Second Semester','2025/2026'),(502,6,340.00,'2026-03-11','Box of tomato paste','Second Semester','2025/2026'),(503,6,620.00,'2026-03-11','45kg rice','Second Semester','2025/2026'),(504,10,355.00,'2026-03-10','Cost for removal of foreign body from Zion Dapaah\'s ear and transportation','Second Semester','2025/2026'),(505,6,270.00,'2026-03-13','Chicken and fresh tomatoes','Second Semester','2025/2026'),(506,5,600.00,'2026-03-13','Fuel','Second Semester','2025/2026'),(507,4,1000.00,'2026-02-27','Salary payment (Indirect) to Mr. Francis Sam - He used it to offset school fees of his wards','Second Semester','2025/2026'),(508,6,250.00,'2026-03-16','Chicken','Second Semester','2025/2026'),(509,6,140.00,'2026-03-16','Corn and cassava dough','Second Semester','2025/2026'),(510,6,300.00,'2026-03-17','Chicken, fresh tomatoes and transportation for cook','Second Semester','2025/2026'),(511,15,30.00,'2026-03-17','Disposal of waste','Second Semester','2025/2026'),(512,6,125.00,'2026-03-18','Beans and waakye leaves','Second Semester','2025/2026'),(513,6,115.00,'2026-03-18','Vegetables, fish powder and a crate of eggs','Second Semester','2025/2026'),(514,6,225.00,'2026-03-19','Sausages, fish powder and eggs','Second Semester','2025/2026'),(515,6,30.00,'2026-03-19','Transportation for cook','Second Semester','2025/2026'),(516,15,20.00,'2026-03-19','Disposal of waste','Second Semester','2025/2026'),(517,15,13.00,'2026-03-19','Washing powder','Second Semester','2025/2026'),(518,1,300.00,'2026-03-24','Cost of LPG Gas with transportation','Second Semester','2025/2026'),(519,5,600.00,'2026-03-16','Cost of fuel for the pickup','Second Semester','2025/2026'),(520,10,450.00,'2026-03-25','Cost of file court application, processing and transportation for the court of official who are sending it he court summons to Mr. Odum','Second Semester','2025/2026'),(521,3,210.00,'2026-03-26','Cost of 3 twin sockets and 10 PVC pipes for power connection in the conference room with transportation','Second Semester','2025/2026'),(522,3,300.00,'2026-03-26','Workmanship for fixing of main switch, fan , 3 sockets and 3 lamp holders with bulbs by Mr Edward','Second Semester','2025/2026'),(523,3,21.00,'2026-03-26','Cost of 3 lamp holders','Second Semester','2025/2026'),(524,10,300.00,'2026-03-26','Amount sent to Dr Bermudez for official use','Second Semester','2025/2026'),(525,3,135.00,'2026-03-26','Cost of fan regulator, 3 bulbs with transportation','Second Semester','2025/2026'),(526,6,700.00,'2026-03-24','Bag of rice','Second Semester','2025/2026'),(527,6,30.00,'2026-03-24','Transportation for cook','Second Semester','2025/2026'),(528,6,270.00,'2026-03-24','Chicken and fresh tomatoes','Second Semester','2025/2026'),(529,6,115.00,'2026-03-25','Crate of eggs, vegetables and fish powder','Second Semester','2025/2026'),(530,6,250.00,'2026-03-26','Sausages, fish powder and transportation for cook','Second Semester','2025/2026'),(531,6,15.00,'2026-03-26','Eggs and washing powder','Second Semester','2025/2026'),(532,6,275.00,'2026-03-27','Chicken, fresh tomatoes and salt','Second Semester','2025/2026'),(533,15,40.00,'2026-03-27','Disposal of waste','Second Semester','2025/2026'),(534,9,1000.00,'2026-03-27','Abacus','Second Semester','2025/2026'),(535,3,140.00,'2026-03-27','Payment for outstanding charcoal balance','Second Semester','2025/2026'),(536,6,275.00,'2026-03-27','Chicken, tomatoes and salt','Second Semester','2025/2026'),(537,15,30.00,'2026-03-27','Disposal of waste','Second Semester','2025/2026'),(538,6,250.00,'2026-03-30','Chicken','Second Semester','2025/2026'),(539,6,30.00,'2026-03-30','Transportation for buying of rice','Second Semester','2025/2026'),(540,7,140.00,'2026-03-30','A4 brown envelopes','Second Semester','2025/2026'),(541,4,21499.99,'2026-03-31','Staff salaries for March 2026','Second Semester','2025/2026'),(542,3,100.00,'2026-03-31','Electricity maintenance in the school by Mr ASAMOAH','Second Semester','2025/2026'),(543,10,400.00,'2026-04-09','Amount sent to Janet Essuman ordered bu dr Bemudez','Second Semester','2025/2026'),(544,5,30.00,'2026-03-19','Cost of motor to and from the court','Second Semester','2025/2026'),(545,6,450.00,'2026-03-05','Amount spent on the Ghana month celebration','Second Semester','2025/2026'),(546,3,400.00,'2026-03-31','Amount paid to Mr Sammy (mason) for a work done at the Bermudez apartment at Gbawe','Second Semester','2025/2026');
/*!40000 ALTER TABLE `expenses` ENABLE KEYS */;
UNLOCK TABLES;

--
-- Table structure for table `fee_amounts`
--

DROP TABLE IF EXISTS `fee_amounts`;
/*!40101 SET @saved_cs_client     = @@character_set_client */;
/*!40101 SET character_set_client = utf8 */;
CREATE TABLE `fee_amounts` (
  `id` int NOT NULL AUTO_INCREMENT,
  `fee_id` int NOT NULL,
  `class_name` varchar(50) CHARACTER SET utf8mb4 COLLATE utf8mb4_unicode_ci DEFAULT NULL,
  `category` varchar(50) CHARACTER SET utf8mb4 COLLATE utf8mb4_unicode_ci DEFAULT NULL,
  `amount` decimal(10,2) NOT NULL,
  PRIMARY KEY (`id`),
  KEY `idx_fee_class` (`fee_id`,`class_name`),
  KEY `idx_fee_category` (`fee_id`,`category`)
) ENGINE=InnoDB AUTO_INCREMENT=106 DEFAULT CHARSET=utf8mb4 COLLATE=utf8mb4_unicode_ci;
/*!40101 SET character_set_client = @saved_cs_client */;

--
-- Dumping data for table `fee_amounts`
--

LOCK TABLES `fee_amounts` WRITE;
/*!40000 ALTER TABLE `fee_amounts` DISABLE KEYS */;
INSERT INTO `fee_amounts` VALUES (1,5,'Creche',NULL,250.00),(2,5,'Nursery 1',NULL,450.00),(3,5,'Nursery 2',NULL,450.00),(4,5,'KG 1',NULL,450.00),(5,5,'KG 2',NULL,450.00),(6,5,'Basic 1',NULL,800.00),(7,5,'Basic 2',NULL,800.00),(8,5,'Basic 3',NULL,800.00),(9,5,'Basic 4',NULL,800.00),(10,5,'Basic 5',NULL,800.00),(11,5,'Basic 6',NULL,800.00),(12,5,'Basic 7',NULL,850.00),(29,1,'Creche',NULL,700.00),(30,1,'Nursery 1',NULL,700.00),(31,1,'Nursery 2',NULL,700.00),(32,1,'KG 1',NULL,700.00),(33,1,'KG 2',NULL,700.00),(34,1,'Basic 1',NULL,800.00),(35,1,'Basic 2',NULL,800.00),(36,1,'Basic 3',NULL,800.00),(37,1,'Basic 4',NULL,800.00),(38,1,'Basic 5',NULL,800.00),(39,1,'Basic 6',NULL,800.00),(40,1,'Basic 7',NULL,800.00),(41,12,NULL,NULL,0.00),(62,6,'KG 2',NULL,100.00),(63,6,'Basic 1',NULL,100.00),(64,6,'Basic 2',NULL,100.00),(65,6,'Basic 3',NULL,100.00),(66,6,'Basic 4',NULL,100.00),(67,6,'Basic 5',NULL,100.00),(68,6,'Basic 6',NULL,100.00),(69,6,'Basic 7',NULL,100.00),(70,18,'Creche',NULL,100.00),(71,18,'Nursery 1',NULL,100.00),(72,18,'Nursery 2',NULL,250.00),(73,18,'KG 1',NULL,100.00),(74,18,'KG 2',NULL,250.00),(75,18,'Basic 1',NULL,100.00),(76,18,'Basic 2',NULL,100.00),(77,18,'Basic 3',NULL,100.00),(78,18,'Basic 4',NULL,100.00),(79,18,'Basic 5',NULL,100.00),(80,18,'Basic 6',NULL,250.00),(81,18,'Basic 7',NULL,100.00),(94,2,'Creche',NULL,923.00),(95,2,'Nursery 1',NULL,923.00),(96,2,'Nursery 2',NULL,923.00),(97,2,'KG 1',NULL,1065.00),(98,2,'KG 2',NULL,1065.00),(99,2,'Basic 1',NULL,1065.00),(100,2,'Basic 2',NULL,1065.00),(101,2,'Basic 3',NULL,1065.00),(102,2,'Basic 4',NULL,1065.00),(103,2,'Basic 5',NULL,1065.00),(104,2,'Basic 6',NULL,1065.00),(105,2,'Basic 7',NULL,1065.00);
/*!40000 ALTER TABLE `fee_amounts` ENABLE KEYS */;
UNLOCK TABLES;

--
-- Table structure for table `fee_categories`
--

DROP TABLE IF EXISTS `fee_categories`;
/*!40101 SET @saved_cs_client     = @@character_set_client */;
/*!40101 SET character_set_client = utf8 */;
CREATE TABLE `fee_categories` (
  `id` int NOT NULL AUTO_INCREMENT,
  `name` varchar(100) CHARACTER SET utf8mb4 COLLATE utf8mb4_unicode_ci NOT NULL,
  `description` varchar(255) CHARACTER SET utf8mb4 COLLATE utf8mb4_unicode_ci DEFAULT NULL,
  `created_at` timestamp NULL DEFAULT CURRENT_TIMESTAMP,
  PRIMARY KEY (`id`)
) ENGINE=InnoDB DEFAULT CHARSET=utf8mb4 COLLATE=utf8mb4_unicode_ci;
/*!40101 SET character_set_client = @saved_cs_client */;

--
-- Dumping data for table `fee_categories`
--

LOCK TABLES `fee_categories` WRITE;
/*!40000 ALTER TABLE `fee_categories` DISABLE KEYS */;
/*!40000 ALTER TABLE `fee_categories` ENABLE KEYS */;
UNLOCK TABLES;

--
-- Table structure for table `fees`
--

DROP TABLE IF EXISTS `fees`;
/*!40101 SET @saved_cs_client     = @@character_set_client */;
/*!40101 SET character_set_client = utf8 */;
CREATE TABLE `fees` (
  `id` int NOT NULL AUTO_INCREMENT,
  `name` varchar(100) CHARACTER SET utf8mb4 COLLATE utf8mb4_unicode_ci NOT NULL,
  `amount` decimal(10,2) DEFAULT NULL,
  `fee_type` enum('fixed','class_based','category') CHARACTER SET utf8mb4 COLLATE utf8mb4_unicode_ci DEFAULT 'fixed',
  `description` text CHARACTER SET utf8mb4 COLLATE utf8mb4_unicode_ci,
  `created_at` timestamp NOT NULL DEFAULT CURRENT_TIMESTAMP,
  PRIMARY KEY (`id`)
) ENGINE=InnoDB AUTO_INCREMENT=20 DEFAULT CHARSET=utf8mb4 COLLATE=utf8mb4_unicode_ci;
/*!40101 SET character_set_client = @saved_cs_client */;

--
-- Dumping data for table `fees`
--

LOCK TABLES `fees` WRITE;
/*!40000 ALTER TABLE `fees` DISABLE KEYS */;
INSERT INTO `fees` VALUES (1,'TUITION FEE',0.00,'class_based','Termly tuition fees','2025-10-01 16:59:28'),(2,'Feeding Fee',0.00,'class_based','Daily feeding charges','2025-10-01 16:59:28'),(3,'ADMISSION FEE',2000.00,'fixed','One-time registration fee','2025-10-01 16:59:28'),(4,'REGULAR UNIFORM',150.00,'fixed','School uniform charges','2025-10-01 16:59:28'),(5,'TEXTBOOKS',0.00,'class_based','Textbooks and materials','2025-10-01 16:59:28'),(6,'ABACUS',0.00,'class_based','','2025-10-01 18:17:36'),(7,'ABACUS ( REGISTRATION , MATERIALS AND TRAINING)',250.00,'fixed','','2025-10-01 18:18:46'),(8,'Examination Fee',30.00,'fixed','','2025-10-01 18:19:57'),(9,'VACATION PARTY',30.00,'fixed','','2025-10-01 18:20:22'),(10,'CUSTOMIZED UNIFORM ( SCHOOL  PRINT)',250.00,'fixed','','2025-10-01 18:21:17'),(11,'TOILETERIES',70.00,'fixed','','2025-10-01 18:22:28'),(12,'ARREARS',0.00,'fixed','','2025-10-01 18:23:53'),(13,'SPORTS WEAR',100.00,'fixed','Attire for PE','2025-10-04 19:28:19'),(14,'LACOST',80.00,'fixed','','2025-10-04 19:28:52'),(15,'Outstanding Balance',0.00,'fixed','Auto-created for outstanding balance carry forward','2025-12-23 20:56:18'),(16,'SKAI ABACUS',NULL,'class_based','','2025-12-24 11:06:05'),(17,'Computer Fee',NULL,'class_based','','2025-12-24 11:09:37'),(18,'GRADUATION',NULL,'class_based','','2026-04-02 11:44:34'),(19,'EXCURSION',100.00,'fixed','','2026-04-06 14:55:26');
/*!40000 ALTER TABLE `fees` ENABLE KEYS */;
UNLOCK TABLES;

--
-- Table structure for table `grades`
--

DROP TABLE IF EXISTS `grades`;
/*!40101 SET @saved_cs_client     = @@character_set_client */;
/*!40101 SET character_set_client = utf8 */;
CREATE TABLE `grades` (
  `id` int NOT NULL AUTO_INCREMENT,
  `student_id` int NOT NULL,
  `class_id` int DEFAULT NULL,
  `class_name` varchar(100) DEFAULT NULL,
  `subject` varchar(100) NOT NULL,
  `subject_id` int DEFAULT NULL,
  `marks` decimal(5,2) NOT NULL,
  `out_of` int DEFAULT '100',
  `semester` varchar(50) DEFAULT NULL,
  `year` varchar(10) DEFAULT NULL,
  `assessment_type` varchar(50) DEFAULT NULL,
  `cat_month` int DEFAULT NULL,
  `comments` text,
  `entered_by` int DEFAULT NULL,
  `created_at` timestamp NULL DEFAULT CURRENT_TIMESTAMP,
  `updated_at` timestamp NULL DEFAULT CURRENT_TIMESTAMP ON UPDATE CURRENT_TIMESTAMP,
  PRIMARY KEY (`id`),
  KEY `idx_student` (`student_id`),
  KEY `idx_class` (`class_id`),
  KEY `idx_term` (`semester`),
  KEY `idx_subject` (`subject`),
  KEY `idx_subject_id` (`subject_id`)
) ENGINE=InnoDB AUTO_INCREMENT=102 DEFAULT CHARSET=utf8mb4 COLLATE=utf8mb4_0900_ai_ci;
/*!40101 SET character_set_client = @saved_cs_client */;

--
-- Dumping data for table `grades`
--

LOCK TABLES `grades` WRITE;
/*!40000 ALTER TABLE `grades` DISABLE KEYS */;
INSERT INTO `grades` VALUES (1,23,NULL,'Basic 1','COMPUTING',NULL,0.00,30,'Third Semesters','2025/2026','CAT 1',NULL,'',NULL,'2026-04-14 02:23:20','2026-04-16 01:28:46'),(2,60,NULL,'Basic 1','COMPUTING',NULL,0.00,30,'Third Semesters','2025/2026','CAT 1',NULL,'',NULL,'2026-04-14 02:23:20','2026-04-16 01:28:46'),(3,13,NULL,'Basic 1','COMPUTING',NULL,0.00,30,'Third Semesters','2025/2026','CAT 1',NULL,'',NULL,'2026-04-14 02:23:20','2026-04-16 01:28:46'),(4,89,NULL,'Basic 1','COMPUTING',NULL,0.00,30,'Third Semesters','2025/2026','CAT 1',NULL,'',NULL,'2026-04-14 02:23:20','2026-04-16 01:28:46'),(5,81,NULL,'Basic 1','COMPUTING',NULL,0.00,30,'Third Semesters','2025/2026','CAT 1',NULL,'',NULL,'2026-04-14 02:23:20','2026-04-16 01:28:46'),(6,39,NULL,'Basic 1','COMPUTING',NULL,0.00,30,'Third Semesters','2025/2026','CAT 1',NULL,'',NULL,'2026-04-14 02:23:20','2026-04-16 01:28:46'),(7,86,NULL,'Basic 1','COMPUTING',NULL,0.00,30,'Third Semesters','2025/2026','CAT 1',NULL,'',NULL,'2026-04-14 02:23:20','2026-04-16 01:28:46'),(8,115,NULL,'Basic 1','COMPUTING',NULL,0.00,30,'Third Semesters','2025/2026','CAT 1',NULL,'',NULL,'2026-04-14 02:23:20','2026-04-16 01:28:46'),(9,77,NULL,'Basic 1','COMPUTING',NULL,0.00,30,'Third Semesters','2025/2026','CAT 1',NULL,'',NULL,'2026-04-14 02:23:20','2026-04-16 01:28:46'),(10,2,NULL,'Basic 1','COMPUTING',NULL,0.00,30,'Third Semesters','2025/2026','CAT 1',NULL,'',NULL,'2026-04-14 02:23:20','2026-04-16 01:28:46'),(11,21,NULL,'Basic 2','ABACUS',NULL,102.00,30,'Third Semesters','2025/2026','CAT 1',NULL,'',NULL,'2026-04-14 04:43:50','2026-04-16 01:28:46'),(12,113,NULL,'Basic 2','ABACUS',NULL,195.00,30,'Third Semesters','2025/2026','CAT 1',NULL,'',NULL,'2026-04-14 04:43:50','2026-04-16 01:28:46'),(13,41,NULL,'Basic 2','ABACUS',NULL,225.00,30,'Third Semesters','2025/2026','CAT 1',NULL,'',NULL,'2026-04-14 04:43:50','2026-04-16 01:28:46'),(14,15,NULL,'Basic 2','ABACUS',NULL,225.00,30,'Third Semesters','2025/2026','CAT 1',NULL,'',NULL,'2026-04-14 04:43:50','2026-04-16 01:28:46'),(15,9,NULL,'Basic 2','ABACUS',NULL,162.00,30,'Third Semesters','2025/2026','CAT 1',NULL,'',NULL,'2026-04-14 04:43:50','2026-04-16 01:28:46'),(16,51,NULL,'Basic 2','ABACUS',NULL,129.00,30,'Third Semesters','2025/2026','CAT 1',NULL,'',NULL,'2026-04-14 04:43:50','2026-04-16 01:28:46'),(17,56,NULL,'Basic 2','ABACUS',NULL,129.00,30,'Third Semesters','2025/2026','CAT 1',NULL,'',NULL,'2026-04-14 04:43:50','2026-04-16 01:28:46'),(18,101,NULL,'Basic 2','ABACUS',NULL,102.00,30,'Third Semesters','2025/2026','CAT 1',NULL,'',NULL,'2026-04-14 04:43:50','2026-04-16 01:28:46'),(19,83,NULL,'Basic 2','ABACUS',NULL,36.00,30,'Third Semesters','2025/2026','CAT 1',NULL,'',NULL,'2026-04-14 04:43:50','2026-04-16 01:28:46'),(20,24,NULL,'Basic 2','ABACUS',NULL,126.00,30,'Third Semesters','2025/2026','CAT 1',NULL,'',NULL,'2026-04-14 04:43:50','2026-04-16 01:28:46'),(21,58,NULL,'Basic 2','ABACUS',NULL,69.00,30,'Third Semesters','2025/2026','CAT 1',NULL,'',NULL,'2026-04-14 04:43:50','2026-04-16 01:28:46'),(22,21,NULL,'Basic 2','ABACUS',NULL,340.00,100,'Third Semesters','2025/2026','EXAM',NULL,'',NULL,'2026-04-14 04:44:26','2026-04-16 01:28:46'),(23,113,NULL,'Basic 2','ABACUS',NULL,560.00,100,'Third Semesters','2025/2026','EXAM',NULL,'',NULL,'2026-04-14 04:44:26','2026-04-16 01:28:46'),(24,41,NULL,'Basic 2','ABACUS',NULL,450.00,100,'Third Semesters','2025/2026','EXAM',NULL,'',NULL,'2026-04-14 04:44:26','2026-04-16 01:28:46'),(25,15,NULL,'Basic 2','ABACUS',NULL,460.00,100,'Third Semesters','2025/2026','EXAM',NULL,'',NULL,'2026-04-14 04:44:27','2026-04-16 01:28:46'),(26,9,NULL,'Basic 2','ABACUS',NULL,450.00,100,'Third Semesters','2025/2026','EXAM',NULL,'',NULL,'2026-04-14 04:44:27','2026-04-16 01:28:46'),(27,51,NULL,'Basic 2','ABACUS',NULL,660.00,100,'Third Semesters','2025/2026','EXAM',NULL,'',NULL,'2026-04-14 04:44:27','2026-04-16 01:28:46'),(28,56,NULL,'Basic 2','ABACUS',NULL,550.00,100,'Third Semesters','2025/2026','EXAM',NULL,'',NULL,'2026-04-14 04:44:27','2026-04-16 01:28:46'),(29,101,NULL,'Basic 2','ABACUS',NULL,450.00,100,'Third Semesters','2025/2026','EXAM',NULL,'',NULL,'2026-04-14 04:44:27','2026-04-16 01:28:46'),(30,83,NULL,'Basic 2','ABACUS',NULL,770.00,100,'Third Semesters','2025/2026','EXAM',NULL,'',NULL,'2026-04-14 04:44:27','2026-04-16 01:28:46'),(31,24,NULL,'Basic 2','ABACUS',NULL,440.00,100,'Third Semesters','2025/2026','EXAM',NULL,'',NULL,'2026-04-14 04:44:27','2026-04-16 01:28:46'),(32,58,NULL,'Basic 2','ABACUS',NULL,550.00,100,'Third Semesters','2025/2026','EXAM',NULL,'',NULL,'2026-04-14 04:44:27','2026-04-16 01:28:46'),(33,74,NULL,'Basic 7','COMPUTING',NULL,90.00,30,'Third Semesters','2025/2026','CAT 3',NULL,'',NULL,'2026-04-14 22:07:54','2026-04-16 01:28:46'),(34,122,NULL,'Basic 7','COMPUTING',NULL,60.00,30,'Third Semesters','2025/2026','CAT 3',NULL,'',NULL,'2026-04-14 22:07:54','2026-04-16 01:28:46'),(35,32,NULL,'Basic 7','COMPUTING',NULL,75.00,30,'Third Semesters','2025/2026','CAT 3',NULL,'',NULL,'2026-04-14 22:07:54','2026-04-16 01:28:46'),(36,74,NULL,'Basic 7','COMPUTING',NULL,750.00,100,'Third Semesters','2025/2026','EXAM',NULL,'',NULL,'2026-04-14 22:08:14','2026-04-16 01:28:46'),(37,122,NULL,'Basic 7','COMPUTING',NULL,620.00,100,'Third Semesters','2025/2026','EXAM',NULL,'',NULL,'2026-04-14 22:08:14','2026-04-16 01:28:46'),(38,32,NULL,'Basic 7','COMPUTING',NULL,670.00,100,'Third Semesters','2025/2026','EXAM',NULL,'',NULL,'2026-04-14 22:08:14','2026-04-16 01:28:46'),(39,74,NULL,'Basic 7','COMPUTING',NULL,69.00,30,'Third Semesters','2025/2026','CAT 1',NULL,'',NULL,'2026-04-14 22:08:31','2026-04-16 01:28:46'),(40,122,NULL,'Basic 7','COMPUTING',NULL,63.00,30,'Third Semesters','2025/2026','CAT 1',NULL,'',NULL,'2026-04-14 22:08:31','2026-04-16 01:28:46'),(41,32,NULL,'Basic 7','COMPUTING',NULL,66.00,30,'Third Semesters','2025/2026','CAT 1',NULL,'',NULL,'2026-04-14 22:08:31','2026-04-16 01:28:46'),(42,23,NULL,'Basic 1','COMPUTING',NULL,15.00,30,'First Semester','2025/2026','CAT 1',NULL,'',NULL,'2026-04-16 01:51:00','2026-04-16 03:42:33'),(43,60,NULL,'Basic 1','COMPUTING',NULL,30.00,30,'First Semester','2025/2026','CAT 1',NULL,'',NULL,'2026-04-16 01:51:00','2026-04-16 01:51:00'),(44,13,NULL,'Basic 1','COMPUTING',NULL,25.00,30,'First Semester','2025/2026','CAT 1',NULL,'',NULL,'2026-04-16 01:51:00','2026-04-16 01:51:00'),(45,89,NULL,'Basic 1','COMPUTING',NULL,30.00,30,'First Semester','2025/2026','CAT 1',NULL,'',NULL,'2026-04-16 01:51:00','2026-04-16 01:51:00'),(46,81,NULL,'Basic 1','COMPUTING',NULL,20.00,30,'First Semester','2025/2026','CAT 1',NULL,'',NULL,'2026-04-16 01:51:00','2026-04-16 01:51:00'),(47,39,NULL,'Basic 1','COMPUTING',NULL,11.00,30,'First Semester','2025/2026','CAT 1',NULL,'',NULL,'2026-04-16 01:51:00','2026-04-16 01:51:00'),(48,86,NULL,'Basic 1','COMPUTING',NULL,22.00,30,'First Semester','2025/2026','CAT 1',NULL,'',NULL,'2026-04-16 01:51:00','2026-04-16 01:51:00'),(49,115,NULL,'Basic 1','COMPUTING',NULL,22.00,30,'First Semester','2025/2026','CAT 1',NULL,'',NULL,'2026-04-16 01:51:00','2026-04-16 01:51:00'),(50,77,NULL,'Basic 1','COMPUTING',NULL,23.00,30,'First Semester','2025/2026','CAT 1',NULL,'',NULL,'2026-04-16 01:51:00','2026-04-16 01:51:00'),(51,2,NULL,'Basic 1','COMPUTING',NULL,21.00,30,'First Semester','2025/2026','CAT 1',NULL,'',NULL,'2026-04-16 01:51:00','2026-04-16 01:51:00'),(52,23,NULL,'Basic 1','ABACUS',NULL,0.00,30,'First Semester','2025/2026','CAT 1',NULL,'',NULL,'2026-04-16 03:22:27','2026-04-16 03:22:27'),(53,60,NULL,'Basic 1','ABACUS',NULL,0.00,30,'First Semester','2025/2026','CAT 1',NULL,'',NULL,'2026-04-16 03:22:27','2026-04-16 03:22:27'),(54,13,NULL,'Basic 1','ABACUS',NULL,0.00,30,'First Semester','2025/2026','CAT 1',NULL,'',NULL,'2026-04-16 03:22:27','2026-04-16 03:22:27'),(55,89,NULL,'Basic 1','ABACUS',NULL,0.00,30,'First Semester','2025/2026','CAT 1',NULL,'',NULL,'2026-04-16 03:22:27','2026-04-16 03:22:27'),(56,81,NULL,'Basic 1','ABACUS',NULL,0.00,30,'First Semester','2025/2026','CAT 1',NULL,'',NULL,'2026-04-16 03:22:27','2026-04-16 03:22:27'),(57,39,NULL,'Basic 1','ABACUS',NULL,0.00,30,'First Semester','2025/2026','CAT 1',NULL,'',NULL,'2026-04-16 03:22:27','2026-04-16 03:22:27'),(58,86,NULL,'Basic 1','ABACUS',NULL,0.00,30,'First Semester','2025/2026','CAT 1',NULL,'',NULL,'2026-04-16 03:22:27','2026-04-16 03:22:27'),(59,115,NULL,'Basic 1','ABACUS',NULL,0.00,30,'First Semester','2025/2026','CAT 1',NULL,'',NULL,'2026-04-16 03:22:27','2026-04-16 03:22:27'),(60,77,NULL,'Basic 1','ABACUS',NULL,0.00,30,'First Semester','2025/2026','CAT 1',NULL,'',NULL,'2026-04-16 03:22:27','2026-04-16 03:22:27'),(61,2,NULL,'Basic 1','ABACUS',NULL,0.00,30,'First Semester','2025/2026','CAT 1',NULL,'',NULL,'2026-04-16 03:22:27','2026-04-16 03:22:27'),(62,23,NULL,'Basic 1','ABACUS',NULL,0.00,40,'First Semester','2025/2026','CAT 2',NULL,'',NULL,'2026-04-16 03:32:30','2026-04-16 03:32:30'),(63,60,NULL,'Basic 1','ABACUS',NULL,0.00,40,'First Semester','2025/2026','CAT 2',NULL,'',NULL,'2026-04-16 03:32:30','2026-04-16 03:32:30'),(64,13,NULL,'Basic 1','ABACUS',NULL,0.00,40,'First Semester','2025/2026','CAT 2',NULL,'',NULL,'2026-04-16 03:32:30','2026-04-16 03:32:30'),(65,89,NULL,'Basic 1','ABACUS',NULL,0.00,40,'First Semester','2025/2026','CAT 2',NULL,'',NULL,'2026-04-16 03:32:30','2026-04-16 03:32:30'),(66,81,NULL,'Basic 1','ABACUS',NULL,0.00,40,'First Semester','2025/2026','CAT 2',NULL,'',NULL,'2026-04-16 03:32:30','2026-04-16 03:32:30'),(67,39,NULL,'Basic 1','ABACUS',NULL,0.00,40,'First Semester','2025/2026','CAT 2',NULL,'',NULL,'2026-04-16 03:32:30','2026-04-16 03:32:30'),(68,86,NULL,'Basic 1','ABACUS',NULL,0.00,40,'First Semester','2025/2026','CAT 2',NULL,'',NULL,'2026-04-16 03:32:30','2026-04-16 03:32:30'),(69,115,NULL,'Basic 1','ABACUS',NULL,0.00,40,'First Semester','2025/2026','CAT 2',NULL,'',NULL,'2026-04-16 03:32:30','2026-04-16 03:32:30'),(70,77,NULL,'Basic 1','ABACUS',NULL,0.00,40,'First Semester','2025/2026','CAT 2',NULL,'',NULL,'2026-04-16 03:32:30','2026-04-16 03:32:30'),(71,2,NULL,'Basic 1','ABACUS',NULL,20.00,40,'First Semester','2025/2026','CAT 2',NULL,'',NULL,'2026-04-16 03:32:30','2026-04-16 03:33:31'),(72,23,NULL,'Basic 1','ABACUS',NULL,0.00,30,'First Semester','2025/2026','CAT 3',NULL,'',NULL,'2026-04-16 03:33:39','2026-04-16 03:33:39'),(73,60,NULL,'Basic 1','ABACUS',NULL,0.00,30,'First Semester','2025/2026','CAT 3',NULL,'',NULL,'2026-04-16 03:33:39','2026-04-16 03:33:39'),(74,13,NULL,'Basic 1','ABACUS',NULL,0.00,30,'First Semester','2025/2026','CAT 3',NULL,'',NULL,'2026-04-16 03:33:39','2026-04-16 03:33:39'),(75,89,NULL,'Basic 1','ABACUS',NULL,0.00,30,'First Semester','2025/2026','CAT 3',NULL,'',NULL,'2026-04-16 03:33:39','2026-04-16 03:33:39'),(76,81,NULL,'Basic 1','ABACUS',NULL,0.00,30,'First Semester','2025/2026','CAT 3',NULL,'',NULL,'2026-04-16 03:33:39','2026-04-16 03:33:39'),(77,39,NULL,'Basic 1','ABACUS',NULL,0.00,30,'First Semester','2025/2026','CAT 3',NULL,'',NULL,'2026-04-16 03:33:39','2026-04-16 03:33:39'),(78,86,NULL,'Basic 1','ABACUS',NULL,0.00,30,'First Semester','2025/2026','CAT 3',NULL,'',NULL,'2026-04-16 03:33:39','2026-04-16 03:33:39'),(79,115,NULL,'Basic 1','ABACUS',NULL,0.00,30,'First Semester','2025/2026','CAT 3',NULL,'',NULL,'2026-04-16 03:33:39','2026-04-16 03:33:39'),(80,77,NULL,'Basic 1','ABACUS',NULL,0.00,30,'First Semester','2025/2026','CAT 3',NULL,'',NULL,'2026-04-16 03:33:39','2026-04-16 03:33:39'),(81,2,NULL,'Basic 1','ABACUS',NULL,22.00,30,'First Semester','2025/2026','CAT 3',NULL,'',NULL,'2026-04-16 03:33:39','2026-04-16 03:33:39'),(82,23,NULL,'Basic 1','ABACUS',NULL,0.00,100,'First Semester','2025/2026','EXAM',NULL,'',NULL,'2026-04-16 03:33:46','2026-04-16 03:33:46'),(83,60,NULL,'Basic 1','ABACUS',NULL,0.00,100,'First Semester','2025/2026','EXAM',NULL,'',NULL,'2026-04-16 03:33:46','2026-04-16 03:33:46'),(84,13,NULL,'Basic 1','ABACUS',NULL,0.00,100,'First Semester','2025/2026','EXAM',NULL,'',NULL,'2026-04-16 03:33:46','2026-04-16 03:33:46'),(85,89,NULL,'Basic 1','ABACUS',NULL,0.00,100,'First Semester','2025/2026','EXAM',NULL,'',NULL,'2026-04-16 03:33:46','2026-04-16 03:33:46'),(86,81,NULL,'Basic 1','ABACUS',NULL,0.00,100,'First Semester','2025/2026','EXAM',NULL,'',NULL,'2026-04-16 03:33:46','2026-04-16 03:33:46'),(87,39,NULL,'Basic 1','ABACUS',NULL,0.00,100,'First Semester','2025/2026','EXAM',NULL,'',NULL,'2026-04-16 03:33:46','2026-04-16 03:33:46'),(88,86,NULL,'Basic 1','ABACUS',NULL,0.00,100,'First Semester','2025/2026','EXAM',NULL,'',NULL,'2026-04-16 03:33:46','2026-04-16 03:33:46'),(89,115,NULL,'Basic 1','ABACUS',NULL,0.00,100,'First Semester','2025/2026','EXAM',NULL,'',NULL,'2026-04-16 03:33:46','2026-04-16 03:33:46'),(90,77,NULL,'Basic 1','ABACUS',NULL,0.00,100,'First Semester','2025/2026','EXAM',NULL,'',NULL,'2026-04-16 03:33:46','2026-04-16 03:33:46'),(91,2,NULL,'Basic 1','ABACUS',NULL,70.00,100,'First Semester','2025/2026','EXAM',NULL,'',NULL,'2026-04-16 03:33:46','2026-04-16 03:33:46'),(92,23,NULL,'Basic 1','COMPUTING',NULL,0.00,100,'First Semester','2025/2026','EXAM',NULL,'',NULL,'2026-04-16 03:34:20','2026-04-16 03:34:20'),(93,60,NULL,'Basic 1','COMPUTING',NULL,0.00,100,'First Semester','2025/2026','EXAM',NULL,'',NULL,'2026-04-16 03:34:20','2026-04-16 03:34:20'),(94,13,NULL,'Basic 1','COMPUTING',NULL,0.00,100,'First Semester','2025/2026','EXAM',NULL,'',NULL,'2026-04-16 03:34:20','2026-04-16 03:34:20'),(95,89,NULL,'Basic 1','COMPUTING',NULL,0.00,100,'First Semester','2025/2026','EXAM',NULL,'',NULL,'2026-04-16 03:34:20','2026-04-16 03:34:20'),(96,81,NULL,'Basic 1','COMPUTING',NULL,0.00,100,'First Semester','2025/2026','EXAM',NULL,'',NULL,'2026-04-16 03:34:20','2026-04-16 03:34:20'),(97,39,NULL,'Basic 1','COMPUTING',NULL,0.00,100,'First Semester','2025/2026','EXAM',NULL,'',NULL,'2026-04-16 03:34:20','2026-04-16 03:34:20'),(98,86,NULL,'Basic 1','COMPUTING',NULL,0.00,100,'First Semester','2025/2026','EXAM',NULL,'',NULL,'2026-04-16 03:34:20','2026-04-16 03:34:20'),(99,115,NULL,'Basic 1','COMPUTING',NULL,0.00,100,'First Semester','2025/2026','EXAM',NULL,'',NULL,'2026-04-16 03:34:20','2026-04-16 03:34:20'),(100,77,NULL,'Basic 1','COMPUTING',NULL,0.00,100,'First Semester','2025/2026','EXAM',NULL,'',NULL,'2026-04-16 03:34:20','2026-04-16 03:34:20'),(101,2,NULL,'Basic 1','COMPUTING',NULL,80.00,100,'First Semester','2025/2026','EXAM',NULL,'',NULL,'2026-04-16 03:34:20','2026-04-16 03:34:20');
/*!40000 ALTER TABLE `grades` ENABLE KEYS */;
UNLOCK TABLES;

--
-- Table structure for table `grading_scales`
--

DROP TABLE IF EXISTS `grading_scales`;
/*!40101 SET @saved_cs_client     = @@character_set_client */;
/*!40101 SET character_set_client = utf8 */;
CREATE TABLE `grading_scales` (
  `id` int NOT NULL AUTO_INCREMENT,
  `scale_name` varchar(100) NOT NULL,
  `grade` varchar(20) NOT NULL,
  `min_mark` decimal(5,2) NOT NULL DEFAULT '0.00',
  `max_mark` decimal(5,2) NOT NULL DEFAULT '100.00',
  `grade_point` decimal(4,2) NOT NULL DEFAULT '0.00',
  `is_pass` tinyint(1) NOT NULL DEFAULT '1',
  `remarks` varchar(100) DEFAULT NULL,
  `sort_order` int DEFAULT '0',
  `created_at` timestamp NOT NULL DEFAULT CURRENT_TIMESTAMP,
  PRIMARY KEY (`id`)
) ENGINE=InnoDB AUTO_INCREMENT=2 DEFAULT CHARSET=utf8mb4 COLLATE=utf8mb4_0900_ai_ci;
/*!40101 SET character_set_client = @saved_cs_client */;

--
-- Dumping data for table `grading_scales`
--

LOCK TABLES `grading_scales` WRITE;
/*!40000 ALTER TABLE `grading_scales` DISABLE KEYS */;
INSERT INTO `grading_scales` VALUES (1,'BECE','1',80.00,100.00,4.00,1,'EXCELLENT',0,'2026-04-15 17:54:45');
/*!40000 ALTER TABLE `grading_scales` ENABLE KEYS */;
UNLOCK TABLES;

--
-- Table structure for table `lesson_plans`
--

DROP TABLE IF EXISTS `lesson_plans`;
/*!40101 SET @saved_cs_client     = @@character_set_client */;
/*!40101 SET character_set_client = utf8 */;
CREATE TABLE `lesson_plans` (
  `id` int NOT NULL AUTO_INCREMENT,
  `teacher_id` int NOT NULL,
  `class_name` varchar(50) NOT NULL,
  `subject_id` int NOT NULL,
  `week_number` int NOT NULL,
  `topic` varchar(255) NOT NULL,
  `objectives` text NOT NULL,
  `content_file_path` varchar(255) DEFAULT NULL,
  `status` enum('pending','approved','rejected') DEFAULT 'pending',
  `supervisor_comments` text,
  `supervisor_id` int DEFAULT NULL,
  `submitted_at` timestamp NULL DEFAULT CURRENT_TIMESTAMP,
  `updated_at` timestamp NULL DEFAULT CURRENT_TIMESTAMP ON UPDATE CURRENT_TIMESTAMP,
  `created_at` timestamp NULL DEFAULT CURRENT_TIMESTAMP,
  `week_ending` date DEFAULT NULL,
  `day_of_week` varchar(20) DEFAULT NULL,
  `duration` varchar(20) DEFAULT NULL,
  `strand` varchar(255) DEFAULT NULL,
  `sub_strand` varchar(255) DEFAULT NULL,
  `class_size` int DEFAULT '0',
  `content_standard` text,
  `indicator` text,
  `lesson_number` varchar(20) DEFAULT NULL,
  `performance_indicator` text,
  `core_competencies` text,
  `references_materials` text,
  `new_words` text,
  `starter_activities` text,
  `starter_resources` text,
  `learning_activities` text,
  `learning_resources` text,
  `learning_assessment` text,
  `reflection_activities` text,
  `reflection_resources` text,
  `homework` text,
  `semester` varchar(20) DEFAULT NULL,
  `academic_year` varchar(20) DEFAULT NULL,
  `phase1_duration` varchar(20) DEFAULT NULL,
  `phase2_duration` varchar(20) DEFAULT NULL,
  `phase3_duration` varchar(20) DEFAULT NULL,
  PRIMARY KEY (`id`)
) ENGINE=InnoDB AUTO_INCREMENT=9 DEFAULT CHARSET=utf8mb4 COLLATE=utf8mb4_0900_ai_ci;
/*!40101 SET character_set_client = @saved_cs_client */;

--
-- Dumping data for table `lesson_plans`
--

LOCK TABLES `lesson_plans` WRITE;
/*!40000 ALTER TABLE `lesson_plans` DISABLE KEYS */;
INSERT INTO `lesson_plans` VALUES (1,4,'Basic 1',20,1,'U','0',NULL,'approved','',1,'2026-04-14 02:27:05','2026-04-14 02:27:56','2026-04-14 02:27:05',NULL,NULL,NULL,NULL,NULL,0,NULL,NULL,NULL,NULL,NULL,NULL,NULL,NULL,NULL,NULL,NULL,NULL,NULL,NULL,NULL,NULL,NULL,NULL,NULL,NULL),(2,4,'Basic 1',29,1,'ERT','0',NULL,'rejected','plEASE REDO IT',1,'2026-04-14 02:39:28','2026-04-16 01:28:46','2026-04-14 02:39:28','2026-04-10','Friday','454','RETETR','ERTWETR',45,'WETYWRW','','45','','','','','','','','','','','','','Third Semesters','2025/2026','','',''),(6,10,'Basic 1',29,1,'sdfdgfd','0',NULL,'approved','',11,'2026-04-16 02:55:53','2026-04-16 02:57:03','2026-04-16 02:55:53','2026-04-02','Monday','44','dfgsdfg','fdgsdg',45,'dgsd','','34','','','','','fgfg','fhgfh','','','','','','','First Semester','2025/2026','','',''),(7,10,'Basic 1',23,1,'sdffsfd','0',NULL,'rejected','Go and do it again',11,'2026-04-16 02:57:43','2026-04-16 02:58:23','2026-04-16 02:57:43','2026-04-01','Monday','rerr','','',0,'','','','','','','','bvcbxcv','bvc','vnbxc','vbxcbv','xcbvxc','vxbvxc','bcvxbv','xbvxbvxc','First Semester','2025/2026','','',''),(8,10,'Basic 1',11,1,'Energy','0',NULL,'approved','Good',11,'2026-04-16 13:22:31','2026-04-16 13:25:45','2026-04-16 13:22:31','2026-04-17','Friday','40','Forces and Energy','Electricity',10,'Demonstrate understanding of Energy.','','','','Critical thinking','','','','','','','','','','','First Semester','2025/2026','','','');
/*!40000 ALTER TABLE `lesson_plans` ENABLE KEYS */;
UNLOCK TABLES;

--
-- Table structure for table `message_delivery_log`
--

DROP TABLE IF EXISTS `message_delivery_log`;
/*!40101 SET @saved_cs_client     = @@character_set_client */;
/*!40101 SET character_set_client = utf8 */;
CREATE TABLE `message_delivery_log` (
  `id` int NOT NULL AUTO_INCREMENT,
  `message_id` int DEFAULT NULL,
  `recipient_phone` varchar(20) CHARACTER SET utf8mb4 COLLATE utf8mb4_unicode_ci DEFAULT NULL,
  `recipient_email` varchar(120) CHARACTER SET utf8mb4 COLLATE utf8mb4_unicode_ci DEFAULT NULL,
  `recipient_user_id` int DEFAULT NULL,
  `channel` enum('email','sms','whatsapp','in_app') CHARACTER SET utf8mb4 COLLATE utf8mb4_unicode_ci NOT NULL,
  `status` enum('queued','sent','delivered','failed') CHARACTER SET utf8mb4 COLLATE utf8mb4_unicode_ci DEFAULT 'queued',
  `error_message` text CHARACTER SET utf8mb4 COLLATE utf8mb4_unicode_ci,
  `attempt_count` int DEFAULT '0',
  `created_at` timestamp NULL DEFAULT CURRENT_TIMESTAMP,
  `sent_at` timestamp NULL DEFAULT NULL,
  PRIMARY KEY (`id`),
  KEY `idx_message_id` (`message_id`),
  KEY `idx_created_at` (`created_at`),
  KEY `idx_status` (`status`),
  CONSTRAINT `message_delivery_log_ibfk_1` FOREIGN KEY (`message_id`) REFERENCES `messages` (`id`) ON DELETE SET NULL
) ENGINE=InnoDB DEFAULT CHARSET=utf8mb4 COLLATE=utf8mb4_unicode_ci;
/*!40101 SET character_set_client = @saved_cs_client */;

--
-- Dumping data for table `message_delivery_log`
--

LOCK TABLES `message_delivery_log` WRITE;
/*!40000 ALTER TABLE `message_delivery_log` DISABLE KEYS */;
/*!40000 ALTER TABLE `message_delivery_log` ENABLE KEYS */;
UNLOCK TABLES;

--
-- Table structure for table `messages`
--

DROP TABLE IF EXISTS `messages`;
/*!40101 SET @saved_cs_client     = @@character_set_client */;
/*!40101 SET character_set_client = utf8 */;
CREATE TABLE `messages` (
  `id` int NOT NULL AUTO_INCREMENT,
  `sender` varchar(100) CHARACTER SET utf8mb4 COLLATE utf8mb4_unicode_ci NOT NULL,
  `recipient` varchar(100) CHARACTER SET utf8mb4 COLLATE utf8mb4_unicode_ci NOT NULL,
  `subject` varchar(255) CHARACTER SET utf8mb4 COLLATE utf8mb4_unicode_ci DEFAULT '',
  `body` text CHARACTER SET utf8mb4 COLLATE utf8mb4_unicode_ci NOT NULL,
  `is_read` tinyint(1) DEFAULT '0',
  `channel` enum('email','sms','whatsapp','in_app') CHARACTER SET utf8mb4 COLLATE utf8mb4_unicode_ci DEFAULT 'in_app',
  `status` enum('draft','queued','sent','delivered','failed') CHARACTER SET utf8mb4 COLLATE utf8mb4_unicode_ci DEFAULT 'draft',
  `metadata` json DEFAULT NULL,
  `scheduled_at` datetime DEFAULT NULL,
  `sent_at` datetime DEFAULT CURRENT_TIMESTAMP,
  PRIMARY KEY (`id`)
) ENGINE=InnoDB DEFAULT CHARSET=utf8mb4 COLLATE=utf8mb4_unicode_ci;
/*!40101 SET character_set_client = @saved_cs_client */;

--
-- Dumping data for table `messages`
--

LOCK TABLES `messages` WRITE;
/*!40000 ALTER TABLE `messages` DISABLE KEYS */;
/*!40000 ALTER TABLE `messages` ENABLE KEYS */;
UNLOCK TABLES;

--
-- Table structure for table `parents`
--

DROP TABLE IF EXISTS `parents`;
/*!40101 SET @saved_cs_client     = @@character_set_client */;
/*!40101 SET character_set_client = utf8 */;
CREATE TABLE `parents` (
  `id` int NOT NULL AUTO_INCREMENT,
  `first_name` varchar(100) CHARACTER SET utf8mb4 COLLATE utf8mb4_unicode_ci NOT NULL,
  `last_name` varchar(100) CHARACTER SET utf8mb4 COLLATE utf8mb4_unicode_ci NOT NULL,
  `relationship` enum('mother','father','guardian','other') CHARACTER SET utf8mb4 COLLATE utf8mb4_unicode_ci DEFAULT 'guardian',
  `phone` varchar(20) CHARACTER SET utf8mb4 COLLATE utf8mb4_unicode_ci DEFAULT NULL,
  `email` varchar(120) CHARACTER SET utf8mb4 COLLATE utf8mb4_unicode_ci DEFAULT NULL,
  `is_primary` tinyint(1) DEFAULT '0',
  `created_at` timestamp NULL DEFAULT CURRENT_TIMESTAMP,
  `updated_at` timestamp NULL DEFAULT CURRENT_TIMESTAMP ON UPDATE CURRENT_TIMESTAMP,
  PRIMARY KEY (`id`),
  KEY `idx_phone` (`phone`),
  KEY `idx_email` (`email`)
) ENGINE=InnoDB DEFAULT CHARSET=utf8mb4 COLLATE=utf8mb4_unicode_ci;
/*!40101 SET character_set_client = @saved_cs_client */;

--
-- Dumping data for table `parents`
--

LOCK TABLES `parents` WRITE;
/*!40000 ALTER TABLE `parents` DISABLE KEYS */;
/*!40000 ALTER TABLE `parents` ENABLE KEYS */;
UNLOCK TABLES;

--
-- Table structure for table `pass_marks`
--

DROP TABLE IF EXISTS `pass_marks`;
/*!40101 SET @saved_cs_client     = @@character_set_client */;
/*!40101 SET character_set_client = utf8 */;
CREATE TABLE `pass_marks` (
  `id` int NOT NULL AUTO_INCREMENT,
  `subject_id` int DEFAULT NULL,
  `class_name` varchar(100) DEFAULT NULL,
  `academic_year` varchar(20) DEFAULT NULL,
  `pass_mark` decimal(5,2) NOT NULL DEFAULT '40.00',
  `created_at` timestamp NOT NULL DEFAULT CURRENT_TIMESTAMP,
  PRIMARY KEY (`id`)
) ENGINE=InnoDB DEFAULT CHARSET=utf8mb4 COLLATE=utf8mb4_0900_ai_ci;
/*!40101 SET character_set_client = @saved_cs_client */;

--
-- Dumping data for table `pass_marks`
--

LOCK TABLES `pass_marks` WRITE;
/*!40000 ALTER TABLE `pass_marks` DISABLE KEYS */;
/*!40000 ALTER TABLE `pass_marks` ENABLE KEYS */;
UNLOCK TABLES;

--
-- Table structure for table `password_resets`
--

DROP TABLE IF EXISTS `password_resets`;
/*!40101 SET @saved_cs_client     = @@character_set_client */;
/*!40101 SET character_set_client = utf8 */;
CREATE TABLE `password_resets` (
  `id` int NOT NULL AUTO_INCREMENT,
  `user_id` int NOT NULL,
  `token` varchar(64) NOT NULL,
  `expires_at` datetime NOT NULL,
  `created_at` timestamp NULL DEFAULT CURRENT_TIMESTAMP,
  PRIMARY KEY (`id`),
  KEY `user_id` (`user_id`),
  CONSTRAINT `password_resets_ibfk_1` FOREIGN KEY (`user_id`) REFERENCES `users` (`id`) ON DELETE CASCADE
) ENGINE=InnoDB DEFAULT CHARSET=utf8mb4 COLLATE=utf8mb4_0900_ai_ci;
/*!40101 SET character_set_client = @saved_cs_client */;

--
-- Dumping data for table `password_resets`
--

LOCK TABLES `password_resets` WRITE;
/*!40000 ALTER TABLE `password_resets` DISABLE KEYS */;
/*!40000 ALTER TABLE `password_resets` ENABLE KEYS */;
UNLOCK TABLES;

--
-- Table structure for table `payment_allocations`
--

DROP TABLE IF EXISTS `payment_allocations`;
/*!40101 SET @saved_cs_client     = @@character_set_client */;
/*!40101 SET character_set_client = utf8 */;
CREATE TABLE `payment_allocations` (
  `id` int NOT NULL AUTO_INCREMENT,
  `payment_id` int NOT NULL,
  `student_fee_id` int NOT NULL,
  `amount` decimal(10,2) NOT NULL,
  PRIMARY KEY (`id`),
  KEY `payment_id` (`payment_id`),
  KEY `student_fee_id` (`student_fee_id`)
) ENGINE=InnoDB AUTO_INCREMENT=1486 DEFAULT CHARSET=utf8mb4 COLLATE=utf8mb4_unicode_ci;
/*!40101 SET character_set_client = @saved_cs_client */;

--
-- Dumping data for table `payment_allocations`
--

LOCK TABLES `payment_allocations` WRITE;
/*!40000 ALTER TABLE `payment_allocations` DISABLE KEYS */;
INSERT INTO `payment_allocations` VALUES (1,1,207,30.00),(2,1,208,450.00),(3,1,209,70.00),(4,1,210,450.00),(5,2,5,250.00),(6,2,17,30.00),(7,2,18,70.00),(8,2,19,30.00),(10,3,50,30.00),(11,3,51,450.00),(12,3,52,70.00),(13,3,53,30.00),(14,3,95,120.00),(15,4,242,30.00),(16,4,243,450.00),(17,4,244,70.00),(18,4,245,250.00),(19,5,119,1200.00),(20,5,646,100.00),(21,5,647,30.00),(22,5,648,170.00),(23,6,666,450.00),(24,6,667,1250.00),(25,7,365,100.00),(26,7,369,70.00),(27,7,370,630.00),(28,8,508,100.00),(29,8,509,30.00),(30,8,510,670.00),(31,9,664,850.00),(32,9,665,1150.00),(33,10,62,40.00),(34,10,63,360.00),(35,11,425,100.00),(36,11,426,30.00),(37,11,428,670.00),(38,12,157,70.00),(39,12,158,30.00),(40,12,159,350.00),(41,13,467,100.00),(42,13,468,30.00),(43,13,470,670.00),(45,15,12,250.00),(46,16,654,800.00),(47,17,656,800.00),(48,18,95,450.00),(49,19,137,70.00),(50,19,138,30.00),(51,19,139,300.00),(52,20,182,30.00),(53,20,183,20.00),(54,21,183,400.00),(55,22,377,100.00),(56,22,379,150.00),(57,22,380,450.00),(58,23,70,30.00),(59,23,71,270.00),(60,24,658,450.00),(61,25,54,30.00),(62,25,55,420.00),(63,26,380,100.00),(64,27,610,100.00),(65,27,611,30.00),(66,27,612,670.00),(67,28,671,450.00),(68,29,538,100.00),(69,29,539,30.00),(70,29,540,670.00),(74,31,66,30.00),(75,31,67,420.00),(76,32,568,100.00),(77,32,569,30.00),(78,32,570,670.00),(79,33,125,450.00),(80,34,634,100.00),(81,34,635,30.00),(82,34,636,670.00),(83,35,580,100.00),(84,35,581,30.00),(85,35,582,670.00),(86,36,460,100.00),(87,36,461,30.00),(88,36,463,670.00),(89,37,432,100.00),(90,37,433,30.00),(91,37,435,370.00),(92,38,397,100.00),(93,38,399,150.00),(94,38,400,300.00),(95,39,58,30.00),(96,39,59,420.00),(97,40,177,70.00),(98,40,178,30.00),(99,40,179,700.00),(100,40,180,200.00),(101,41,2,250.00),(102,41,212,30.00),(103,41,213,170.00),(104,42,128,800.00),(105,43,411,100.00),(106,43,412,400.00),(107,44,8,250.00),(108,44,26,30.00),(109,44,27,70.00),(110,44,28,30.00),(112,45,7,250.00),(113,45,23,30.00),(114,45,24,70.00),(115,45,25,30.00),(116,45,87,120.00),(117,46,222,30.00),(118,46,223,370.00),(119,47,262,250.00),(120,47,263,30.00),(121,47,264,120.00),(122,48,227,30.00),(123,48,228,420.00),(124,49,574,100.00),(125,49,575,30.00),(126,49,576,170.00),(127,50,316,250.00),(128,50,317,30.00),(129,50,318,20.00),(130,51,95,130.00),(131,52,124,100.00),(132,53,55,30.00),(133,53,56,70.00),(134,53,57,30.00),(135,54,636,130.00),(136,54,637,70.00),(137,54,638,30.00),(138,55,213,60.00),(139,56,183,30.00),(140,56,184,70.00),(141,56,185,30.00),(142,57,125,750.00),(143,57,252,30.00),(144,57,253,270.00),(145,58,648,680.00),(146,58,649,70.00),(147,58,650,250.00),(148,59,655,2000.00),(149,60,124,700.00),(150,61,71,180.00),(151,61,72,70.00),(152,61,73,30.00),(153,61,100,420.00),(154,62,659,2000.00),(155,63,96,700.00),(156,64,13,250.00),(157,64,663,750.00),(158,65,114,700.00),(165,71,428,130.00),(166,71,429,70.00),(167,71,430,300.00),(168,72,660,250.00),(169,72,661,450.00),(170,73,463,130.00),(171,73,464,70.00),(172,74,582,130.00),(173,74,583,70.00),(174,75,638,770.00),(175,75,639,30.00),(176,76,46,30.00),(177,76,47,450.00),(178,76,48,70.00),(179,76,49,30.00),(180,76,94,120.00),(181,77,662,2000.00),(182,78,9,250.00),(183,78,29,30.00),(184,78,30,70.00),(185,78,31,30.00),(186,78,89,320.00),(187,79,435,430.00),(188,79,436,70.00),(189,79,437,50.00),(190,80,11,250.00),(191,80,35,30.00),(192,80,36,70.00),(193,80,37,30.00),(194,80,83,320.00),(195,81,213,220.00),(196,81,214,70.00),(197,81,215,410.00),(198,82,3,250.00),(199,82,126,750.00),(200,83,197,30.00),(201,83,198,370.00),(202,84,118,0.00),(203,85,210,0.00),(204,85,211,0.00),(205,85,686,0.00),(206,86,114,100.00),(207,87,172,70.00),(208,87,173,30.00),(209,87,174,400.00),(210,88,185,670.00),(211,88,186,30.00),(212,89,113,1200.00),(213,89,453,100.00),(214,89,454,30.00),(215,89,455,150.00),(216,89,456,520.00),(217,90,358,100.00),(218,90,360,150.00),(219,90,361,750.00),(220,91,604,100.00),(221,91,605,30.00),(222,91,606,800.00),(223,91,607,70.00),(224,92,67,30.00),(225,92,68,70.00),(226,92,69,30.00),(227,92,99,270.00),(228,93,400,500.00),(229,93,401,70.00),(230,93,402,30.00),(231,94,59,30.00),(232,94,60,70.00),(233,94,61,30.00),(234,94,97,370.00),(235,95,412,500.00),(238,97,232,0.08),(239,97,233,0.93),(240,98,404,100.00),(241,98,406,150.00),(242,98,407,750.00),(243,99,115,1600.00),(244,100,418,100.00),(245,100,420,150.00),(246,100,421,550.00),(247,101,391,100.00),(248,101,392,150.00),(249,101,393,800.00),(250,101,394,70.00),(251,101,395,800.00),(252,101,396,30.00),(253,102,481,100.00),(254,102,482,30.00),(255,102,484,370.00),(256,103,446,100.00),(257,103,447,30.00),(258,103,448,150.00),(259,103,449,220.00),(260,104,112,1200.00),(261,104,532,100.00),(262,104,533,30.00),(263,104,534,800.00),(264,104,535,70.00),(265,104,536,400.00),(266,105,111,1000.00),(267,106,708,100.00),(268,106,709,100.00),(269,106,710,30.00),(270,106,711,770.00),(271,107,716,500.00),(272,108,123,1000.00),(273,109,667,450.00),(274,110,103,1100.00),(275,111,122,940.00),(276,112,124,400.00),(277,112,247,30.00),(278,112,248,70.00),(279,113,10,250.00),(280,113,32,30.00),(281,113,33,70.00),(282,113,34,30.00),(283,113,82,720.00),(284,114,245,400.00),(285,115,384,94.00),(286,115,386,141.00),(287,115,388,65.80),(288,115,389,169.20),(289,116,217,30.00),(290,116,218,450.00),(291,116,219,20.00),(292,117,612,130.00),(293,117,613,70.00),(294,117,614,300.00),(295,118,223,80.00),(296,118,224,70.00),(297,118,225,250.00),(298,119,198,80.00),(299,119,199,70.00),(300,119,200,250.00),(301,120,200,100.00),(302,121,101,1200.00),(303,121,268,250.00),(304,121,269,30.00),(305,121,270,20.00),(310,123,219,50.00),(311,123,220,450.00),(312,125,233,0.40),(313,125,234,0.35),(314,125,235,0.25),(315,126,717,2000.00),(316,127,430,300.00),(317,128,215,100.00),(318,129,421,250.00),(319,129,422,50.00),(320,130,104,800.00),(321,131,576,400.00),(322,133,650,550.00),(323,133,651,30.00),(324,134,370,170.00),(325,134,371,30.00),(326,135,167,70.00),(327,135,168,30.00),(328,135,169,700.00),(329,135,170,200.00),(330,136,114,200.00),(331,137,228,30.00),(332,137,229,70.00),(333,137,230,700.00),(334,137,231,30.00),(335,138,526,100.00),(336,138,527,30.00),(337,138,528,370.00),(338,139,665,800.00),(339,140,225,400.00),(340,141,131,1200.00),(341,141,352,250.00),(342,141,353,30.00),(343,141,354,20.00),(344,142,257,30.00),(345,142,258,370.00),(346,143,74,800.00),(347,144,82,300.00),(348,145,1,250.00),(349,145,108,550.00),(350,146,103,100.00),(351,146,187,30.00),(352,146,188,170.00),(353,147,616,100.00),(354,147,617,30.00),(355,147,618,370.00),(356,148,449,200.00),(357,149,540,130.00),(358,149,541,70.00),(359,150,123,0.00),(360,150,340,0.00),(361,150,341,0.00),(362,150,342,0.00),(363,151,159,350.00),(364,151,160,80.00),(365,152,470,130.00),(366,152,471,70.00),(367,152,472,330.00),(368,153,174,300.00),(369,154,576,230.00),(370,154,577,70.00),(371,155,449,380.00),(372,155,450,20.00),(373,156,220,250.00),(374,156,221,30.00),(375,158,114,40.00),(376,158,152,70.00),(377,158,153,30.00),(378,158,154,60.00),(379,159,542,200.00),(380,160,456,280.00),(381,160,457,70.00),(382,160,458,450.00),(383,161,147,70.00),(384,161,148,30.00),(385,161,149,600.00),(387,163,562,100.00),(388,163,563,30.00),(389,163,564,800.00),(390,163,565,70.00),(391,164,586,100.00),(392,164,587,30.00),(393,164,588,800.00),(394,164,589,70.00),(395,165,488,100.00),(396,165,489,30.00),(397,165,491,800.00),(398,165,492,70.00),(399,166,342,330.00),(400,166,343,70.00),(401,166,344,100.00),(402,167,99,200.00),(403,168,253,180.00),(404,168,254,70.00),(405,168,255,650.00),(406,169,310,250.00),(407,169,311,30.00),(408,169,312,220.00),(409,170,109,1200.00),(410,170,439,100.00),(411,170,440,30.00),(412,170,441,150.00),(413,170,442,20.00),(414,171,286,250.00),(415,171,287,30.00),(416,171,288,450.00),(417,171,289,70.00),(418,171,290,700.00),(419,172,318,300.00),(420,173,102,1040.00),(421,173,132,70.00),(422,173,133,30.00),(423,173,134,360.00),(427,175,300,280.00),(428,175,301,70.00),(429,175,302,50.00),(430,176,723,30.00),(431,176,724,420.00),(432,177,724,780.00),(433,177,725,420.00),(434,178,725,0.00),(435,178,726,0.00),(436,178,727,0.00),(437,178,728,0.00),(438,179,312,200.00),(439,180,75,30.00),(440,180,372,100.00),(441,180,374,150.00),(442,180,375,220.00),(443,181,63,180.00),(444,181,64,20.00),(445,182,100,280.00),(446,182,130,1040.00),(447,183,116,1000.00),(448,184,116,100.00),(449,184,322,125.00),(450,184,323,15.00),(451,184,324,225.00),(452,184,325,35.00),(453,185,117,1000.00),(454,186,118,540.00),(455,186,162,70.00),(456,186,163,30.00),(457,186,164,360.00),(458,187,117,200.00),(459,187,328,250.00),(460,187,329,30.00),(461,187,330,20.00),(462,188,542,200.00),(463,189,99,230.00),(464,190,83,500.00),(465,191,544,100.00),(466,191,545,30.00),(467,191,546,370.00),(468,192,437,600.00),(469,193,82,20.00),(470,193,90,180.00),(471,194,188,200.00),(472,195,412,300.00),(473,195,413,100.00),(474,196,514,100.00),(475,196,515,30.00),(476,196,516,800.00),(477,196,517,70.00),(478,196,518,500.00),(479,197,608,800.00),(480,197,609,30.00),(481,198,518,170.00),(482,199,686,400.00),(483,200,108,500.00),(484,201,42,30.00),(485,201,43,450.00),(486,201,44,70.00),(487,201,45,30.00),(488,201,684,200.00),(489,201,733,220.00),(490,202,111,200.00),(491,203,711,430.00),(492,203,713,170.00),(493,204,536,200.00),(494,205,318,130.00),(495,205,319,70.00),(496,205,320,300.00),(497,206,122,260.00),(498,206,237,30.00),(499,206,238,450.00),(500,206,239,60.00),(501,207,628,100.00),(502,207,629,30.00),(503,207,630,370.00),(504,208,248,500.00),(505,209,94,400.00),(506,210,64,50.00),(507,210,65,30.00),(508,210,98,320.00),(510,212,734,30.00),(511,212,735,970.00),(512,213,154,300.00),(513,214,115,200.00),(514,214,622,100.00),(515,214,623,30.00),(516,214,624,570.00),(517,215,510,130.00),(518,215,511,70.00),(519,215,512,800.00),(520,216,513,30.00),(521,217,380,250.00),(522,217,381,70.00),(523,217,382,800.00),(524,217,383,30.00),(525,218,126,400.00),(526,219,402,770.00),(527,219,403,30.00),(528,219,706,80.00),(529,219,707,100.00),(530,219,720,20.00),(531,220,578,500.00),(532,221,320,400.00),(533,222,484,430.00),(534,222,485,70.00),(535,222,486,500.00),(536,223,108,150.00),(537,223,192,30.00),(538,223,193,450.00),(539,223,194,70.00),(540,223,195,300.00),(541,224,407,25.00),(542,224,408,35.00),(543,224,409,400.00),(544,224,410,15.00),(545,224,699,525.00),(546,225,630,430.00),(547,225,631,70.00),(551,227,465,800.00),(552,227,466,30.00),(553,228,584,800.00),(554,228,585,30.00),(555,229,170,250.00),(556,229,171,30.00),(557,229,698,720.00),(558,230,270,430.00),(559,230,271,70.00),(560,230,272,700.00),(561,231,164,340.00),(562,231,165,60.00),(563,232,344,600.00),(564,232,345,30.00),(565,232,722,170.00),(566,233,302,300.00),(568,235,248,380.00),(569,235,249,70.00),(570,235,250,50.00),(571,236,129,400.00),(572,237,128,400.00),(573,238,225,50.00),(574,238,226,30.00),(575,238,692,120.00),(576,239,245,50.00),(577,239,246,30.00),(578,239,700,220.00),(579,240,154,200.00),(580,241,126,50.00),(581,241,556,100.00),(582,241,557,30.00),(583,241,558,120.00),(584,242,558,200.00),(585,243,200,100.00),(586,245,430,200.00),(587,245,431,30.00),(588,245,673,120.00),(589,246,661,200.00),(590,247,87,380.00),(591,248,330,250.00),(592,249,165,250.00),(593,250,722,500.00),(594,251,450,50.00),(595,251,451,150.00),(596,252,154,140.00),(597,252,155,160.00),(598,253,692,30.00),(599,254,155,200.00),(600,255,700,103.00),(601,256,558,0.00),(602,257,558,180.00),(603,257,559,20.00),(604,258,592,100.00),(605,258,593,30.00),(606,258,594,270.00),(607,259,129,400.00),(608,260,334,250.00),(609,261,716,500.00),(610,262,354,430.00),(611,262,355,70.00),(612,262,356,700.00),(613,262,357,30.00),(614,263,326,500.00),(615,264,98,380.00),(616,264,127,120.00),(617,265,686,253.00),(618,266,437,150.00),(619,266,438,30.00),(620,266,677,320.00),(621,267,83,220.00),(622,267,91,80.00),(623,268,4,240.00),(624,269,542,400.00),(625,269,543,30.00),(626,270,312,30.00),(627,270,313,70.00),(628,270,314,100.00),(629,271,559,50.00),(630,271,560,150.00),(631,272,235,1.00),(632,274,560,0.00),(633,275,250,400.00),(634,276,375,500.00),(635,277,291,30.00),(636,277,729,1200.00),(637,278,442,780.00),(638,278,443,70.00),(639,278,444,420.00),(640,279,97,300.00),(641,280,139,400.00),(642,280,140,10.00),(643,281,142,70.00),(644,281,143,30.00),(645,281,144,700.00),(646,281,145,200.00),(647,282,292,250.00),(648,282,293,30.00),(649,282,294,450.00),(650,282,295,70.00),(651,282,297,30.00),(652,282,682,100.00),(653,282,752,70.00),(654,283,361,50.00),(655,283,362,70.00),(656,283,363,400.00),(657,283,364,30.00),(658,284,518,130.00),(659,284,519,20.00),(660,285,740,30.00),(661,285,741,1040.00),(662,285,742,250.00),(663,285,743,70.00),(664,285,744,700.00),(665,286,451,300.00),(667,288,155,90.00),(668,288,156,30.00),(669,288,687,180.00),(670,289,560,300.00),(671,290,250,250.00),(672,290,251,80.00),(673,291,713,500.00),(674,292,536,200.00),(675,292,537,30.00),(676,292,732,200.00),(677,293,202,30.00),(678,293,203,450.00),(679,293,204,70.00),(680,293,205,20.00),(681,294,733,500.00),(682,295,451,200.00),(683,296,89,380.00),(684,297,753,500.00),(685,298,85,80.00),(686,299,87,200.00),(687,300,6,250.00),(688,300,20,30.00),(689,300,21,70.00),(690,300,22,30.00),(691,300,86,350.00),(692,301,699,80.00),(693,301,721,30.00),(694,302,413,50.00),(695,302,414,750.00),(696,303,239,10.00),(697,303,240,390.00),(698,304,667,300.00),(699,305,88,280.00),(700,306,528,430.00),(701,306,529,70.00),(702,307,458,350.00),(703,307,459,30.00),(704,308,698,360.00),(705,309,149,100.00),(706,309,150,450.00),(707,309,151,30.00),(708,310,671,1420.00),(709,311,134,340.00),(710,311,135,450.00),(711,311,136,30.00),(712,312,422,20.00),(713,312,423,280.00),(714,313,657,2000.00),(715,314,216,30.00),(716,314,688,1.00),(717,315,346,1.00),(718,315,347,1.00),(719,315,348,1.00),(720,315,349,1.00),(721,315,350,1.00),(722,315,351,1.00),(723,316,640,0.10),(724,316,641,0.03),(725,316,642,0.85),(726,316,643,0.02),(727,317,175,300.00),(728,318,578,200.00),(729,319,722,200.00),(730,320,451,150.00),(731,320,452,30.00),(732,320,680,20.00),(733,321,687,100.00),(734,322,302,100.00),(735,323,200,150.00),(736,324,632,500.00),(737,325,235,1.00),(738,326,560,150.00),(739,326,561,30.00),(740,327,302,200.00),(741,328,661,300.00),(742,329,673,250.00),(743,332,330,180.00),(744,332,331,70.00),(745,333,165,140.00),(746,333,166,30.00),(747,333,694,80.00),(748,334,314,600.00),(749,334,315,30.00),(750,335,375,80.00),(751,335,376,70.00),(752,335,679,100.00),(753,336,687,200.00),(754,337,716,300.00),(755,338,127,800.00),(756,339,722,230.00),(757,340,624,230.00),(758,340,625,70.00),(759,340,626,600.00),(760,341,414,50.00),(761,341,415,70.00),(762,341,416,800.00),(763,341,417,30.00),(764,341,730,30.00),(765,342,444,380.00),(766,342,445,30.00),(767,343,713,130.00),(768,343,714,70.00),(769,343,715,30.00),(770,343,731,900.00),(771,344,566,800.00),(772,344,567,30.00),(773,345,423,300.00),(774,346,546,430.00),(775,346,547,70.00),(776,346,548,800.00),(777,346,549,30.00),(778,347,4,10.00),(779,347,14,30.00),(780,347,15,70.00),(781,347,16,30.00),(782,347,76,1040.00),(783,347,84,350.00),(784,348,578,100.00),(785,349,614,500.00),(786,349,615,30.00),(787,350,493,800.00),(788,350,494,30.00),(789,351,745,30.00),(790,351,747,250.00),(791,351,748,70.00),(792,351,749,350.00),(793,352,94,180.00),(794,353,733,300.00),(795,354,735,70.00),(796,354,736,450.00),(797,354,737,70.00),(798,354,738,700.00),(799,354,739,30.00),(800,355,160,370.00),(801,355,161,30.00),(802,356,90,520.00),(803,357,755,500.00),(804,358,756,100.00),(805,359,195,150.00),(806,359,196,30.00),(807,360,255,50.00),(808,360,256,30.00),(809,361,205,330.00),(810,361,206,30.00),(811,361,685,200.00),(812,362,188,80.00),(813,362,189,70.00),(814,362,190,700.00),(815,362,191,30.00),(816,363,240,310.00),(817,363,241,30.00),(818,370,332,207.00),(819,374,326,200.00),(820,374,327,30.00),(821,376,848,506.25),(822,376,849,393.75),(823,377,850,450.00),(824,377,851,350.00),(833,378,674,280.00),(834,30,1450,500.00),(835,96,1450,400.00),(836,96,495,100.00),(837,162,496,30.00),(838,162,498,470.00),(839,226,498,330.00),(840,226,499,70.00),(841,226,500,100.00),(842,234,500,500.00),(843,287,500,200.00),(844,380,1440,400.00),(845,381,769,2067.00),(846,381,502,100.00),(847,381,503,30.00),(848,381,504,303.00),(849,382,1440,1667.00),(850,382,105,600.00),(851,382,274,233.00),(852,383,917,100.00),(853,383,918,885.00),(854,383,919,30.00),(855,383,920,35.00),(856,384,763,100.00),(857,384,764,30.00),(858,384,765,885.00),(859,384,766,35.00),(860,385,1399,400.00),(861,386,1001,100.00),(862,386,1002,885.00),(863,386,1003,15.00),(864,387,788,100.00),(865,387,789,30.00),(866,387,790,870.00),(867,388,1097,100.00),(868,388,1098,885.00),(869,388,1099,15.00),(870,389,1426,500.00),(871,390,882,30.00),(872,390,883,470.00),(873,391,1259,300.00),(874,392,670,250.00),(875,392,1085,100.00),(876,392,1086,650.00),(877,393,1364,767.00),(878,393,1365,30.00),(879,393,1366,70.00),(880,393,1367,133.00),(881,394,1497,228.00),(882,394,687,72.00),(883,395,1234,500.00),(884,396,1073,100.00),(885,396,1074,400.00),(886,397,1374,767.00),(887,397,1375,30.00),(888,397,1376,70.00),(889,397,1377,133.00),(890,398,1239,700.00),(891,400,1389,767.00),(892,400,1390,30.00),(893,400,1391,33.00),(894,401,872,30.00),(895,401,873,470.00),(896,402,995,100.00),(897,402,996,885.00),(898,402,997,15.00),(899,403,1134,500.00),(900,404,1492,50.00),(901,405,1409,760.00),(902,408,904,300.00),(903,410,1189,800.00),(904,411,1164,767.00),(905,411,1165,30.00),(906,411,1166,3.00),(907,412,1149,767.00),(908,412,1150,30.00),(909,412,1151,33.00),(910,413,1219,400.00),(911,414,196,50.00),(912,414,1194,885.00),(913,414,1195,30.00),(914,414,1196,35.00),(915,415,1159,767.00),(916,415,1160,30.00),(917,415,1161,33.00),(918,416,1298,100.00),(919,416,1299,885.00),(920,416,1300,15.00),(921,417,959,100.00),(922,417,960,885.00),(923,417,961,30.00),(924,417,962,70.00),(925,417,963,415.00),(926,418,817,38.83),(927,418,818,11.65),(928,418,819,343.69),(929,418,820,5.83),(930,419,808,30.00),(931,419,578,100.00),(932,419,579,30.00),(933,419,782,100.00),(934,419,783,30.00),(935,419,784,210.00),(936,420,1254,885.00),(937,420,1255,30.00),(938,420,1256,70.00),(939,420,1257,15.00),(940,421,1367,567.00),(941,421,1368,30.00),(942,422,1129,400.00),(943,423,929,100.00),(944,423,930,300.00),(945,428,1385,30.00),(946,428,1386,70.00),(947,428,1387,700.00),(948,428,1388,30.00),(949,429,1516,571.43),(950,429,1517,228.57),(951,430,1170,30.00),(952,430,1171,70.00),(953,430,1172,600.00),(954,431,1526,500.00),(955,431,1527,700.00),(956,432,1540,800.00),(957,432,1542,200.00),(958,433,1522,580.00),(959,433,1523,800.00),(960,434,1530,580.00),(961,434,1531,700.00),(962,435,941,100.00),(963,435,943,30.00),(964,435,944,70.00),(965,435,945,800.00),(966,435,946,30.00),(967,436,1496,1.00),(968,436,718,1.00),(969,436,1369,596.00),(970,437,1379,500.00),(971,438,694,250.00),(972,439,1204,500.00),(973,440,1500,250.00),(974,441,989,100.00),(975,441,990,400.00),(976,442,1055,100.00),(977,442,1056,400.00),(978,443,1495,400.00),(979,444,904,60.00),(980,444,175,140.00),(981,445,1061,100.00),(982,445,1063,30.00),(983,445,1064,70.00),(984,445,1065,100.00),(985,446,1235,30.00),(986,446,1236,70.00),(987,446,1237,100.00),(988,447,892,30.00),(989,447,894,70.00),(990,447,895,700.00),(991,447,896,30.00),(992,448,953,100.00),(993,448,955,30.00),(994,448,956,70.00),(995,448,957,800.00),(996,448,958,30.00),(997,449,1493,153.00),(998,449,1210,30.00),(999,449,1211,70.00),(1000,449,1212,147.00),(1001,450,1419,300.00),(1002,451,873,297.00),(1003,451,874,70.00),(1004,451,875,133.00),(1005,452,997,15.00),(1006,452,998,70.00),(1007,452,999,415.00),(1008,453,1239,185.00),(1009,453,1240,30.00),(1010,453,1241,70.00),(1011,453,1242,515.00),(1012,454,1435,130.00),(1013,454,200,100.00),(1014,454,201,30.00),(1015,454,1200,30.00),(1016,454,1201,60.00),(1017,455,1074,200.00),(1018,456,1044,700.00),(1019,457,771,30.00),(1020,457,772,885.00),(1021,457,773,70.00),(1022,457,774,15.00),(1023,458,1074,200.00),(1024,459,672,400.00),(1025,460,1544,500.00),(1026,460,1545,700.00),(1027,461,1166,67.00),(1028,461,1167,433.00),(1029,462,1189,85.00),(1030,462,1190,30.00),(1031,462,1191,70.00),(1032,462,1192,315.00),(1033,463,1224,600.00),(1034,464,1185,30.00),(1035,464,1186,70.00),(1036,464,1187,400.00),(1037,465,923,100.00),(1038,465,925,30.00),(1039,465,926,70.00),(1040,465,927,300.00),(1041,466,935,100.00),(1042,466,937,30.00),(1043,466,938,70.00),(1044,466,939,600.00),(1045,467,1449,30.00),(1046,467,719,30.00),(1047,467,1480,100.00),(1048,467,1481,30.00),(1049,467,1483,70.00),(1050,467,1484,240.00),(1051,468,687,156.00),(1052,468,877,30.00),(1053,468,878,114.00),(1054,469,1439,30.00),(1055,469,273,30.00),(1056,469,1274,100.00),(1057,469,1275,885.00),(1058,469,1276,30.00),(1059,469,1277,70.00),(1060,469,1278,155.00),(1061,470,852,30.00),(1062,470,853,767.00),(1063,470,854,70.00),(1064,470,855,333.00),(1065,471,902,100.00),(1066,471,140,70.00),(1067,471,141,30.00),(1068,471,857,30.00),(1069,471,858,270.00),(1070,481,1438,500.00),(1071,482,1445,500.00),(1072,483,85,620.00),(1073,483,1125,30.00),(1074,483,1126,70.00),(1075,483,1127,110.00),(1076,484,963,385.00),(1077,484,964,30.00),(1078,485,1257,85.00),(1079,486,1487,10.00),(1080,486,673,10.00),(1081,486,1538,250.00),(1082,486,1539,150.00),(1083,486,1468,80.00),(1084,487,1535,80.00),(1085,487,1536,150.00),(1086,487,1537,250.00),(1087,487,776,20.00),(1088,488,1434,1000.00),(1089,490,1264,600.00),(1090,491,927,200.00),(1091,491,928,30.00),(1092,492,1419,300.00),(1093,493,661,50.00),(1094,493,1110,30.00),(1095,493,1111,70.00),(1096,493,1112,330.00),(1097,494,1443,30.00),(1098,494,321,30.00),(1099,494,1534,150.00),(1100,494,1322,90.00),(1101,495,1495,130.00),(1102,495,1346,70.00),(1103,496,1259,400.00),(1104,497,1425,80.00),(1105,497,680,80.00),(1106,497,983,100.00),(1107,497,985,30.00),(1108,497,986,70.00),(1109,497,987,140.00),(1110,498,1484,400.00),(1111,499,1065,200.00),(1112,500,1431,500.00),(1113,501,1467,230.00),(1114,501,677,230.00),(1115,501,1474,100.00),(1116,501,1475,30.00),(1117,501,1477,10.00),(1118,502,1139,767.00),(1119,502,1140,30.00),(1120,502,1141,70.00),(1121,502,1142,133.00),(1122,503,1212,300.00),(1123,504,1500,250.00),(1124,505,694,43.00),(1125,505,887,30.00),(1126,505,888,177.00),(1127,506,1286,100.00),(1128,506,1287,885.00),(1129,506,1288,30.00),(1130,506,1289,70.00),(1131,506,1290,700.00),(1132,506,1291,30.00),(1133,507,977,100.00),(1134,507,978,885.00),(1135,507,979,30.00),(1136,507,980,70.00),(1137,507,981,800.00),(1138,507,982,30.00),(1139,508,1114,270.00),(1140,515,88,420.00),(1141,515,1154,280.00),(1142,516,1354,30.00),(1143,516,1355,70.00),(1144,516,1356,600.00),(1145,517,1488,50.00),(1146,517,626,200.00),(1147,517,627,30.00),(1148,517,691,420.00),(1149,518,175,10.00),(1150,518,176,30.00),(1151,518,705,160.00),(1152,519,1201,10.00),(1153,519,1202,290.00),(1154,520,672,50.00),(1155,520,867,30.00),(1156,520,869,70.00),(1157,520,870,80.00),(1158,521,1003,15.00),(1159,521,1006,15.00),(1160,522,791,30.00),(1161,523,1546,600.00),(1162,524,1237,130.00),(1163,525,1517,400.00),(1164,527,1420,30.00),(1165,527,1421,70.00),(1166,527,1422,130.00),(1167,528,1441,500.00),(1168,529,1399,367.00),(1169,529,1400,30.00),(1170,529,1401,33.00),(1171,530,878,200.00),(1172,531,1518,500.00),(1173,531,1519,100.00),(1174,532,1264,285.00),(1175,532,1265,30.00),(1176,532,1266,70.00),(1177,532,1267,415.00),(1178,533,1230,30.00),(1179,533,1231,70.00),(1180,533,1232,300.00),(1181,534,1074,85.00),(1182,534,1075,30.00),(1183,534,1076,70.00),(1184,534,1077,115.00),(1185,535,1114,497.00),(1186,535,1115,30.00),(1187,535,1116,70.00),(1188,535,1117,350.00),(1189,535,1118,30.00),(1190,536,1429,10.00),(1191,536,519,10.00),(1192,536,1037,100.00),(1193,536,1039,30.00),(1194,536,1040,70.00),(1195,536,1041,780.00),(1196,537,1232,200.00),(1197,538,1477,60.00),(1198,538,1478,140.00),(1199,539,878,200.00),(1200,540,878,253.00),(1201,540,879,47.00),(1202,541,1500,518.00),(1203,541,332,482.00),(1204,542,1346,30.00),(1205,542,1347,220.00),(1206,543,1447,21.00),(1207,543,127,120.00),(1208,543,701,1.00),(1209,543,1415,30.00),(1210,543,1416,28.00),(1211,544,1358,100.00),(1212,544,1359,885.00),(1213,544,1360,15.00),(1214,545,1300,15.00),(1215,545,1301,70.00),(1216,545,1302,700.00),(1217,545,1303,30.00),(1218,546,1424,250.00),(1219,546,423,150.00),(1220,547,504,497.00),(1221,547,505,70.00),(1222,547,506,72.50),(1223,548,1099,15.00),(1224,548,1100,70.00),(1225,548,1101,415.00),(1226,549,1486,10.00),(1227,549,720,10.00),(1228,549,947,100.00),(1229,549,949,30.00),(1230,549,950,70.00),(1231,549,951,780.00),(1232,550,1322,10.00),(1233,550,1323,190.00),(1234,551,1542,500.00),(1235,552,1077,300.00),(1236,553,1369,171.00),(1237,553,1370,30.00),(1238,553,1371,70.00),(1239,553,1372,700.00),(1240,553,1373,29.00),(1241,554,705,20.00),(1242,554,897,30.00),(1243,554,899,70.00),(1244,554,900,80.00),(1245,555,1044,185.00),(1246,555,1045,30.00),(1247,555,1046,70.00),(1248,555,1047,295.00),(1249,556,1196,35.00),(1250,556,1197,480.00),(1251,557,1130,30.00),(1252,557,1131,70.00),(1253,557,1132,100.00),(1254,558,931,30.00),(1255,558,932,70.00),(1256,558,933,100.00),(1257,559,820,55.00),(1258,559,822,30.00),(1259,560,1377,300.00),(1260,561,1532,885.00),(1261,561,1328,100.00),(1262,561,1330,15.00),(1263,562,1441,30.00),(1264,562,302,150.00),(1265,562,303,30.00),(1266,562,1304,100.00),(1267,562,1306,30.00),(1268,562,1307,70.00),(1269,562,1308,90.00),(1270,563,1220,30.00),(1271,563,1221,70.00),(1272,563,1222,260.00),(1273,564,1232,200.00),(1274,564,1233,30.00),(1275,565,1212,200.00),(1276,566,1484,100.00),(1277,567,1546,200.00),(1278,568,1490,100.00),(1279,569,1490,100.00),(1280,570,1267,285.00),(1281,570,1268,30.00),(1282,571,1077,100.00),(1283,572,1269,885.00),(1284,572,1270,30.00),(1285,572,1271,70.00),(1286,572,1272,15.00),(1287,573,1377,267.00),(1288,573,1378,30.00),(1289,574,987,200.00),(1290,575,1224,285.00),(1291,575,1225,30.00),(1292,575,1226,70.00),(1293,575,1227,95.00),(1294,576,939,200.00),(1295,576,940,30.00),(1296,576,1502,250.00),(1297,577,879,23.00),(1298,577,880,177.00),(1299,578,1416,42.00),(1300,578,1417,458.00),(1301,579,1436,200.00),(1302,580,423,70.00),(1303,580,424,30.00),(1304,580,911,100.00),(1305,580,913,30.00),(1306,580,914,70.00),(1307,581,1360,15.00),(1308,581,1361,70.00),(1309,581,1362,700.00),(1310,581,1363,30.00),(1311,582,1257,600.00),(1312,582,1258,30.00),(1313,583,1446,30.00),(1314,583,97,30.00),(1315,583,1404,240.00),(1316,584,1316,100.00),(1317,584,1318,30.00),(1318,584,1319,70.00),(1319,584,1320,100.00),(1320,585,1323,300.00),(1321,586,1259,185.00),(1322,586,1260,30.00),(1323,586,1261,70.00),(1324,586,1262,215.00),(1325,587,1242,185.00),(1326,587,1243,30.00),(1327,588,870,200.00),(1328,589,880,228.00),(1329,590,900,200.00),(1330,591,1065,200.00),(1331,592,1490,200.00),(1332,593,1468,20.00),(1333,593,1469,30.00),(1334,593,1471,70.00),(1335,593,1472,180.00),(1336,594,776,80.00),(1337,594,777,30.00),(1338,594,779,70.00),(1339,594,780,120.00),(1340,595,1167,267.00),(1341,595,1168,30.00),(1342,596,1192,385.00),(1343,596,1193,30.00),(1344,597,855,367.00),(1345,597,856,30.00),(1346,598,1278,545.00),(1347,599,1077,100.00),(1348,600,905,100.00),(1349,600,907,30.00),(1350,600,908,70.00),(1351,600,909,400.00),(1352,600,910,30.00),(1353,601,811,100.00),(1354,601,812,30.00),(1355,601,814,70.00),(1356,601,815,800.00),(1357,601,816,30.00),(1358,603,1077,185.00),(1359,603,1078,15.00),(1361,605,1187,300.00),(1362,605,1188,30.00),(1363,606,1132,230.00),(1364,607,600,800.00),(1365,607,1103,100.00),(1366,607,1104,100.00),(1367,608,1145,30.00),(1368,608,1146,70.00),(1369,608,1147,100.00),(1370,609,829,100.00),(1371,609,830,30.00),(1372,609,831,470.00),(1373,610,933,200.00),(1374,611,1056,485.00),(1375,611,1057,30.00),(1376,611,1058,70.00),(1377,611,1059,800.00),(1378,611,1060,30.00),(1379,612,990,485.00),(1380,612,991,30.00),(1381,612,992,70.00),(1382,612,993,800.00),(1383,612,994,30.00),(1384,613,1204,385.00),(1385,613,1205,30.00),(1386,613,1206,70.00),(1387,613,1207,350.00),(1388,613,1208,30.00),(1389,614,1379,267.00),(1390,614,1380,30.00),(1391,614,1381,70.00),(1392,614,1382,1.00),(1393,614,1383,30.00),(1394,615,888,590.00),(1395,615,889,70.00),(1396,615,890,90.00),(1397,616,332,11.00),(1398,616,333,30.00),(1399,616,693,495.00),(1400,616,1334,100.00),(1401,616,1335,114.00),(1402,617,1262,300.00),(1403,618,1330,15.00),(1404,618,1331,70.00),(1405,618,1332,415.00),(1406,619,1533,150.00),(1407,619,785,70.00),(1408,619,786,80.00),(1409,620,933,120.00),(1410,621,1065,300.00),(1411,621,1066,30.00),(1412,622,987,250.00),(1413,623,1078,15.00),(1414,623,1552,80.00),(1415,624,1542,110.00),(1416,624,1543,190.00),(1417,625,1320,200.00),(1418,626,1404,500.00),(1419,604,847,2000.00),(1420,627,915,300.00),(1421,628,1147,300.00),(1422,629,1154,487.00),(1423,629,1155,30.00),(1424,629,1156,70.00),(1425,629,1157,213.00),(1426,630,1434,350.00),(1427,630,91,150.00),(1428,631,847,530.00),(1429,631,618,430.00),(1430,631,619,70.00),(1431,631,620,470.00),(1432,632,1197,200.00),(1433,633,1272,685.00),(1434,633,1273,30.00),(1435,634,1308,200.00),(1436,635,1335,150.00),(1437,636,890,150.00),(1438,637,1320,300.00),(1439,638,1490,80.00),(1440,638,756,20.00),(1441,669,1438,250.00),(1442,670,1445,250.00),(1443,671,1157,97.00),(1444,672,1262,185.00),(1445,672,1263,15.00),(1446,673,831,300.00),(1447,674,1172,100.00),(1448,674,1173,30.00),(1449,675,472,470.00),(1450,675,473,30.00),(1451,675,1007,100.00),(1452,675,1009,30.00),(1453,675,1010,70.00),(1454,675,1011,330.00),(1455,676,884,70.00),(1456,676,885,260.00),(1457,677,1472,260.00),(1458,678,780,240.00),(1459,681,775,30.00),(1460,681,1499,250.00),(1461,682,1041,20.00),(1462,682,1042,20.00),(1463,683,1478,430.00),(1464,684,800,100.00),(1465,684,801,30.00),(1466,684,802,442.50),(1467,684,803,70.00),(1468,684,804,357.50),(1469,685,274,17.00),(1470,685,275,30.00),(1471,685,276,450.00),(1472,685,277,70.00),(1473,685,278,22.00),(1474,686,278,0.50),(1475,687,1101,385.00),(1476,687,1102,30.00),(1477,688,1494,530.00),(1478,689,1432,1080.00),(1479,690,1142,567.00),(1480,690,1143,30.00),(1481,691,859,70.00),(1482,691,860,30.00),(1483,692,915,280.00),(1484,693,903,280.00),(1485,694,1597,70.00);
/*!40000 ALTER TABLE `payment_allocations` ENABLE KEYS */;
UNLOCK TABLES;

--
-- Table structure for table `payments`
--

DROP TABLE IF EXISTS `payments`;
/*!40101 SET @saved_cs_client     = @@character_set_client */;
/*!40101 SET character_set_client = utf8 */;
CREATE TABLE `payments` (
  `id` int NOT NULL AUTO_INCREMENT,
  `student_id` int DEFAULT NULL,
  `fee_id` int DEFAULT NULL,
  `payment_type` enum('student','general') CHARACTER SET utf8mb4 COLLATE utf8mb4_unicode_ci NOT NULL DEFAULT 'student',
  `amount` decimal(10,2) NOT NULL,
  `payment_date` date NOT NULL,
  `receipt_no` varchar(50) CHARACTER SET utf8mb4 COLLATE utf8mb4_unicode_ci DEFAULT NULL,
  `description` text CHARACTER SET utf8mb4 COLLATE utf8mb4_unicode_ci,
  `semester` varchar(50) CHARACTER SET utf8mb4 COLLATE utf8mb4_unicode_ci DEFAULT NULL,
  `academic_year` varchar(9) CHARACTER SET utf8mb4 COLLATE utf8mb4_unicode_ci DEFAULT NULL,
  PRIMARY KEY (`id`),
  KEY `student_id` (`student_id`),
  KEY `fk_payments_fee_id` (`fee_id`),
  KEY `idx_payments_scope` (`student_id`,`semester`,`academic_year`)
) ENGINE=InnoDB AUTO_INCREMENT=695 DEFAULT CHARSET=utf8mb4 COLLATE=utf8mb4_unicode_ci;
/*!40101 SET character_set_client = @saved_cs_client */;

--
-- Dumping data for table `payments`
--

LOCK TABLES `payments` WRITE;
/*!40000 ALTER TABLE `payments` DISABLE KEYS */;
INSERT INTO `payments` VALUES (1,35,NULL,'student',1000.00,'2025-10-02','','','First Semester','2025/2026'),(2,26,NULL,'student',550.00,'2025-09-02','001151','Tuition fee','First Semester','2025/2026'),(3,65,NULL,'student',700.00,'2025-09-04','001152','Tuition fee','First Semester','2025/2026'),(4,86,NULL,'student',800.00,'2025-10-02','001153','Tuition fee','First Semester','2025/2026'),(5,70,NULL,'student',1500.00,'2025-09-15','001154','Tuition fee','First Semester','2025/2026'),(6,118,NULL,'student',1700.00,'2025-09-15','001155','Admission fee','First Semester','2025/2026'),(7,13,NULL,'student',800.00,'2025-09-08','001156','Tuition fee','First Semester','2025/2026'),(8,14,NULL,'student',800.00,'2025-09-08','001157','Tuition fee','First Semester','2025/2026'),(9,117,NULL,'student',2000.00,'2025-09-08','001158','Admission fee','First Semester','2025/2026'),(10,93,NULL,'student',400.00,'2025-09-08','','Tuition fee','First Semester','2025/2026'),(11,9,NULL,'student',800.00,'2025-09-02','000951','Books','First Semester','2025/2026'),(12,51,NULL,'student',450.00,'2025-09-02','','Books','First Semester','2025/2026'),(13,52,NULL,'student',800.00,'2025-09-02','','Books','First Semester','2025/2026'),(14,26,NULL,'student',450.00,'2025-09-02','','Books','First Semester','2025/2026'),(15,115,NULL,'student',250.00,'2025-09-03','','Books','First Semester','2025/2026'),(16,111,NULL,'student',800.00,'2025-09-03','','Books','First Semester','2025/2026'),(17,112,NULL,'student',800.00,'2025-09-03','','Books','First Semester','2025/2026'),(18,65,NULL,'student',450.00,'2025-09-04','','Books','First Semester','2025/2026'),(19,19,NULL,'student',400.00,'2025-09-04','','Books','First Semester','2025/2026'),(20,5,NULL,'student',50.00,'2025-09-05','','Books','First Semester','2025/2026'),(21,5,NULL,'student',400.00,'2025-09-05','','Books','First Semester','2025/2026'),(22,36,NULL,'student',700.00,'2025-09-05','','Books','First Semester','2025/2026'),(23,104,NULL,'student',300.00,'2025-09-09','','Books','First Semester','2025/2026'),(24,113,NULL,'student',450.00,'2025-10-02','','Books','First Semester','2025/2026'),(25,71,NULL,'student',450.00,'2025-09-09','','Books','First Semester','2025/2026'),(26,36,NULL,'student',100.00,'2025-09-10','','Books','First Semester','2025/2026'),(27,37,NULL,'student',800.00,'2025-09-10','','Books','First Semester','2025/2026'),(28,119,NULL,'student',450.00,'2025-09-10','','Books','First Semester','2025/2026'),(29,44,NULL,'student',800.00,'2025-09-10','','Books','First Semester','2025/2026'),(30,108,NULL,'student',500.00,'2025-09-10','','Books','First Semester','2025/2026'),(31,97,NULL,'student',450.00,'2025-09-15','','Books','First Semester','2025/2026'),(32,10,NULL,'student',800.00,'2025-09-10','','Books','First Semester','2025/2026'),(33,91,NULL,'student',450.00,'2025-09-11','','Books','First Semester','2025/2026'),(34,101,NULL,'student',800.00,'2025-09-11','','Books','First Semester','2025/2026'),(35,48,NULL,'student',800.00,'2025-09-11','','Books','First Semester','2025/2026'),(36,47,NULL,'student',800.00,'2025-09-11','','Books','First Semester','2025/2026'),(37,15,NULL,'student',500.00,'2025-09-16','','Books','First Semester','2025/2026'),(38,76,NULL,'student',550.00,'2025-09-16','','Books','First Semester','2025/2026'),(39,75,NULL,'student',450.00,'2025-09-16','','Books','First Semester','2025/2026'),(40,103,NULL,'student',1000.00,'2025-10-02','','Books and fees','First Semester','2025/2026'),(41,45,NULL,'student',300.00,'2025-09-15','','Books','First Semester','2025/2026'),(42,99,NULL,'student',800.00,'2025-09-15','','Books','First Semester','2025/2026'),(43,84,NULL,'student',500.00,'2025-09-16','','Books','First Semester','2025/2026'),(44,69,NULL,'student',400.00,'2025-09-16','','Books','First Semester','2025/2026'),(45,62,NULL,'student',500.00,'2025-09-16','','Books','First Semester','2025/2026'),(46,59,NULL,'student',400.00,'2025-09-16','','Books','First Semester','2025/2026'),(47,4,NULL,'student',400.00,'2025-09-17','','Books','First Semester','2025/2026'),(48,60,NULL,'student',450.00,'2025-09-17','','Books','First Semester','2025/2026'),(49,41,NULL,'student',300.00,'2025-10-02','','Books','First Semester','2025/2026'),(50,57,NULL,'student',300.00,'2025-09-23','','Books','First Semester','2025/2026'),(51,65,NULL,'student',130.00,'2025-09-04','','Exam, toiletries, party','First Semester','2025/2026'),(52,90,NULL,'student',100.00,'2025-10-02','','Books','First Semester','2025/2026'),(53,71,NULL,'student',130.00,'2025-09-09','','Exam, toiletries, party','First Semester','2025/2026'),(54,101,NULL,'student',230.00,'2025-09-11','','Exams, toiletries, party, Abacus','First Semester','2025/2026'),(55,45,NULL,'student',200.00,'2025-09-15','','Exams, party','First Semester','2025/2026'),(56,5,NULL,'student',130.00,'2025-09-23','','Exams, party, toiletries','First Semester','2025/2026'),(57,91,NULL,'student',1050.00,'2025-09-25','','Feeding fee','First Semester','2025/2026'),(58,70,NULL,'student',1000.00,'2025-09-29','','Feeding fee','First Semester','2025/2026'),(59,111,NULL,'student',2000.00,'2025-10-02','','ADMISSION','First Semester','2025/2026'),(60,90,NULL,'student',700.00,'2025-09-08','','Tuition fee','First Semester','2025/2026'),(61,104,NULL,'student',700.00,'2025-09-07','','Tuition fee','First Semester','2025/2026'),(62,113,NULL,'student',2000.00,'2025-10-02','','Admission fee','First Semester','2025/2026'),(63,71,NULL,'student',700.00,'2025-09-09','','Tuition fee','First Semester','2025/2026'),(64,116,NULL,'student',1000.00,'2025-09-09','','Admission','First Semester','2025/2026'),(65,42,NULL,'student',700.00,'2025-09-15','','Outstanding fees','First Semester','2025/2026'),(70,10,NULL,'student',500.00,'2025-09-15','','Tuition','First Semester','2025/2026'),(71,9,NULL,'student',500.00,'2025-09-15','','Tuition','First Semester','2025/2026'),(72,114,NULL,'student',700.00,'2025-09-15','','Admission fee','First Semester','2025/2026'),(73,47,NULL,'student',200.00,'2025-09-11','','Tuition','First Semester','2025/2026'),(74,48,NULL,'student',200.00,'2025-09-11','','Tuition','First Semester','2025/2026'),(75,101,NULL,'student',800.00,'2025-09-11','','Tuition','First Semester','2025/2026'),(76,46,NULL,'student',700.00,'2025-09-11','','Tuition','First Semester','2025/2026'),(77,115,NULL,'student',2000.00,'2025-09-11','','Admission fee','First Semester','2025/2026'),(78,105,NULL,'student',700.00,'2025-09-15','','Tuition','First Semester','2025/2026'),(79,15,NULL,'student',550.00,'2025-09-15','','Outstanding fees','First Semester','2025/2026'),(80,107,NULL,'student',700.00,'2025-10-02','','Tuition','First Semester','2025/2026'),(81,45,NULL,'student',400.00,'2025-09-15','','Tuition','First Semester','2025/2026'),(82,92,NULL,'student',1000.00,'2025-09-16','','Tuition','First Semester','2025/2026'),(83,25,NULL,'student',400.00,'2025-09-15','','','First Semester','2025/2026'),(84,64,NULL,'student',0.00,'2025-09-16','','Tuition','First Semester','2025/2026'),(85,35,NULL,'student',0.00,'2025-09-18','','Tuition','First Semester','2025/2026'),(86,42,NULL,'student',100.00,'2025-09-23','','Tuition','First Semester','2025/2026'),(87,102,NULL,'student',500.00,'2025-09-25','','Tuition','First Semester','2025/2026'),(88,5,NULL,'student',700.00,'2025-09-23','','Tuition','First Semester','2025/2026'),(89,38,NULL,'student',2000.00,'2025-09-23','','Tuition','First Semester','2025/2026'),(90,2,NULL,'student',1000.00,'2025-10-02','','Tuition','First Semester','2025/2026'),(91,3,NULL,'student',1000.00,'2025-10-02','','Tuition','First Semester','2025/2026'),(92,97,NULL,'student',400.00,'2025-09-26','','Tuition','First Semester','2025/2026'),(93,76,NULL,'student',600.00,'2025-10-02','','Tuition','First Semester','2025/2026'),(94,75,NULL,'student',500.00,'2025-10-02','','Tuition','First Semester','2025/2026'),(95,84,NULL,'student',500.00,'2025-09-30','','','First Semester','2025/2026'),(96,108,NULL,'student',500.00,'2025-10-04','','','First Semester','2025/2026'),(97,68,NULL,'student',1.00,'2025-10-04','','','First Semester','2025/2026'),(98,81,NULL,'student',1000.00,'2025-10-04','','Outstanding fees','First Semester','2025/2026'),(99,58,NULL,'student',1600.00,'2025-10-04','','','First Semester','2025/2026'),(100,110,NULL,'student',800.00,'2025-10-04','','','First Semester','2025/2026'),(101,73,NULL,'student',1950.00,'2025-10-04','','','First Semester','2025/2026'),(102,78,NULL,'student',500.00,'2025-10-04','','','First Semester','2025/2026'),(103,24,NULL,'student',500.00,'2025-10-04','','','First Semester','2025/2026'),(104,34,NULL,'student',2600.00,'2025-10-04','','','First Semester','2025/2026'),(105,33,NULL,'student',1000.00,'2025-10-04','','','First Semester','2025/2026'),(106,120,NULL,'student',1000.00,'2025-10-04','','','First Semester','2025/2026'),(107,121,NULL,'student',500.00,'2025-10-03','','Admission Fee','First Semester','2025/2026'),(108,88,NULL,'student',1000.00,'2025-10-05','','','First Semester','2025/2026'),(109,118,NULL,'student',450.00,'2025-10-05','','','First Semester','2025/2026'),(110,8,NULL,'student',1100.00,'2025-10-05','','','First Semester','2025/2026'),(111,85,NULL,'student',940.00,'2025-10-05','','','First Semester','2025/2026'),(112,90,NULL,'student',500.00,'2025-10-05','','','First Semester','2025/2026'),(113,106,NULL,'student',1100.00,'2025-10-06','','','First Semester','2025/2026'),(114,86,NULL,'student',400.00,'2025-10-06','','','First Semester','2025/2026'),(115,56,NULL,'student',470.00,'2025-10-06','','','First Semester','2025/2026'),(116,49,NULL,'student',500.00,'2025-10-06','','','First Semester','2025/2026'),(117,37,NULL,'student',500.00,'2025-10-06','','','First Semester','2025/2026'),(118,59,NULL,'student',400.00,'2025-10-06','','','First Semester','2025/2026'),(119,25,NULL,'student',400.00,'2025-10-06','','','First Semester','2025/2026'),(120,25,NULL,'student',100.00,'2025-10-06','','','First Semester','2025/2026'),(121,6,NULL,'student',1500.00,'2025-10-06','','','First Semester','2025/2026'),(123,49,NULL,'student',500.00,'2025-10-06','','','First Semester','2025/2026'),(124,56,NULL,'student',1000.00,'2025-10-06','','','First Semester','2025/2026'),(125,68,NULL,'student',1.00,'2025-10-06','','','First Semester','2025/2026'),(126,122,NULL,'student',2000.00,'2025-10-06','','Admission Fees','First Semester','2025/2026'),(127,9,NULL,'student',300.00,'2025-10-06','','','First Semester','2025/2026'),(128,45,NULL,'student',100.00,'2025-10-06','','','First Semester','2025/2026'),(129,110,NULL,'student',300.00,'2025-10-06','','','First Semester','2025/2026'),(130,11,NULL,'student',800.00,'2025-10-06','','','First Semester','2025/2026'),(131,41,NULL,'student',400.00,'2025-10-06','','','First Semester','2025/2026'),(132,10,NULL,'student',300.00,'2025-10-06','','','First Semester','2025/2026'),(133,70,NULL,'student',580.00,'2025-10-06','','','First Semester','2025/2026'),(134,13,NULL,'student',200.00,'2025-10-06','','','First Semester','2025/2026'),(135,80,NULL,'student',1000.00,'2025-10-06','','','First Semester','2025/2026'),(136,42,NULL,'student',200.00,'2025-10-06','','','First Semester','2025/2026'),(137,60,NULL,'student',830.00,'2025-10-06','','','First Semester','2025/2026'),(138,28,NULL,'student',500.00,'2025-10-07','','','First Semester','2025/2026'),(139,117,NULL,'student',800.00,'2025-10-07','','','First Semester','2025/2026'),(140,59,NULL,'student',400.00,'2025-10-07','','','First Semester','2025/2026'),(141,109,NULL,'student',1500.00,'2025-10-07','','','First Semester','2025/2026'),(142,94,NULL,'student',400.00,'2025-10-07','','','First Semester','2025/2026'),(143,23,NULL,'student',800.00,'2025-10-09','','','First Semester','2025/2026'),(144,106,NULL,'student',300.00,'2025-10-09','','','First Semester','2025/2026'),(145,18,NULL,'student',800.00,'2025-10-09','','','First Semester','2025/2026'),(146,8,NULL,'student',300.00,'2025-10-09','','','First Semester','2025/2026'),(147,43,NULL,'student',500.00,'2025-10-09','','','First Semester','2025/2026'),(148,24,NULL,'student',200.00,'2025-10-10','','','First Semester','2025/2026'),(149,44,NULL,'student',200.00,'2025-10-10','','','First Semester','2025/2026'),(150,88,NULL,'student',0.00,'2025-10-10','','','First Semester','2025/2026'),(151,51,NULL,'student',430.00,'2025-10-13','','','First Semester','2025/2026'),(152,52,NULL,'student',530.00,'2025-10-13','','','First Semester','2025/2026'),(153,102,NULL,'student',300.00,'2025-10-13','','','First Semester','2025/2026'),(154,41,NULL,'student',300.00,'2025-10-13','','','First Semester','2025/2026'),(155,24,NULL,'student',400.00,'2025-10-13','','','First Semester','2025/2026'),(156,49,NULL,'student',280.00,'2025-10-13','','','First Semester','2025/2026'),(157,56,NULL,'student',580.00,'2025-10-13','','','First Semester','2025/2026'),(158,42,NULL,'student',200.00,'2025-10-13','','','First Semester','2025/2026'),(159,44,NULL,'student',200.00,'2025-10-13','','','First Semester','2025/2026'),(160,38,NULL,'student',800.00,'2025-10-13','','','First Semester','2025/2026'),(161,40,NULL,'student',700.00,'2025-10-13','','','First Semester','2025/2026'),(162,108,NULL,'student',500.00,'2025-10-13','','','First Semester','2025/2026'),(163,98,NULL,'student',1000.00,'2025-10-13','','','First Semester','2025/2026'),(164,95,NULL,'student',1000.00,'2025-10-13','','','First Semester','2025/2026'),(165,96,NULL,'student',1000.00,'2025-10-13','','','First Semester','2025/2026'),(166,88,NULL,'student',500.00,'2025-10-13','','','First Semester','2025/2026'),(167,97,NULL,'student',200.00,'2025-10-14','','','First Semester','2025/2026'),(168,91,NULL,'student',900.00,'2025-10-14','','','First Semester','2025/2026'),(169,55,NULL,'student',500.00,'2025-10-14','','','First Semester','2025/2026'),(170,21,NULL,'student',1500.00,'2025-10-09','','','First Semester','2025/2026'),(171,22,NULL,'student',1500.00,'2025-10-09','','','First Semester','2025/2026'),(172,57,NULL,'student',300.00,'2025-10-07','','','First Semester','2025/2026'),(173,7,NULL,'student',1500.00,'2025-10-06','','','First Semester','2025/2026'),(175,50,NULL,'student',400.00,'2025-10-14','','','First Semester','2025/2026'),(176,127,NULL,'student',450.00,'2025-09-05','','','First Semester','2025/2026'),(177,127,NULL,'student',1200.00,'2025-09-05','','','First Semester','2025/2026'),(178,127,NULL,'student',500.00,'2025-10-15','','','First Semester','2025/2026'),(179,55,NULL,'student',200.00,'2025-10-15','','','First Semester','2025/2026'),(180,23,NULL,'student',500.00,'2025-10-15','','','First Semester','2025/2026'),(181,93,NULL,'student',200.00,'2025-10-15','','','First Semester','2025/2026'),(182,104,NULL,'student',1320.00,'2025-10-15','','','First Semester','2025/2026'),(183,61,NULL,'student',1000.00,'2025-10-17','','','First Semester','2025/2026'),(184,61,NULL,'student',500.00,'2025-11-03','','','First Semester','2025/2026'),(185,63,NULL,'student',1000.00,'2025-09-24','','','First Semester','2025/2026'),(186,64,NULL,'student',1000.00,'2025-10-01','','','First Semester','2025/2026'),(187,63,NULL,'student',500.00,'2025-09-24','','','First Semester','2025/2026'),(188,44,NULL,'student',200.00,'2025-10-20','','','First Semester','2025/2026'),(189,97,NULL,'student',230.00,'2025-10-20','','','First Semester','2025/2026'),(190,107,NULL,'student',500.00,'2025-10-20','','','First Semester','2025/2026'),(191,77,NULL,'student',500.00,'2025-10-20','','','First Semester','2025/2026'),(192,15,NULL,'student',600.00,'2025-10-20','','','First Semester','2025/2026'),(193,106,NULL,'student',200.00,'2025-10-22','','','First Semester','2025/2026'),(194,8,NULL,'student',200.00,'2025-10-22','','','First Semester','2025/2026'),(195,84,NULL,'student',400.00,'2025-10-20','','','First Semester','2025/2026'),(196,1,NULL,'student',1500.00,'2025-10-22','','','First Semester','2025/2026'),(197,3,NULL,'student',1830.00,'2025-10-22','','','First Semester','2025/2026'),(198,1,NULL,'student',170.00,'2025-10-22','','','First Semester','2025/2026'),(199,35,NULL,'student',400.00,'2025-10-23','','','First Semester','2025/2026'),(200,18,NULL,'student',500.00,'2025-10-23','','','First Semester','2025/2026'),(201,32,NULL,'student',1000.00,'2025-10-23','','','First Semester','2025/2026'),(202,33,NULL,'student',200.00,'2025-10-23','','','First Semester','2025/2026'),(203,120,NULL,'student',600.00,'2025-10-23','','','First Semester','2025/2026'),(204,34,NULL,'student',200.00,'2025-10-23','','','First Semester','2025/2026'),(205,57,NULL,'student',500.00,'2025-10-24','','','First Semester','2025/2026'),(206,85,NULL,'student',800.00,'2025-10-24','','','First Semester','2025/2026'),(207,79,NULL,'student',500.00,'2025-10-28','','','First Semester','2025/2026'),(208,90,NULL,'student',500.00,'2025-10-28','','','First Semester','2025/2026'),(209,46,NULL,'student',400.00,'2025-10-28','','','First Semester','2025/2026'),(210,93,NULL,'student',400.00,'2025-10-28','','','First Semester','2025/2026'),(211,69,NULL,'student',400.00,'2025-10-28','','','First Semester','2025/2026'),(212,126,NULL,'student',1000.00,'2025-10-28','','','First Semester','2025/2026'),(213,42,NULL,'student',300.00,'2025-10-28','','','First Semester','2025/2026'),(214,58,NULL,'student',900.00,'2025-11-01','','','First Semester','2025/2026'),(215,14,NULL,'student',1000.00,'2025-11-03','','','First Semester','2025/2026'),(216,14,NULL,'student',30.00,'2025-11-03','','','First Semester','2025/2026'),(217,36,NULL,'student',1150.00,'2025-11-03','','','First Semester','2025/2026'),(218,92,NULL,'student',400.00,'2025-11-03','','','First Semester','2025/2026'),(219,76,NULL,'student',1000.00,'2025-11-03','','','First Semester','2025/2026'),(220,41,NULL,'student',500.00,'2025-11-03','','','First Semester','2025/2026'),(221,57,NULL,'student',400.00,'2025-11-03','','','First Semester','2025/2026'),(222,78,NULL,'student',1000.00,'2025-11-03','','','First Semester','2025/2026'),(223,18,NULL,'student',1000.00,'2025-11-03','','','First Semester','2025/2026'),(224,81,NULL,'student',1000.00,'2025-11-03','','','First Semester','2025/2026'),(225,79,NULL,'student',500.00,'2025-11-05','','','First Semester','2025/2026'),(226,108,NULL,'student',500.00,'2025-11-04','','','First Semester','2025/2026'),(227,47,NULL,'student',830.00,'2025-11-05','','','First Semester','2025/2026'),(228,48,NULL,'student',830.00,'2025-11-05','','','First Semester','2025/2026'),(229,80,NULL,'student',1000.00,'2025-11-05','','','First Semester','2025/2026'),(230,6,NULL,'student',1200.00,'2025-11-05','','','First Semester','2025/2026'),(231,64,NULL,'student',400.00,'2025-11-05','','','First Semester','2025/2026'),(232,88,NULL,'student',800.00,'2025-11-05','','','First Semester','2025/2026'),(233,50,NULL,'student',300.00,'2025-11-05','','','First Semester','2025/2026'),(234,108,NULL,'student',500.00,'2025-11-10','','','First Semester','2025/2026'),(235,90,NULL,'student',500.00,'2025-11-10','','','First Semester','2025/2026'),(236,100,NULL,'student',400.00,'2025-11-12','','','First Semester','2025/2026'),(237,99,NULL,'student',400.00,'2025-11-12','','','First Semester','2025/2026'),(238,59,NULL,'student',200.00,'2025-11-10','','','First Semester','2025/2026'),(239,86,NULL,'student',300.00,'2025-11-10','','','First Semester','2025/2026'),(240,42,NULL,'student',200.00,'2025-11-12','','','First Semester','2025/2026'),(241,92,NULL,'student',300.00,'2025-11-11','','','First Semester','2025/2026'),(242,92,NULL,'student',200.00,'2025-11-12','','','First Semester','2025/2026'),(243,25,NULL,'student',100.00,'2025-11-13','','','First Semester','2025/2026'),(244,10,NULL,'student',350.00,'2025-11-13','','','First Semester','2025/2026'),(245,9,NULL,'student',350.00,'2025-11-13','','','First Semester','2025/2026'),(246,114,NULL,'student',200.00,'2025-11-13','','','First Semester','2025/2026'),(247,62,NULL,'student',380.00,'2025-11-17','','Tuition','First Semester','2025/2026'),(248,63,NULL,'student',250.00,'2025-11-17','','Tuition','First Semester','2025/2026'),(249,64,NULL,'student',250.00,'2025-11-17','','Tuition','First Semester','2025/2026'),(250,88,NULL,'student',500.00,'2025-11-17','','Tuition','First Semester','2025/2026'),(251,24,NULL,'student',200.00,'2025-11-17','','Tuition','First Semester','2025/2026'),(252,42,NULL,'student',300.00,'2025-11-17','','Tuition','First Semester','2025/2026'),(253,59,NULL,'student',200.00,'2025-11-17','','Tuition','First Semester','2025/2026'),(254,42,NULL,'student',200.00,'2025-11-17','','Tuition','First Semester','2025/2026'),(255,86,NULL,'student',300.00,'2025-11-17','','Tuition','First Semester','2025/2026'),(256,92,NULL,'student',0.00,'2025-11-17','','Tuition','First Semester','2025/2026'),(257,92,NULL,'student',200.00,'2025-11-17','','Tuition','First Semester','2025/2026'),(258,99,NULL,'student',400.00,'2025-11-17','','Tuition','First Semester','2025/2026'),(259,100,NULL,'student',400.00,'2025-11-17','','Tuition','First Semester','2025/2026'),(260,67,NULL,'student',250.00,'2025-11-17','','Books','First Semester','2025/2026'),(261,121,NULL,'student',500.00,'2025-11-17','','Tuition','First Semester','2025/2026'),(262,109,NULL,'student',1230.00,'2025-11-17','','','First Semester','2025/2026'),(263,61,NULL,'student',500.00,'2025-11-17','','Tuition','First Semester','2025/2026'),(264,93,NULL,'student',500.00,'2025-11-17','','Tuition','First Semester','2025/2026'),(265,35,NULL,'student',400.00,'2025-11-18','','Tuition','First Semester','2025/2026'),(266,15,NULL,'student',500.00,'2025-11-18','','','First Semester','2025/2026'),(267,107,NULL,'student',300.00,'2025-11-19','','','First Semester','2025/2026'),(268,20,NULL,'student',240.00,'2025-11-19','','','First Semester','2025/2026'),(269,44,NULL,'student',430.00,'2025-11-19','','','First Semester','2025/2026'),(270,55,NULL,'student',200.00,'2025-11-19','','','First Semester','2025/2026'),(271,92,NULL,'student',200.00,'2025-11-20','','','First Semester','2025/2026'),(272,68,NULL,'student',1.00,'2025-11-20','','','First Semester','2025/2026'),(273,127,NULL,'student',330.00,'2025-11-20','','','First Semester','2025/2026'),(274,92,NULL,'student',0.00,'2025-11-20','','Tuition','First Semester','2025/2026'),(275,90,NULL,'student',400.00,'2025-11-20','','Tuition','First Semester','2025/2026'),(276,23,NULL,'student',500.00,'2025-11-21','','Tuition','First Semester','2025/2026'),(277,22,NULL,'student',1230.00,'2025-11-21','','Tuition','First Semester','2025/2026'),(278,21,NULL,'student',1270.00,'2025-11-21','','Tuition','First Semester','2025/2026'),(279,75,NULL,'student',300.00,'2025-11-21','','Tuition','First Semester','2025/2026'),(280,19,NULL,'student',410.00,'2025-11-21','','','First Semester','2025/2026'),(281,29,NULL,'student',1000.00,'2025-11-21','','','First Semester','2025/2026'),(282,27,NULL,'student',1000.00,'2025-11-21','','','First Semester','2025/2026'),(283,2,NULL,'student',550.00,'2025-11-21','','','First Semester','2025/2026'),(284,1,NULL,'student',150.00,'2025-11-21','','','First Semester','2025/2026'),(285,124,NULL,'student',2090.00,'2025-11-21','','','First Semester','2025/2026'),(286,24,NULL,'student',300.00,'2025-11-24','','Tuition','First Semester','2025/2026'),(287,108,NULL,'student',200.00,'2025-11-24','','Tuition','First Semester','2025/2026'),(288,42,NULL,'student',300.00,'2025-11-24','','Tuition','First Semester','2025/2026'),(289,92,NULL,'student',300.00,'2025-11-26','','Tuition','First Semester','2025/2026'),(290,90,NULL,'student',330.00,'2025-11-26','','Tuition','First Semester','2025/2026'),(291,120,NULL,'student',500.00,'2025-11-26','','Tuition','First Semester','2025/2026'),(292,34,NULL,'student',430.00,'2025-11-26','','Tuition','First Semester','2025/2026'),(293,33,NULL,'student',570.00,'2025-11-26','','Tuition','First Semester','2025/2026'),(294,32,NULL,'student',500.00,'2025-11-26','','Tuition','First Semester','2025/2026'),(295,24,NULL,'student',200.00,'2025-12-01','','Tuition','First Semester','2025/2026'),(296,105,NULL,'student',380.00,'2025-12-02','','','First Semester','2025/2026'),(297,123,NULL,'student',500.00,'2025-12-02','','','First Semester','2025/2026'),(298,26,NULL,'student',80.00,'2025-12-02','','','First Semester','2025/2026'),(299,62,NULL,'student',200.00,'2025-12-02','','','First Semester','2025/2026'),(300,39,NULL,'student',730.00,'2025-12-02','','','First Semester','2025/2026'),(301,81,NULL,'student',1110.00,'2025-12-02','','','First Semester','2025/2026'),(302,84,NULL,'student',800.00,'2025-12-02','','','First Semester','2025/2026'),(303,85,NULL,'student',400.00,'2025-12-02','','','First Semester','2025/2026'),(304,118,NULL,'student',300.00,'2025-12-02','','','First Semester','2025/2026'),(305,69,NULL,'student',280.00,'2025-12-02','','','First Semester','2025/2026'),(306,28,NULL,'student',500.00,'2025-12-02','','','First Semester','2025/2026'),(307,38,NULL,'student',380.00,'2025-12-02','','','First Semester','2025/2026'),(308,80,NULL,'student',360.00,'2025-12-03','','','First Semester','2025/2026'),(309,40,NULL,'student',580.00,'2025-12-03','','','First Semester','2025/2026'),(310,119,NULL,'student',1420.00,'2025-12-03','','','First Semester','2025/2026'),(311,7,NULL,'student',820.00,'2025-12-03','','','First Semester','2025/2026'),(312,110,NULL,'student',300.00,'2025-12-03','','','First Semester','2025/2026'),(313,112,NULL,'student',2000.00,'2025-12-03','','','First Semester','2025/2026'),(314,45,NULL,'student',281.00,'2025-12-03','','','First Semester','2025/2026'),(315,89,NULL,'student',6.00,'2025-12-03','','','First Semester','2025/2026'),(316,30,NULL,'student',1.00,'2025-12-03','','','First Semester','2025/2026'),(317,102,NULL,'student',300.00,'2025-12-03','','Tuition','First Semester','2025/2026'),(318,41,NULL,'student',200.00,'2025-12-09','','Tuition','First Semester','2025/2026'),(319,88,NULL,'student',200.00,'2025-12-09','','Tuition','First Semester','2025/2026'),(320,24,NULL,'student',200.00,'2025-12-09','','Tuition','First Semester','2025/2026'),(321,42,NULL,'student',100.00,'2025-12-09','','Tuition','First Semester','2025/2026'),(322,50,NULL,'student',100.00,'2025-12-09','','Tuition','First Semester','2025/2026'),(323,25,NULL,'student',150.00,'2025-12-09','','Tuition','First Semester','2025/2026'),(324,79,NULL,'student',500.00,'2025-12-09','','Tuition','First Semester','2025/2026'),(325,68,NULL,'student',1.00,'2025-12-09','','Tuition','First Semester','2025/2026'),(326,92,NULL,'student',500.00,'2025-12-09','','Tuition','First Semester','2025/2026'),(327,50,NULL,'student',200.00,'2025-12-11','','Tuition','First Semester','2025/2026'),(328,114,NULL,'student',300.00,'2025-12-11','','Tuition','First Semester','2025/2026'),(329,9,NULL,'student',250.00,'2025-12-11','','Tuition','First Semester','2025/2026'),(330,10,NULL,'student',250.00,'2025-12-11','','Tuition','First Semester','2025/2026'),(331,92,NULL,'student',180.00,'2025-12-11','','Tuition','First Semester','2025/2026'),(332,63,NULL,'student',250.00,'2025-12-10','','Tuition','First Semester','2025/2026'),(333,64,NULL,'student',250.00,'2025-12-10','','Tuition','First Semester','2025/2026'),(334,55,NULL,'student',630.00,'2025-12-15','','Tuition','First Semester','2025/2026'),(335,23,NULL,'student',250.00,'2025-12-16','','Tuition','First Semester','2025/2026'),(336,42,NULL,'student',200.00,'2025-12-16','','Tuition','First Semester','2025/2026'),(337,121,NULL,'student',300.00,'2025-12-16','','Tuition','First Semester','2025/2026'),(338,93,NULL,'student',800.00,'2025-12-16','','Tuition','First Semester','2025/2026'),(339,88,NULL,'student',300.00,'2025-12-16','','Tuition','First Semester','2025/2026'),(340,58,NULL,'student',900.00,'2025-12-16','','Tuition','First Semester','2025/2026'),(341,84,NULL,'student',980.00,'2025-12-16','','','First Semester','2025/2026'),(342,21,NULL,'student',410.00,'2025-12-16','','','First Semester','2025/2026'),(343,120,NULL,'student',1130.00,'2025-12-16','','','First Semester','2025/2026'),(344,98,NULL,'student',830.00,'2025-12-21','','','First Semester','2025/2026'),(345,110,NULL,'student',300.00,'2025-12-21','','','First Semester','2025/2026'),(346,77,NULL,'student',1330.00,'2025-12-21','','','First Semester','2025/2026'),(347,20,NULL,'student',1530.00,'2025-12-21','','','First Semester','2025/2026'),(348,41,NULL,'student',100.00,'2025-12-21','','','First Semester','2025/2026'),(349,37,NULL,'student',530.00,'2025-12-21','','','First Semester','2025/2026'),(350,96,NULL,'student',830.00,'2025-12-21','','','First Semester','2025/2026'),(351,125,NULL,'student',700.00,'2025-12-21','','','First Semester','2025/2026'),(352,46,NULL,'student',180.00,'2025-12-21','','','First Semester','2025/2026'),(353,32,NULL,'student',300.00,'2025-12-21','','','First Semester','2025/2026'),(354,126,NULL,'student',1320.00,'2025-12-21','','','First Semester','2025/2026'),(355,51,NULL,'student',400.00,'2025-12-21','','','First Semester','2025/2026'),(356,106,NULL,'student',520.00,'2025-12-21','','','First Semester','2025/2026'),(357,129,NULL,'student',500.00,'2025-12-21','','','First Semester','2025/2026'),(358,129,NULL,'student',100.00,'2025-12-21','','','First Semester','2025/2026'),(359,18,NULL,'student',180.00,'2025-12-21','','','First Semester','2025/2026'),(360,91,NULL,'student',80.00,'2025-12-21','','','First Semester','2025/2026'),(361,33,NULL,'student',560.00,'2025-12-21','','','First Semester','2025/2026'),(362,8,NULL,'student',880.00,'2025-12-21','','','First Semester','2025/2026'),(363,85,NULL,'student',340.00,'2025-12-21','','','First Semester','2025/2026'),(369,63,NULL,'student',207.00,'2025-12-24','','','First Semester','2025/2026'),(371,64,NULL,'student',793.00,'2025-12-24','','','First Semester','2025/2026'),(372,10,NULL,'student',10.00,'2025-12-24','','','First Semester','2025/2026'),(373,114,NULL,'student',50.00,'2025-12-24','','','First Semester','2025/2026'),(374,61,NULL,'student',730.00,'2025-12-24','','','First Semester','2025/2026'),(375,42,NULL,'student',100.00,'2025-12-24','','','First Semester','2025/2026'),(376,130,NULL,'student',900.00,'2025-12-24','','','First Semester','2025/2026'),(377,131,NULL,'student',800.00,'2025-12-24','','','First Semester','2025/2026'),(378,10,NULL,'student',380.00,'2025-12-24','','','First Semester','2025/2026'),(379,108,NULL,'student',0.00,'2025-12-24','','','First Semester','2025/2026'),(380,12,NULL,'student',400.00,'2025-12-24','','','First Semester','2025/2026'),(381,11,NULL,'student',2500.00,'2026-01-12','','','Second Semester','2025/2026'),(382,12,NULL,'student',2500.00,'2026-01-12','','','Second Semester','2025/2026'),(383,13,NULL,'student',1050.00,'2026-01-13','','Tuition','Second Semester','2025/2026'),(384,14,NULL,'student',1050.00,'2026-01-13','','Tuition','Second Semester','2025/2026'),(385,71,NULL,'student',400.00,'2026-01-13','','Tuition','Second Semester','2025/2026'),(386,47,NULL,'student',1000.00,'2026-01-13','','Tuition','Second Semester','2025/2026'),(387,48,NULL,'student',1000.00,'2026-01-13','','Tuition','Second Semester','2025/2026'),(388,70,NULL,'student',1000.00,'2026-01-12','','Tuition','Second Semester','2025/2026'),(389,52,NULL,'student',500.00,'2026-01-13','','Tuition','Second Semester','2025/2026'),(390,51,NULL,'student',500.00,'2026-01-13','','Tuition','Second Semester','2025/2026'),(391,86,NULL,'student',300.00,'2026-01-13','','Tuition','Second Semester','2025/2026'),(392,117,NULL,'student',1000.00,'2026-01-13','','Tuition','Second Semester','2025/2026'),(393,104,NULL,'student',1000.00,'2026-01-13','','Tuition','Second Semester','2025/2026'),(394,42,NULL,'student',300.00,'2026-01-13','','Tuition','Second Semester','2025/2026'),(395,60,NULL,'student',500.00,'2026-01-13','','Tuition','Second Semester','2025/2026'),(396,92,NULL,'student',500.00,'2026-01-13','','Tuition','Second Semester','2025/2026'),(397,118,NULL,'student',1000.00,'2026-01-13','','Tuition','Second Semester','2025/2026'),(398,127,NULL,'student',700.00,'2026-01-13','','Tuition','Second Semester','2025/2026'),(399,NULL,2,'general',705.00,'2026-01-13','','Feeding for Tuesday 13 January 2026','Second Semester','2025/2026'),(400,65,NULL,'student',830.00,'2026-01-14','RCPT-20260114-6183','Tuition','Second Semester','2025/2026'),(401,40,NULL,'student',500.00,'2026-01-14','RCPT-20260114-8521','Tuition','Second Semester','2025/2026'),(402,38,NULL,'student',1000.00,'2026-01-14','RCPT-20260114-4975','Tuition','Second Semester','2025/2026'),(403,39,NULL,'student',500.00,'2026-01-14','RCPT-20260114-3135','Tuition','Second Semester','2025/2026'),(404,18,NULL,'student',50.00,'2026-01-14','RCPT-20260114-5652','Uniform','Second Semester','2025/2026'),(405,126,NULL,'student',760.00,'2026-01-14','RCPT-20260114-1565','Tuition','Second Semester','2025/2026'),(406,133,NULL,'student',600.00,'2026-01-14','RCPT-20260114-5397','Tuition','Second Semester','2025/2026'),(407,NULL,2,'general',466.00,'2026-01-14','RCPT-20260114-3224','Feeding fee for 14/01/2026','Second Semester','2025/2026'),(408,102,NULL,'student',300.00,'2026-01-14','RCPT-20260114-8244','Tuition','Second Semester','2025/2026'),(409,NULL,2,'general',198.00,'2026-01-16','RCPT-20260116-2770','Feeding fee for 15/01/2026','Second Semester','2025/2026'),(410,8,NULL,'student',800.00,'2026-01-19','RCPT-20260119-3047','Tuition','Second Semester','2025/2026'),(411,106,NULL,'student',800.00,'2026-01-19','RCPT-20260119-6901','Tuition','Second Semester','2025/2026'),(412,116,NULL,'student',830.00,'2026-01-19','RCPT-20260119-3149','Tuition','Second Semester','2025/2026'),(413,45,NULL,'student',400.00,'2026-01-19','RCPT-20260119-9199','Tuition','Second Semester','2025/2026'),(414,18,NULL,'student',1000.00,'2026-01-19','RCPT-20260119-7357','Tuition','Second Semester','2025/2026'),(415,115,NULL,'student',830.00,'2026-01-19','RCPT-20260119-2501','Tuition','Second Semester','2025/2026'),(416,113,NULL,'student',1000.00,'2026-01-19','RCPT-20260119-9167','Tuition','Second Semester','2025/2026'),(417,84,NULL,'student',1500.00,'2026-01-19','RCPT-20260119-1712','Tuition','Second Semester','2025/2026'),(418,37,NULL,'student',400.00,'2026-01-20','RCPT-20260120-8105','Tuition','Second Semester','2025/2026'),(419,41,NULL,'student',500.00,'2026-01-20','RCPT-20260120-6548','Tuition','Second Semester','2025/2026'),(420,85,NULL,'student',1000.00,'2026-01-20','RCPT-20260120-9472','Tuition','Second Semester','2025/2026'),(421,104,NULL,'student',600.00,'2026-01-21','RCPT-20260121-9227','Tuition','Second Semester','2025/2026'),(422,128,NULL,'student',400.00,'2026-01-21','RCPT-20260121-8576','Tuition','Second Semester','2025/2026'),(423,36,NULL,'student',400.00,'2026-01-21','RCPT-20260121-3492','Tuition','Second Semester','2025/2026'),(424,NULL,2,'general',449.00,'2026-01-16','RCPT-20260121-1910','Feeding fee for 16/01/2026','Second Semester','2025/2026'),(425,NULL,2,'general',1964.00,'2026-01-19','RCPT-20260121-5501','Feeding fee for 19/01/2026','Second Semester','2025/2026'),(426,NULL,2,'general',280.00,'2026-01-20','RCPT-20260121-5660','Feeding fee for 20/01/2026','Second Semester','2025/2026'),(427,NULL,2,'general',459.00,'2026-01-21','RCPT-20260121-6336','Feeding fee for 21/01/2026','Second Semester','2025/2026'),(428,46,NULL,'student',830.00,'2026-01-22','RCPT-20260122-9126','','Second Semester','2025/2026'),(429,132,NULL,'student',800.00,'2026-01-22','RCPT-20260122-9233','','Second Semester','2025/2026'),(430,105,NULL,'student',700.00,'2026-01-22','RCPT-20260122-1009','Tuition','Second Semester','2025/2026'),(431,139,NULL,'student',1200.00,'2026-01-22','RCPT-20260122-2981','','Second Semester','2025/2026'),(432,140,NULL,'student',1000.00,'2026-01-22','RCPT-20260122-8522','','Second Semester','2025/2026'),(433,136,NULL,'student',1380.00,'2026-01-23','RCPT-20260123-5053','','Second Semester','2025/2026'),(434,134,NULL,'student',1280.00,'2026-01-23','RCPT-20260123-9246','','Second Semester','2025/2026'),(435,73,NULL,'student',1030.00,'2026-01-23','RCPT-20260123-2462','Tuition','Second Semester','2025/2026'),(436,122,NULL,'student',598.00,'2026-01-23','RCPT-20260123-6282','Tuition','Second Semester','2025/2026'),(437,32,NULL,'student',500.00,'2026-01-23','RCPT-20260123-9121','Tuition','Second Semester','2025/2026'),(438,64,NULL,'student',250.00,'2026-01-23','RCPT-20260123-2201','Tuition','Second Semester','2025/2026'),(439,33,NULL,'student',500.00,'2026-01-23','RCPT-20260123-8776','Tuition','Second Semester','2025/2026'),(440,63,NULL,'student',250.00,'2026-01-23','RCPT-20260123-6418','Tuition','Second Semester','2025/2026'),(441,120,NULL,'student',500.00,'2026-01-23','RCPT-20260123-4142','Tuition','Second Semester','2025/2026'),(442,34,NULL,'student',500.00,'2026-01-23','RCPT-20260123-8415','Tuition','Second Semester','2025/2026'),(443,88,NULL,'student',400.00,'2026-01-26','RCPT-20260126-3265','Tuition','Second Semester','2025/2026'),(444,102,NULL,'student',200.00,'2026-01-26','RCPT-20260126-8897','Tuition','Second Semester','2025/2026'),(445,44,NULL,'student',300.00,'2026-01-26','RCPT-20260126-6143','Tuition','Second Semester','2025/2026'),(446,60,NULL,'student',200.00,'2026-01-26','RCPT-20260126-8135','Tuition','Second Semester','2025/2026'),(447,80,NULL,'student',830.00,'2026-01-26','RCPT-20260126-5684','Tuition','Second Semester','2025/2026'),(448,81,NULL,'student',1030.00,'2026-01-26','RCPT-20260126-9248','Tuition','Second Semester','2025/2026'),(449,35,NULL,'student',400.00,'2026-01-26','RCPT-20260126-8460','Tuition','Second Semester','2025/2026'),(450,97,NULL,'student',300.00,'2026-01-26','RCPT-20260126-4223','Tuition','Second Semester','2025/2026'),(451,40,NULL,'student',500.00,'2026-01-26','RCPT-20260126-7500','','Second Semester','2025/2026'),(452,38,NULL,'student',500.00,'2026-01-26','RCPT-20260126-2365','Tuition','Second Semester','2025/2026'),(453,127,NULL,'student',800.00,'2026-01-27','RCPT-20260128-9224','Tuition','Second Semester','2025/2026'),(454,25,NULL,'student',350.00,'2026-01-28','RCPT-20260128-6186','350','Second Semester','2025/2026'),(455,92,NULL,'student',200.00,'2026-01-28','RCPT-20260128-8983','Tuition','Second Semester','2025/2026'),(456,111,NULL,'student',700.00,'2026-01-29','RCPT-20260129-1512','Tuition','Second Semester','2025/2026'),(457,112,NULL,'student',1000.00,'2026-01-29','RCPT-20260129-8746','Tuition','Second Semester','2025/2026'),(458,92,NULL,'student',200.00,'2026-01-29','RCPT-20260129-2795','Tuition','Second Semester','2025/2026'),(459,119,NULL,'student',400.00,'2026-01-29','RCPT-20260129-9027','Tuition','Second Semester','2025/2026'),(460,141,NULL,'student',1200.00,'2026-01-30','RCPT-20260130-9484','','Second Semester','2025/2026'),(461,106,NULL,'student',500.00,'2026-02-02','RCPT-20260202-1955','Tuition','Second Semester','2025/2026'),(462,8,NULL,'student',500.00,'2026-02-02','RCPT-20260202-4904','Tuition','Second Semester','2025/2026'),(463,49,NULL,'student',600.00,'2026-02-02','RCPT-20260202-2714','Tuition','Second Semester','2025/2026'),(464,5,NULL,'student',500.00,'2026-02-02','RCPT-20260202-5908','Tuition','Second Semester','2025/2026'),(465,23,NULL,'student',500.00,'2026-02-02','RCPT-20260202-6399','Tuition','Second Semester','2025/2026'),(466,56,NULL,'student',800.00,'2026-02-02','RCPT-20260202-7384','Tuition','Second Semester','2025/2026'),(467,108,NULL,'student',500.00,'2026-02-02','RCPT-20260202-7222','Tuition','Second Semester','2025/2026'),(468,42,NULL,'student',300.00,'2026-02-02','RCPT-20260202-2433','Tuition','Second Semester','2025/2026'),(469,6,NULL,'student',1300.00,'2026-02-03','RCPT-20260203-6399','Tuition','Second Semester','2025/2026'),(470,7,NULL,'student',1200.00,'2026-02-03','RCPT-20260203-9191','Tuition','Second Semester','2025/2026'),(471,19,NULL,'student',500.00,'2026-02-03','RCPT-20260203-4390','Tuition','Second Semester','2025/2026'),(472,NULL,2,'general',191.00,'2026-01-22','RCPT-20260203-3663','Feeding fee for 22/01/2026','Second Semester','2025/2026'),(473,NULL,2,'general',572.00,'2026-01-23','RCPT-20260203-4582','Feeding fee for 23/01/2026','Second Semester','2025/2026'),(474,NULL,2,'general',1379.00,'2026-01-26','RCPT-20260203-7789','Feeding fee for 26/01/2026','Second Semester','2025/2026'),(475,NULL,2,'general',429.00,'2026-01-27','RCPT-20260203-6299','Feeding fee for 27/01/2026','Second Semester','2025/2026'),(476,NULL,2,'general',357.00,'2026-01-28','RCPT-20260203-5439','Feeding fee for 28/01/2026','Second Semester','2025/2026'),(477,NULL,2,'general',314.00,'2026-01-29','RCPT-20260203-5162','Feeding fee for 29/01/2026','Second Semester','2025/2026'),(478,NULL,2,'general',421.00,'2026-01-30','RCPT-20260203-4876','Feeding fee for 30/01/2026','Second Semester','2025/2026'),(479,NULL,2,'general',1895.00,'2026-02-02','RCPT-20260203-9557','Feeding fee for 02/02/2026','Second Semester','2025/2026'),(480,NULL,2,'general',430.00,'2026-02-03','RCPT-20260203-6952','Feeding fee for 03/02/2026','Second Semester','2025/2026'),(481,130,NULL,'student',500.00,'2026-02-03','RCPT-20260203-8861','Tuition','Second Semester','2025/2026'),(482,131,NULL,'student',500.00,'2026-02-03','RCPT-20260203-6484','Tuition','Second Semester','2025/2026'),(483,26,NULL,'student',830.00,'2026-02-04','RCPT-20260204-9909','','Second Semester','2025/2026'),(484,84,NULL,'student',415.00,'2026-02-04','RCPT-20260204-5710','Tuition','Second Semester','2025/2026'),(485,85,NULL,'student',85.00,'2026-02-04','RCPT-20260204-2810','Tuition','Second Semester','2025/2026'),(486,9,NULL,'student',500.00,'2026-02-04','RCPT-20260204-8555','Tuition','Second Semester','2025/2026'),(487,10,NULL,'student',500.00,'2026-02-04','RCPT-20260204-1052','Tuition','Second Semester','2025/2026'),(488,107,NULL,'student',1000.00,'2026-02-04','RCPT-20260204-7247','Tuition','Second Semester','2025/2026'),(489,NULL,2,'general',415.00,'2026-02-04','RCPT-20260204-9779','Feeding fee for 04/02/2026','Second Semester','2025/2026'),(490,90,NULL,'student',600.00,'2026-02-05','RCPT-20260205-4978','Tuition','Second Semester','2025/2026'),(491,23,NULL,'student',230.00,'2026-02-06','RCPT-20260208-1404','Tuition','Second Semester','2025/2026'),(492,97,NULL,'student',300.00,'2026-02-06','RCPT-20260208-8336','Tuition','Second Semester','2025/2026'),(493,114,NULL,'student',480.00,'2026-02-04','RCPT-20260208-1528','Tuition','Second Semester','2025/2026'),(494,57,NULL,'student',300.00,'2026-02-09','RCPT-20260209-7765','Tuition','Second Semester','2025/2026'),(495,88,NULL,'student',200.00,'2026-02-09','RCPT-20260209-3581','','Second Semester','2025/2026'),(496,86,NULL,'student',400.00,'2026-02-09','RCPT-20260209-7729','Tuition','Second Semester','2025/2026'),(497,24,NULL,'student',500.00,'2026-02-09','RCPT-20260209-3602','Tuition','Second Semester','2025/2026'),(498,108,NULL,'student',400.00,'2026-02-09','RCPT-20260209-7220','Tuition','Second Semester','2025/2026'),(499,44,NULL,'student',200.00,'2026-02-09','RCPT-20260209-1189','Tuition','Second Semester','2025/2026'),(500,28,NULL,'student',500.00,'2026-02-09','RCPT-20260209-5873','Tuition','Second Semester','2025/2026'),(501,15,NULL,'student',600.00,'2026-02-10','RCPT-20260210-9129','Tuition','Second Semester','2025/2026'),(502,124,NULL,'student',1000.00,'2026-02-10','RCPT-20260210-6932','','Second Semester','2025/2026'),(503,35,NULL,'student',300.00,'2026-02-11','RCPT-20260212-1603','Tuition','Second Semester','2025/2026'),(504,63,NULL,'student',250.00,'2026-02-12','RCPT-20260212-7872','Tuition','Second Semester','2025/2026'),(505,64,NULL,'student',250.00,'2026-02-12','RCPT-20260212-7737','Tuition','Second Semester','2025/2026'),(506,22,NULL,'student',1815.00,'2026-02-12','RCPT-20260212-7023','Tuition','Second Semester','2025/2026'),(507,21,NULL,'student',1915.00,'2026-02-12','RCPT-20260212-8860','Tuition','Second Semester','2025/2026'),(508,20,NULL,'student',270.00,'2026-02-12','RCPT-20260212-7650','Tuition','Second Semester','2025/2026'),(509,NULL,2,'general',302.00,'2026-02-05','RCPT-20260212-9169','Feeding fee for 05/02/2026','Second Semester','2025/2026'),(510,NULL,2,'general',366.00,'2026-02-06','RCPT-20260212-1754','Feeding fee for 06/02/2026','Second Semester','2025/2026'),(511,NULL,2,'general',3285.00,'2026-02-09','RCPT-20260212-5088','Feeding fee for 09/02/2026','Second Semester','2025/2026'),(512,NULL,2,'general',689.00,'2026-02-10','RCPT-20260212-6977','Feeding fee for 10/02/2026','Second Semester','2025/2026'),(513,NULL,2,'general',373.00,'2026-02-11','RCPT-20260212-9446','Feeding fee for 11/02/2026','Second Semester','2025/2026'),(514,NULL,2,'general',351.00,'2026-02-12','RCPT-20260212-3476','Feeding fee for 12/02/2026','Second Semester','2025/2026'),(515,69,NULL,'student',700.00,'2026-02-14','RCPT-20260214-6841','','Second Semester','2025/2026'),(516,89,NULL,'student',700.00,'2026-02-14','RCPT-20260214-7331','','Second Semester','2025/2026'),(517,58,NULL,'student',700.00,'2026-02-14','RCPT-20260214-9210','','Second Semester','2025/2026'),(518,102,NULL,'student',200.00,'2026-02-13','RCPT-20260216-5379','Tuition','Second Semester','2025/2026'),(519,25,NULL,'student',300.00,'2026-02-16','RCPT-20260216-4519','','Second Semester','2025/2026'),(520,119,NULL,'student',230.00,'2026-02-16','RCPT-20260216-8106','','Second Semester','2025/2026'),(521,47,NULL,'student',30.00,'2026-02-16','RCPT-20260216-6171','','Second Semester','2025/2026'),(522,48,NULL,'student',30.00,'2026-02-16','RCPT-20260216-1389','','Second Semester','2025/2026'),(523,142,NULL,'student',600.00,'2026-02-16','RCPT-20260216-1889','','Second Semester','2025/2026'),(524,60,NULL,'student',130.00,'2026-02-16','RCPT-20260216-9592','','Second Semester','2025/2026'),(525,132,NULL,'student',400.00,'2026-02-16','RCPT-20260216-6234','','Second Semester','2025/2026'),(526,NULL,2,'general',920.00,'2026-02-16','RCPT-20260216-2458','Feeding for 16/02/2026','Second Semester','2025/2026'),(527,97,NULL,'student',230.00,'2026-02-17','RCPT-20260217-8134','Tuition','Second Semester','2025/2026'),(528,50,NULL,'student',500.00,'2026-02-17','RCPT-20260217-7835','Tuition','Second Semester','2025/2026'),(529,71,NULL,'student',430.00,'2026-02-17','RCPT-20260217-1193','Tuition','Second Semester','2025/2026'),(530,42,NULL,'student',200.00,'2026-02-17','RCPT-20260217-5221','Tuition','Second Semester','2025/2026'),(531,133,NULL,'student',600.00,'2026-02-18','RCPT-20260218-9027','','Second Semester','2025/2026'),(532,90,NULL,'student',800.00,'2026-02-18','RCPT-20260218-5137','','Second Semester','2025/2026'),(533,59,NULL,'student',400.00,'2026-02-19','RCPT-20260219-7087','Tuition','Second Semester','2025/2026'),(534,92,NULL,'student',300.00,'2026-02-19','RCPT-20260219-6822','Tuition','Second Semester','2025/2026'),(535,20,NULL,'student',980.00,'2026-02-20','RCPT-20260220-2890','Tuition','Second Semester','2025/2026'),(536,1,NULL,'student',1000.00,'2026-02-20','RCPT-20260220-6992','','Second Semester','2025/2026'),(537,59,NULL,'student',200.00,'2026-02-23','RCPT-20260223-1601','Tuition','Second Semester','2025/2026'),(538,15,NULL,'student',200.00,'2026-02-23','RCPT-20260223-6925','Tuition','Second Semester','2025/2026'),(539,42,NULL,'student',200.00,'2026-02-23','RCPT-20260223-2567','Tuition','Second Semester','2025/2026'),(540,42,NULL,'student',300.00,'2026-01-19','RCPT-20260223-2949','Tuition','Second Semester','2025/2026'),(541,63,NULL,'student',1000.00,'2026-02-23','RCPT-20260223-5544','Tuition','Second Semester','2025/2026'),(542,88,NULL,'student',250.00,'2026-02-23','RCPT-20260223-7474','Tuition','Second Semester','2025/2026'),(543,93,NULL,'student',200.00,'2026-02-23','RCPT-20260223-6225','Tuition','Second Semester','2025/2026'),(544,109,NULL,'student',1000.00,'2026-02-23','RCPT-20260223-4817','Tuition','Second Semester','2025/2026'),(545,113,NULL,'student',815.00,'2026-02-23','RCPT-20260223-4904','Tuition','Second Semester','2025/2026'),(546,110,NULL,'student',400.00,'2026-02-23','RCPT-20260223-1488','Tuition','Second Semester','2025/2026'),(547,11,NULL,'student',639.50,'2026-02-24','RCPT-20260224-3208','','Second Semester','2025/2026'),(548,70,NULL,'student',500.00,'2026-02-24','RCPT-20260224-2819','','Second Semester','2025/2026'),(549,76,NULL,'student',1000.00,'2026-02-24','RCPT-20260224-5373','Tuition','Second Semester','2025/2026'),(550,57,NULL,'student',200.00,'2026-02-24','RCPT-20260224-7131','Tuition','Second Semester','2025/2026'),(551,140,NULL,'student',500.00,'2026-02-24','RCPT-20260224-7216','Tuition','Second Semester','2025/2026'),(552,92,NULL,'student',300.00,'2026-02-24','RCPT-20260224-3801','Tuition','Second Semester','2025/2026'),(553,122,NULL,'student',1000.00,'2026-02-24','RCPT-20260224-3343','Tuition','Second Semester','2025/2026'),(554,102,NULL,'student',200.00,'2026-02-24','RCPT-20260224-7639','Tuition','Second Semester','2025/2026'),(555,111,NULL,'student',580.00,'2026-02-24','RCPT-20260224-2412','Tuition','Second Semester','2025/2026'),(556,18,NULL,'student',515.00,'2026-02-24','RCPT-20260224-2187','Tuition','Second Semester','2025/2026'),(557,128,NULL,'student',200.00,'2026-02-25','RCPT-20260225-6594','Tuition','Second Semester','2025/2026'),(558,36,NULL,'student',200.00,'2026-02-25','RCPT-20260225-1777','Tuition','Second Semester','2025/2026'),(559,37,NULL,'student',200.00,'2026-02-25','RCPT-20260225-4809','Tuition','Second Semester','2025/2026'),(560,118,NULL,'student',300.00,'2026-02-25','RCPT-20260225-2479','Tuition','Second Semester','2025/2026'),(561,61,NULL,'student',1000.00,'2026-02-25','RCPT-20260225-1742','Tuition','Second Semester','2025/2026'),(562,50,NULL,'student',500.00,'2026-02-25','RCPT-20260225-7304','Tuition','Second Semester','2025/2026'),(563,45,NULL,'student',360.00,'2026-02-25','RCPT-20260225-4276','Tuition','Second Semester','2025/2026'),(564,59,NULL,'student',230.00,'2026-02-25','RCPT-20260225-6804','Tuition','Second Semester','2025/2026'),(565,35,NULL,'student',200.00,'2026-02-26','RCPT-20260226-4202','Tuition','Second Semester','2025/2026'),(566,108,NULL,'student',100.00,'2026-02-26','RCPT-20260226-4220','Tuition','Second Semester','2025/2026'),(567,142,NULL,'student',200.00,'2026-02-27','RCPT-20260227-8527','Tuition','Second Semester','2025/2026'),(568,129,NULL,'student',100.00,'2026-02-27','RCPT-20260227-4939','Tuition','Second Semester','2025/2026'),(569,129,NULL,'student',100.00,'2026-02-13','RCPT-20260227-3086','Tuition','Second Semester','2025/2026'),(570,90,NULL,'student',315.00,'2026-02-27','RCPT-20260227-3527','Tuition','Second Semester','2025/2026'),(571,92,NULL,'student',100.00,'2026-02-27','RCPT-20260227-5173','Tuition','Second Semester','2025/2026'),(572,91,NULL,'student',1000.00,'2026-02-27','RCPT-20260227-2627','Tuition','Second Semester','2025/2026'),(573,118,NULL,'student',297.00,'2026-03-02','RCPT-20260302-6595','Tuition','Second Semester','2025/2026'),(574,24,NULL,'student',200.00,'2026-03-02','RCPT-20260302-7893','Tuition','Second Semester','2025/2026'),(575,49,NULL,'student',480.00,'2026-03-02','RCPT-20260302-2477','Tuition','Second Semester','2025/2026'),(576,56,NULL,'student',480.00,'2026-03-02','RCPT-20260302-7299','Tuition','Second Semester','2025/2026'),(577,42,NULL,'student',200.00,'2026-03-02','RCPT-20260302-4536','Tuition','Second Semester','2025/2026'),(578,93,NULL,'student',500.00,'2026-03-02','RCPT-20260302-8279','Tuition','Second Semester','2025/2026'),(579,121,NULL,'student',200.00,'2026-03-02','RCPT-20260302-8591','Tuition','Second Semester','2025/2026'),(580,110,NULL,'student',300.00,'2026-03-02','RCPT-20260302-4082','Tuition','Second Semester','2025/2026'),(581,109,NULL,'student',815.00,'2026-03-02','RCPT-20260302-2568','Tuition','Second Semester','2025/2026'),(582,85,NULL,'student',630.00,'2026-03-02','RCPT-20260302-3897','Tuition','Second Semester','2025/2026'),(583,75,NULL,'student',300.00,'2026-03-09','RCPT-20260309-4988','Tuition','Second Semester','2025/2026'),(584,55,NULL,'student',300.00,'2026-03-09','RCPT-20260309-3610','Tuition','Second Semester','2025/2026'),(585,57,NULL,'student',300.00,'2026-03-09','RCPT-20260309-5358','Tuition','Second Semester','2025/2026'),(586,86,NULL,'student',500.00,'2026-03-09','RCPT-20260309-3422','Tuition','Second Semester','2025/2026'),(587,127,NULL,'student',215.00,'2026-03-09','RCPT-20260309-7067','Tuition','Second Semester','2025/2026'),(588,119,NULL,'student',200.00,'2026-03-09','RCPT-20260309-6837','Tuition','Second Semester','2025/2026'),(589,42,NULL,'student',228.00,'2026-03-09','RCPT-20260309-8311','Tuition','Second Semester','2025/2026'),(590,102,NULL,'student',200.00,'2026-03-09','RCPT-20260309-8841','Tuition','Second Semester','2025/2026'),(591,44,NULL,'student',200.00,'2026-03-09','RCPT-20260309-6685','Tuition','Second Semester','2025/2026'),(592,129,NULL,'student',200.00,'2026-03-09','RCPT-20260309-8421','Tuition','Second Semester','2025/2026'),(593,9,NULL,'student',300.00,'2026-03-10','RCPT-20260310-1402','Tuition','Second Semester','2025/2026'),(594,10,NULL,'student',300.00,'2026-03-10','RCPT-20260310-8229','Tuition','Second Semester','2025/2026'),(595,106,NULL,'student',297.00,'2026-03-10','RCPT-20260310-4216','Tuition','Second Semester','2025/2026'),(596,8,NULL,'student',415.00,'2026-03-10','RCPT-20260310-6899','Tuition','Second Semester','2025/2026'),(597,7,NULL,'student',397.00,'2026-03-10','RCPT-20260310-4561','Tuition','Second Semester','2025/2026'),(598,6,NULL,'student',545.00,'2026-03-10','RCPT-20260310-4850','Tuition','Second Semester','2025/2026'),(599,92,NULL,'student',100.00,'2026-03-04','RCPT-20260310-4336','Tuition','Second Semester','2025/2026'),(600,2,NULL,'student',630.00,'2026-03-10','RCPT-20260310-6816','','Second Semester','2025/2026'),(601,3,NULL,'student',1030.00,'2026-03-10','RCPT-20260310-5205','','Second Semester','2025/2026'),(602,37,NULL,'student',515.00,'2026-03-03','RCPT-20260310-9181','Tuition','Second Semester','2025/2026'),(603,92,NULL,'student',200.00,'2026-03-03','RCPT-20260310-9521','Tuition','Second Semester','2025/2026'),(604,43,NULL,'student',2000.00,'2026-03-12','RCPT-20260312-7624','','Second Semester','2025/2026'),(605,5,NULL,'student',330.00,'2026-03-16','RCPT-20260316-8087','','Second Semester','2025/2026'),(606,128,NULL,'student',230.00,'2026-03-16','RCPT-20260316-6248','','Second Semester','2025/2026'),(607,100,NULL,'student',1000.00,'2026-03-16','RCPT-20260316-5132','','Second Semester','2025/2026'),(608,62,NULL,'student',200.00,'2026-03-16','RCPT-20260316-8940','Tuition','Second Semester','2025/2026'),(609,58,NULL,'student',600.00,'2026-03-16','RCPT-20260316-7557','','Second Semester','2025/2026'),(610,36,NULL,'student',200.00,'2026-03-17','RCPT-20260317-6784','Tuition','Second Semester','2025/2026'),(611,34,NULL,'student',1415.00,'2026-03-19','RCPT-20260319-6983','','Second Semester','2025/2026'),(612,120,NULL,'student',1415.00,'2026-03-19','RCPT-20260319-8264','Tuition','Second Semester','2025/2026'),(613,33,NULL,'student',865.00,'2026-03-19','RCPT-20260319-5204','Tuition','Second Semester','2025/2026'),(614,32,NULL,'student',398.00,'2026-03-19','RCPT-20260319-5496','Tuition','Second Semester','2025/2026'),(615,64,NULL,'student',750.00,'2026-03-19','RCPT-20260319-8189','Tuition','Second Semester','2025/2026'),(616,63,NULL,'student',750.00,'2026-03-19','RCPT-20260319-9804','Tuition','Second Semester','2025/2026'),(617,86,NULL,'student',300.00,'2026-03-19','RCPT-20260319-1968','Tuition','Second Semester','2025/2026'),(618,61,NULL,'student',500.00,'2026-03-19','RCPT-20260319-4529','Tuition','Second Semester','2025/2026'),(619,41,NULL,'student',300.00,'2026-03-24','RCPT-20260324-8970','Tuition','Second Semester','2025/2026'),(620,36,NULL,'student',120.00,'2026-03-24','RCPT-20260324-2483','Tuition','Second Semester','2025/2026'),(621,44,NULL,'student',330.00,'2026-03-24','RCPT-20260324-8515','Tuition','Second Semester','2025/2026'),(622,24,NULL,'student',250.00,'2026-03-24','RCPT-20260324-7661','Tuition','Second Semester','2025/2026'),(623,92,NULL,'student',95.00,'2026-03-24','RCPT-20260324-1512','Tuition','Second Semester','2025/2026'),(624,140,NULL,'student',300.00,'2026-03-24','RCPT-20260324-2223','Tuition','Second Semester','2025/2026'),(625,55,NULL,'student',200.00,'2026-03-24','RCPT-20260324-7439','Tuition','Second Semester','2025/2026'),(626,75,NULL,'student',500.00,'2026-03-24','RCPT-20260324-6554','Tuition','Second Semester','2025/2026'),(627,110,NULL,'student',300.00,'2026-03-25','RCPT-20260325-2768','','Second Semester','2025/2026'),(628,62,NULL,'student',300.00,'2026-03-25','RCPT-20260325-1640','','Second Semester','2025/2026'),(629,69,NULL,'student',800.00,'2026-03-25','RCPT-20260325-8281','','Second Semester','2025/2026'),(630,107,NULL,'student',500.00,'2026-03-25','RCPT-20260325-3401','','Second Semester','2025/2026'),(631,43,NULL,'student',1500.00,'2026-03-25','RCPT-20260325-1088','Tuition','Second Semester','2025/2026'),(632,18,NULL,'student',200.00,'2026-03-25','RCPT-20260325-6295','','Second Semester','2025/2026'),(633,91,NULL,'student',715.00,'2026-03-26','RCPT-20260327-9480','Tuition','Second Semester','2025/2026'),(634,50,NULL,'student',200.00,'2026-03-26','RCPT-20260327-5699','Tuition','Second Semester','2025/2026'),(635,63,NULL,'student',150.00,'2026-03-26','RCPT-20260327-2585','Tuition','Second Semester','2025/2026'),(636,64,NULL,'student',150.00,'2026-03-26','RCPT-20260327-5868','Tuition','Second Semester','2025/2026'),(637,55,NULL,'student',300.00,'2026-03-27','RCPT-20260327-6635','Tuition','Second Semester','2025/2026'),(638,129,NULL,'student',100.00,'2026-03-27','RCPT-20260327-8199','Tuition','Second Semester','2025/2026'),(639,NULL,2,'general',200.00,'2026-02-17','RCPT-20260327-5456','Feeding fee for 17/02/26','Second Semester','2025/2026'),(640,NULL,2,'general',200.00,'2026-02-17','RCPT-20260327-4010','Feeding fee for 17/02/26','Second Semester','2025/2026'),(641,NULL,2,'general',403.00,'2026-02-18','RCPT-20260327-9205','Feeding fee for 18/02/26','Second Semester','2025/2026'),(642,NULL,2,'general',257.00,'2026-02-19','RCPT-20260327-4122','Feeding fee for 19/02/26','Second Semester','2025/2026'),(643,NULL,2,'general',257.00,'2026-02-19','RCPT-20260327-4174','Feeding fee for 19/02/26','Second Semester','2025/2026'),(644,NULL,2,'general',1191.00,'2026-02-20','RCPT-20260327-1480','Feeding fee for 20/02/26','Second Semester','2025/2026'),(645,NULL,2,'general',1191.00,'2026-02-20','RCPT-20260327-8337','Feeding fee for 20/02/26','Second Semester','2025/2026'),(646,NULL,2,'general',1582.00,'2026-02-23','RCPT-20260327-9852','Feeding fee for 23/02/26','Second Semester','2025/2026'),(647,NULL,2,'general',249.00,'2026-02-24','RCPT-20260327-6323','Feeding fee for 24/02/26','Second Semester','2025/2026'),(648,NULL,2,'general',249.00,'2026-02-24','RCPT-20260327-2624','Feeding fee for 24/02/26','Second Semester','2025/2026'),(649,NULL,2,'general',399.00,'2026-02-25','RCPT-20260327-8618','Feeding fee for 25/02/26','Second Semester','2025/2026'),(650,NULL,2,'general',399.00,'2026-02-25','RCPT-20260327-4425','Feeding fee for 25/02/26','Second Semester','2025/2026'),(651,NULL,2,'general',259.00,'2026-02-26','RCPT-20260327-2748','Feeding fee for 26/02/26','Second Semester','2025/2026'),(652,NULL,2,'general',1715.00,'2026-02-27','RCPT-20260327-7017','Feeding fee for 27/02/26','Second Semester','2025/2026'),(653,NULL,2,'general',1422.00,'2026-03-02','RCPT-20260327-4108','Feeding fee for 02/03/26','Second Semester','2025/2026'),(654,NULL,2,'general',350.00,'2026-03-03','RCPT-20260327-1897','Feeding fee for 03/03/26','Second Semester','2025/2026'),(655,NULL,2,'general',127.50,'2026-03-04','RCPT-20260327-2720','Feeding fee for 04/03/26','Second Semester','2025/2026'),(656,NULL,2,'general',127.50,'2026-03-04','RCPT-20260327-6708','Feeding fee for 04/03/26','Second Semester','2025/2026'),(657,NULL,2,'general',1283.00,'2026-03-09','RCPT-20260327-3847','Feeding fee for 09/03/26','Second Semester','2025/2026'),(658,NULL,2,'general',311.00,'2026-03-10','RCPT-20260327-9580','Feeding fee for 10/03/26','Second Semester','2025/2026'),(659,NULL,2,'general',484.00,'2026-03-12','RCPT-20260327-9752','Feeding fee for 12/03/26','Second Semester','2025/2026'),(660,NULL,2,'general',450.00,'2026-03-13','RCPT-20260327-6239','Feeding fee for 13/03/26','Second Semester','2025/2026'),(661,NULL,2,'general',730.00,'2026-03-16','RCPT-20260327-7511','Feeding fee for 16/03/26','Second Semester','2025/2026'),(662,NULL,2,'general',273.00,'2026-03-17','RCPT-20260327-6386','Feeding fee for 17/03/26','Second Semester','2025/2026'),(663,NULL,2,'general',245.00,'2026-03-18','RCPT-20260327-8879','Feeding fee for 18/03/26','Second Semester','2025/2026'),(664,NULL,2,'general',461.00,'2026-03-19','RCPT-20260327-1538','Feeding fee for 19/03/26','Second Semester','2025/2026'),(665,NULL,2,'general',1384.00,'2026-03-24','RCPT-20260327-3415','Feeding fee for 24/03/26','Second Semester','2025/2026'),(666,NULL,2,'general',460.00,'2026-03-25','RCPT-20260327-3267','Feeding fee for 25/03/26','Second Semester','2025/2026'),(667,NULL,2,'general',443.00,'2026-03-26','RCPT-20260327-1457','Feeding fee for 26/03/26','Second Semester','2025/2026'),(668,NULL,2,'general',501.00,'2026-03-27','RCPT-20260327-4530','Feeding fee for 27/03/26','Second Semester','2025/2026'),(669,130,NULL,'student',250.00,'2026-03-26','RCPT-20260327-8313','Tuition','Second Semester','2025/2026'),(670,131,NULL,'student',250.00,'2026-03-26','RCPT-20260327-2604','Tuition','Second Semester','2025/2026'),(671,69,NULL,'student',97.00,'2026-03-30','RCPT-20260330-9978','','Second Semester','2025/2026'),(672,86,NULL,'student',200.00,'2026-03-31','RCPT-20260331-4621','','Second Semester','2025/2026'),(673,58,NULL,'student',300.00,'2026-04-01','RCPT-20260401-7989','','Second Semester','2025/2026'),(674,105,NULL,'student',130.00,'2026-04-01','RCPT-20260401-4621','','Second Semester','2025/2026'),(675,52,NULL,'student',1030.00,'2026-03-30','RCPT-20260401-7582','Tuition','Second Semester','2025/2026'),(676,51,NULL,'student',330.00,'2026-03-30','RCPT-20260401-7514','Tuition','Second Semester','2025/2026'),(677,9,NULL,'student',260.00,'2026-03-30','RCPT-20260401-6531','Tuition','Second Semester','2025/2026'),(678,10,NULL,'student',240.00,'2026-03-30','RCPT-20260401-6726','Tuition','Second Semester','2025/2026'),(679,NULL,2,'general',645.00,'2026-03-30','RCPT-20260401-1180','Feeding fee for 30/03/26','Second Semester','2025/2026'),(680,NULL,2,'general',234.00,'2026-04-01','RCPT-20260401-5317','Feeding fee for 01/04/2026','Second Semester','2025/2026'),(681,112,NULL,'student',280.00,'2026-04-02','RCPT-20260402-7192','','Second Semester','2025/2026'),(682,1,NULL,'student',40.00,'2026-04-02','RCPT-20260402-3698','','Second Semester','2025/2026'),(683,15,NULL,'student',430.00,'2026-04-02','RCPT-20260402-4486','','Second Semester','2025/2026'),(685,12,NULL,'student',589.00,'2026-04-02','RCPT-20260402-9433','','Second Semester','2025/2026'),(686,12,NULL,'student',0.50,'2026-04-02','RCPT-20260402-1242','','Second Semester','2025/2026'),(687,70,NULL,'student',415.00,'2026-04-02','RCPT-20260402-7959','','Second Semester','2025/2026'),(688,27,NULL,'student',530.00,'2026-04-02','RCPT-20260402-4351','','Second Semester','2025/2026'),(689,30,NULL,'student',1080.00,'2026-04-02','RCPT-20260402-6629','','Second Semester','2025/2026'),(690,124,NULL,'student',597.00,'2026-04-02','RCPT-20260402-7203','','Second Semester','2025/2026'),(691,19,NULL,'student',100.00,'2026-04-02','RCPT-20260402-8649','','First Semester','2025/2026'),(692,110,NULL,'student',280.00,'2026-04-02','RCPT-20260402-8194','','Second Semester','2025/2026'),(693,29,NULL,'student',280.00,'2026-04-04','RCPT-20260404-6357','','Second Semester','2025/2026'),(694,126,NULL,'student',70.00,'2026-04-06','RCPT-20260406-7028','','Second Semester','2025/2026');
/*!40000 ALTER TABLE `payments` ENABLE KEYS */;
UNLOCK TABLES;

--
-- Table structure for table `semester_budget_items`
--

DROP TABLE IF EXISTS `semester_budget_items`;
/*!40101 SET @saved_cs_client     = @@character_set_client */;
/*!40101 SET character_set_client = utf8 */;
CREATE TABLE `semester_budget_items` (
  `id` int NOT NULL AUTO_INCREMENT,
  `semester_budget_id` int DEFAULT NULL,
  `category` varchar(255) CHARACTER SET utf8mb4 COLLATE utf8mb4_unicode_ci NOT NULL,
  `type` varchar(20) CHARACTER SET utf8mb4 COLLATE utf8mb4_unicode_ci DEFAULT 'expense',
  `amount` decimal(12,2) NOT NULL DEFAULT '0.00',
  `notes` text CHARACTER SET utf8mb4 COLLATE utf8mb4_unicode_ci,
  `created_at` timestamp NULL DEFAULT CURRENT_TIMESTAMP,
  PRIMARY KEY (`id`),
  KEY `idx_budget_id` (`semester_budget_id`),
  CONSTRAINT `semester_budget_items_ibfk_1` FOREIGN KEY (`semester_budget_id`) REFERENCES `semester_budgets` (`id`) ON DELETE CASCADE
) ENGINE=InnoDB AUTO_INCREMENT=63 DEFAULT CHARSET=utf8mb4 COLLATE=utf8mb4_unicode_ci;
/*!40101 SET character_set_client = @saved_cs_client */;

--
-- Dumping data for table `semester_budget_items`
--

LOCK TABLES `semester_budget_items` WRITE;
/*!40000 ALTER TABLE `semester_budget_items` DISABLE KEYS */;
INSERT INTO `semester_budget_items` VALUES (17,1,'ADMISSION  FEE','income',2000.00,NULL,'2026-01-05 05:39:03'),(18,1,'Books Fee','income',250.00,NULL,'2026-01-05 05:39:03'),(19,1,'ABACUS','expense',34.00,NULL,'2026-01-05 05:39:03'),(20,1,'FOOD','expense',343.00,NULL,'2026-01-05 05:39:03'),(21,1,'Maintenance','expense',34.00,NULL,'2026-01-05 05:39:03'),(22,1,'STATIONERY','expense',43.00,NULL,'2026-01-05 05:39:03'),(23,1,'TEST','expense',34.00,NULL,'2026-01-05 05:39:03'),(24,1,'UNIFORMS','expense',34.00,NULL,'2026-01-05 05:39:03'),(25,1,'UTILITIES','expense',100.00,NULL,'2026-01-05 05:39:03'),(55,2,'ABACUS','income',8900.00,NULL,'2026-01-05 06:08:46'),(56,2,'ADMISSION  FEE','income',1.00,NULL,'2026-01-05 06:08:46'),(57,2,'ARREARS','income',1.00,NULL,'2026-01-05 06:08:46'),(58,2,'Examination Fee','income',3360.00,NULL,'2026-01-05 06:08:46'),(59,2,'Outstanding Balance','income',250.00,NULL,'2026-01-05 06:08:46'),(60,2,'Toileteries','income',7840.00,NULL,'2026-01-05 06:08:46'),(61,2,'Tuition Fee','income',83000.00,NULL,'2026-01-05 06:08:46'),(62,2,'Vacation Party','income',3360.00,NULL,'2026-01-05 06:08:46');
/*!40000 ALTER TABLE `semester_budget_items` ENABLE KEYS */;
UNLOCK TABLES;

--
-- Table structure for table `semester_budgets`
--

DROP TABLE IF EXISTS `semester_budgets`;
/*!40101 SET @saved_cs_client     = @@character_set_client */;
/*!40101 SET character_set_client = utf8 */;
CREATE TABLE `semester_budgets` (
  `id` int NOT NULL AUTO_INCREMENT,
  `semester` varchar(50) CHARACTER SET utf8mb4 COLLATE utf8mb4_unicode_ci DEFAULT NULL,
  `academic_year` varchar(50) CHARACTER SET utf8mb4 COLLATE utf8mb4_unicode_ci NOT NULL,
  `expected_income` decimal(12,2) NOT NULL DEFAULT '0.00',
  `created_at` timestamp NULL DEFAULT CURRENT_TIMESTAMP,
  `updated_at` timestamp NULL DEFAULT CURRENT_TIMESTAMP ON UPDATE CURRENT_TIMESTAMP,
  PRIMARY KEY (`id`),
  UNIQUE KEY `unique_term_year` (`semester`,`academic_year`),
  KEY `idx_term_year` (`semester`,`academic_year`)
) ENGINE=InnoDB AUTO_INCREMENT=3 DEFAULT CHARSET=utf8mb4 COLLATE=utf8mb4_unicode_ci;
/*!40101 SET character_set_client = @saved_cs_client */;

--
-- Dumping data for table `semester_budgets`
--

LOCK TABLES `semester_budgets` WRITE;
/*!40000 ALTER TABLE `semester_budgets` DISABLE KEYS */;
INSERT INTO `semester_budgets` VALUES (1,'First Semester','2025/2026',2250.00,'2026-01-05 04:55:20','2026-04-16 01:22:55'),(2,'Second Semester','2025/2026',106712.00,'2026-01-05 05:42:09','2026-04-16 01:22:55');
/*!40000 ALTER TABLE `semester_budgets` ENABLE KEYS */;
UNLOCK TABLES;

--
-- Table structure for table `semester_invoices`
--

DROP TABLE IF EXISTS `semester_invoices`;
/*!40101 SET @saved_cs_client     = @@character_set_client */;
/*!40101 SET character_set_client = utf8 */;
CREATE TABLE `semester_invoices` (
  `id` int NOT NULL AUTO_INCREMENT,
  `student_id` int NOT NULL,
  `semester` varchar(50) CHARACTER SET utf8mb4 COLLATE utf8mb4_unicode_ci DEFAULT NULL,
  `academic_year` varchar(20) CHARACTER SET utf8mb4 COLLATE utf8mb4_unicode_ci DEFAULT NULL,
  `generated_at` timestamp NULL DEFAULT CURRENT_TIMESTAMP,
  PRIMARY KEY (`id`),
  KEY `idx_term` (`semester`),
  KEY `idx_student` (`student_id`),
  CONSTRAINT `semester_invoices_ibfk_1` FOREIGN KEY (`student_id`) REFERENCES `students` (`id`) ON DELETE CASCADE
) ENGINE=InnoDB AUTO_INCREMENT=123 DEFAULT CHARSET=utf8mb4 COLLATE=utf8mb4_unicode_ci;
/*!40101 SET character_set_client = @saved_cs_client */;

--
-- Dumping data for table `semester_invoices`
--

LOCK TABLES `semester_invoices` WRITE;
/*!40000 ALTER TABLE `semester_invoices` DISABLE KEYS */;
INSERT INTO `semester_invoices` VALUES (1,2,'Second Semester','2025/2026','2026-04-03 06:55:45'),(2,13,'Second Semester','2025/2026','2026-04-03 06:55:45'),(3,23,'Second Semester','2025/2026','2026-04-03 06:55:45'),(4,39,'Second Semester','2025/2026','2026-04-03 06:55:45'),(5,60,'Second Semester','2025/2026','2026-04-03 06:55:45'),(6,77,'Second Semester','2025/2026','2026-04-03 06:55:45'),(7,81,'Second Semester','2025/2026','2026-04-03 06:55:45'),(8,86,'Second Semester','2025/2026','2026-04-03 06:55:45'),(9,89,'Second Semester','2025/2026','2026-04-03 06:55:45'),(10,115,'Second Semester','2025/2026','2026-04-03 06:55:45'),(11,11,'Third Semesters','2025/2026','2026-04-03 07:21:10'),(12,14,'Third Semesters','2025/2026','2026-04-03 07:21:10'),(13,2,'Third Semesters','2025/2026','2026-04-03 07:42:14'),(14,3,'Third Semesters','2025/2026','2026-04-03 07:42:14'),(15,4,'Third Semesters','2025/2026','2026-04-03 07:42:14'),(16,5,'Third Semesters','2025/2026','2026-04-03 07:42:14'),(17,6,'Third Semesters','2025/2026','2026-04-03 07:42:14'),(18,7,'Third Semesters','2025/2026','2026-04-03 07:42:14'),(19,8,'Third Semesters','2025/2026','2026-04-03 07:42:14'),(20,9,'Third Semesters','2025/2026','2026-04-03 07:42:14'),(21,10,'Third Semesters','2025/2026','2026-04-03 07:42:14'),(22,12,'Third Semesters','2025/2026','2026-04-03 07:42:14'),(23,13,'Third Semesters','2025/2026','2026-04-03 07:42:14'),(24,15,'Third Semesters','2025/2026','2026-04-03 07:42:14'),(25,16,'Third Semesters','2025/2026','2026-04-03 07:42:14'),(26,17,'Third Semesters','2025/2026','2026-04-03 07:42:14'),(27,18,'Third Semesters','2025/2026','2026-04-03 07:42:14'),(28,19,'Third Semesters','2025/2026','2026-04-03 07:42:14'),(29,20,'Third Semesters','2025/2026','2026-04-03 07:42:14'),(30,21,'Third Semesters','2025/2026','2026-04-03 07:42:15'),(31,22,'Third Semesters','2025/2026','2026-04-03 07:42:15'),(32,23,'Third Semesters','2025/2026','2026-04-03 07:42:15'),(33,24,'Third Semesters','2025/2026','2026-04-03 07:42:15'),(34,25,'Third Semesters','2025/2026','2026-04-03 07:42:15'),(35,26,'Third Semesters','2025/2026','2026-04-03 07:42:15'),(36,27,'Third Semesters','2025/2026','2026-04-03 07:42:15'),(37,28,'Third Semesters','2025/2026','2026-04-03 07:42:15'),(38,29,'Third Semesters','2025/2026','2026-04-03 07:42:15'),(39,32,'Third Semesters','2025/2026','2026-04-03 07:42:15'),(40,33,'Third Semesters','2025/2026','2026-04-03 07:42:15'),(41,34,'Third Semesters','2025/2026','2026-04-03 07:42:15'),(42,35,'Third Semesters','2025/2026','2026-04-03 07:42:15'),(43,36,'Third Semesters','2025/2026','2026-04-03 07:42:15'),(44,37,'Third Semesters','2025/2026','2026-04-03 07:42:15'),(45,39,'Third Semesters','2025/2026','2026-04-03 07:42:15'),(46,40,'Third Semesters','2025/2026','2026-04-03 07:42:15'),(47,41,'Third Semesters','2025/2026','2026-04-03 07:42:15'),(48,42,'Third Semesters','2025/2026','2026-04-03 07:42:15'),(49,43,'Third Semesters','2025/2026','2026-04-03 07:42:15'),(50,44,'Third Semesters','2025/2026','2026-04-03 07:42:15'),(51,46,'Third Semesters','2025/2026','2026-04-03 07:42:15'),(52,47,'Third Semesters','2025/2026','2026-04-03 07:42:15'),(53,48,'Third Semesters','2025/2026','2026-04-03 07:42:15'),(54,49,'Third Semesters','2025/2026','2026-04-03 07:42:15'),(55,50,'Third Semesters','2025/2026','2026-04-03 07:42:15'),(56,51,'Third Semesters','2025/2026','2026-04-03 07:42:15'),(57,52,'Third Semesters','2025/2026','2026-04-03 07:42:15'),(58,53,'Third Semesters','2025/2026','2026-04-03 07:42:15'),(59,54,'Third Semesters','2025/2026','2026-04-03 07:42:15'),(60,55,'Third Semesters','2025/2026','2026-04-03 07:42:15'),(61,56,'Third Semesters','2025/2026','2026-04-03 07:42:15'),(62,57,'Third Semesters','2025/2026','2026-04-03 07:42:15'),(63,58,'Third Semesters','2025/2026','2026-04-03 07:42:15'),(64,59,'Third Semesters','2025/2026','2026-04-03 07:42:15'),(65,60,'Third Semesters','2025/2026','2026-04-03 07:42:15'),(66,61,'Third Semesters','2025/2026','2026-04-03 07:42:15'),(67,62,'Third Semesters','2025/2026','2026-04-03 07:42:15'),(68,63,'Third Semesters','2025/2026','2026-04-03 07:42:15'),(69,64,'Third Semesters','2025/2026','2026-04-03 07:42:15'),(70,65,'Third Semesters','2025/2026','2026-04-03 07:42:15'),(71,66,'Third Semesters','2025/2026','2026-04-03 07:42:15'),(72,67,'Third Semesters','2025/2026','2026-04-03 07:42:16'),(73,68,'Third Semesters','2025/2026','2026-04-03 07:42:16'),(74,69,'Third Semesters','2025/2026','2026-04-03 07:42:16'),(75,71,'Third Semesters','2025/2026','2026-04-03 07:42:16'),(76,72,'Third Semesters','2025/2026','2026-04-03 07:42:16'),(77,73,'Third Semesters','2025/2026','2026-04-03 07:42:16'),(78,74,'Third Semesters','2025/2026','2026-04-03 07:42:16'),(79,75,'Third Semesters','2025/2026','2026-04-03 07:42:16'),(80,77,'Third Semesters','2025/2026','2026-04-03 07:42:16'),(81,80,'Third Semesters','2025/2026','2026-04-03 07:42:16'),(82,81,'Third Semesters','2025/2026','2026-04-03 07:42:16'),(83,82,'Third Semesters','2025/2026','2026-04-03 07:42:16'),(84,83,'Third Semesters','2025/2026','2026-04-03 07:42:16'),(85,84,'Third Semesters','2025/2026','2026-04-03 07:42:16'),(86,85,'Third Semesters','2025/2026','2026-04-03 07:42:16'),(87,86,'Third Semesters','2025/2026','2026-04-03 07:42:16'),(88,89,'Third Semesters','2025/2026','2026-04-03 07:42:16'),(89,90,'Third Semesters','2025/2026','2026-04-03 07:42:16'),(90,91,'Third Semesters','2025/2026','2026-04-03 07:42:16'),(91,92,'Third Semesters','2025/2026','2026-04-03 07:42:16'),(92,93,'Third Semesters','2025/2026','2026-04-03 07:42:16'),(93,94,'Third Semesters','2025/2026','2026-04-03 07:42:16'),(94,95,'Third Semesters','2025/2026','2026-04-03 07:42:16'),(95,96,'Third Semesters','2025/2026','2026-04-03 07:42:16'),(96,97,'Third Semesters','2025/2026','2026-04-03 07:42:16'),(97,98,'Third Semesters','2025/2026','2026-04-03 07:42:16'),(98,99,'Third Semesters','2025/2026','2026-04-03 07:42:16'),(99,100,'Third Semesters','2025/2026','2026-04-03 07:42:16'),(100,101,'Third Semesters','2025/2026','2026-04-03 07:42:16'),(101,102,'Third Semesters','2025/2026','2026-04-03 07:42:16'),(102,103,'Third Semesters','2025/2026','2026-04-03 07:42:16'),(103,104,'Third Semesters','2025/2026','2026-04-03 07:42:16'),(104,105,'Third Semesters','2025/2026','2026-04-03 07:42:16'),(105,106,'Third Semesters','2025/2026','2026-04-03 07:42:16'),(106,107,'Third Semesters','2025/2026','2026-04-03 07:42:16'),(107,108,'Third Semesters','2025/2026','2026-04-03 07:42:16'),(108,109,'Third Semesters','2025/2026','2026-04-03 07:42:16'),(109,110,'Third Semesters','2025/2026','2026-04-03 07:42:17'),(110,111,'Third Semesters','2025/2026','2026-04-03 07:42:17'),(111,112,'Third Semesters','2025/2026','2026-04-03 07:42:17'),(112,113,'Third Semesters','2025/2026','2026-04-03 07:42:17'),(113,114,'Third Semesters','2025/2026','2026-04-03 07:42:17'),(114,115,'Third Semesters','2025/2026','2026-04-03 07:42:17'),(115,116,'Third Semesters','2025/2026','2026-04-03 07:42:17'),(116,117,'Third Semesters','2025/2026','2026-04-03 07:42:17'),(117,118,'Third Semesters','2025/2026','2026-04-03 07:42:17'),(118,119,'Third Semesters','2025/2026','2026-04-03 07:42:17'),(119,120,'Third Semesters','2025/2026','2026-04-03 07:42:17'),(120,121,'Third Semesters','2025/2026','2026-04-03 07:42:17'),(121,122,'Third Semesters','2025/2026','2026-04-03 07:42:17'),(122,123,'Third Semesters','2025/2026','2026-04-03 07:42:17');
/*!40000 ALTER TABLE `semester_invoices` ENABLE KEYS */;
UNLOCK TABLES;

--
-- Table structure for table `staff_attendance`
--

DROP TABLE IF EXISTS `staff_attendance`;
/*!40101 SET @saved_cs_client     = @@character_set_client */;
/*!40101 SET character_set_client = utf8 */;
CREATE TABLE `staff_attendance` (
  `id` int NOT NULL AUTO_INCREMENT,
  `user_id` int NOT NULL,
  `check_in_time` datetime NOT NULL,
  `latitude` decimal(10,8) DEFAULT NULL,
  `longitude` decimal(10,8) DEFAULT NULL,
  `accuracy` decimal(10,2) DEFAULT NULL,
  `status` enum('present','late','absent') DEFAULT 'present',
  `notes` text,
  `created_at` timestamp NULL DEFAULT CURRENT_TIMESTAMP,
  PRIMARY KEY (`id`),
  KEY `user_id` (`user_id`,`check_in_time`)
) ENGINE=InnoDB AUTO_INCREMENT=3 DEFAULT CHARSET=utf8mb4 COLLATE=utf8mb4_0900_ai_ci;
/*!40101 SET character_set_client = @saved_cs_client */;

--
-- Dumping data for table `staff_attendance`
--

LOCK TABLES `staff_attendance` WRITE;
/*!40000 ALTER TABLE `staff_attendance` DISABLE KEYS */;
INSERT INTO `staff_attendance` VALUES (1,11,'2026-04-16 04:08:01',5.58000000,-0.29000000,NULL,'present',NULL,'2026-04-16 04:08:01'),(2,10,'2026-04-16 04:51:54',5.58000000,-0.29000000,50000.00,'present','','2026-04-16 04:51:54');
/*!40000 ALTER TABLE `staff_attendance` ENABLE KEYS */;
UNLOCK TABLES;

--
-- Table structure for table `staff_profiles`
--

DROP TABLE IF EXISTS `staff_profiles`;
/*!40101 SET @saved_cs_client     = @@character_set_client */;
/*!40101 SET character_set_client = utf8 */;
CREATE TABLE `staff_profiles` (
  `id` int NOT NULL AUTO_INCREMENT,
  `user_id` int DEFAULT NULL,
  `photo_path` varchar(255) CHARACTER SET utf8mb4 COLLATE utf8mb4_unicode_ci DEFAULT NULL,
  `full_name` varchar(150) CHARACTER SET utf8mb4 COLLATE utf8mb4_unicode_ci NOT NULL,
  `date_of_birth` date DEFAULT NULL,
  `marital_status` varchar(30) CHARACTER SET utf8mb4 COLLATE utf8mb4_unicode_ci DEFAULT NULL,
  `emergency_contact` varchar(255) CHARACTER SET utf8mb4 COLLATE utf8mb4_unicode_ci DEFAULT NULL,
  `nationality` varchar(80) CHARACTER SET utf8mb4 COLLATE utf8mb4_unicode_ci DEFAULT NULL,
  `telephone_number` varchar(50) CHARACTER SET utf8mb4 COLLATE utf8mb4_unicode_ci DEFAULT NULL,
  `ghana_card_no` varchar(80) CHARACTER SET utf8mb4 COLLATE utf8mb4_unicode_ci DEFAULT NULL,
  `ssnit_number` varchar(80) CHARACTER SET utf8mb4 COLLATE utf8mb4_unicode_ci DEFAULT NULL,
  `place_of_stay_address` text CHARACTER SET utf8mb4 COLLATE utf8mb4_unicode_ci,
  `land_mark` varchar(150) CHARACTER SET utf8mb4 COLLATE utf8mb4_unicode_ci DEFAULT NULL,
  `religion` varchar(80) CHARACTER SET utf8mb4 COLLATE utf8mb4_unicode_ci DEFAULT NULL,
  `ghanaian_languages` varchar(255) CHARACTER SET utf8mb4 COLLATE utf8mb4_unicode_ci DEFAULT NULL,
  `highest_qualification` varchar(150) CHARACTER SET utf8mb4 COLLATE utf8mb4_unicode_ci DEFAULT NULL,
  `entry_qualification` varchar(150) CHARACTER SET utf8mb4 COLLATE utf8mb4_unicode_ci DEFAULT NULL,
  `first_appointment_date` date DEFAULT NULL,
  `first_guarantor_name` varchar(150) CHARACTER SET utf8mb4 COLLATE utf8mb4_unicode_ci DEFAULT NULL,
  `first_guarantor_phone` varchar(50) CHARACTER SET utf8mb4 COLLATE utf8mb4_unicode_ci DEFAULT NULL,
  `first_guarantor_location` text CHARACTER SET utf8mb4 COLLATE utf8mb4_unicode_ci,
  `second_guarantor_name` varchar(150) CHARACTER SET utf8mb4 COLLATE utf8mb4_unicode_ci DEFAULT NULL,
  `second_guarantor_phone` varchar(50) CHARACTER SET utf8mb4 COLLATE utf8mb4_unicode_ci DEFAULT NULL,
  `second_guarantor_location` text CHARACTER SET utf8mb4 COLLATE utf8mb4_unicode_ci,
  `home_town` varchar(120) CHARACTER SET utf8mb4 COLLATE utf8mb4_unicode_ci DEFAULT NULL,
  `bank_account_details` text CHARACTER SET utf8mb4 COLLATE utf8mb4_unicode_ci,
  `staff_type` enum('teaching','non-teaching') CHARACTER SET utf8mb4 COLLATE utf8mb4_unicode_ci NOT NULL DEFAULT 'teaching',
  `staff_role` varchar(60) CHARACTER SET utf8mb4 COLLATE utf8mb4_unicode_ci DEFAULT NULL,
  `department` varchar(100) CHARACTER SET utf8mb4 COLLATE utf8mb4_unicode_ci DEFAULT NULL,
  `phone` varchar(50) CHARACTER SET utf8mb4 COLLATE utf8mb4_unicode_ci DEFAULT NULL,
  `email` varchar(120) CHARACTER SET utf8mb4 COLLATE utf8mb4_unicode_ci DEFAULT NULL,
  `employment_status` enum('active','inactive') CHARACTER SET utf8mb4 COLLATE utf8mb4_unicode_ci NOT NULL DEFAULT 'active',
  `created_at` timestamp NOT NULL DEFAULT CURRENT_TIMESTAMP,
  `updated_at` timestamp NOT NULL DEFAULT CURRENT_TIMESTAMP ON UPDATE CURRENT_TIMESTAMP,
  `languages_spoken` varchar(255) CHARACTER SET utf8mb4 COLLATE utf8mb4_unicode_ci DEFAULT NULL,
  `phone_number` varchar(30) CHARACTER SET utf8mb4 COLLATE utf8mb4_unicode_ci DEFAULT NULL,
  `address` text CHARACTER SET utf8mb4 COLLATE utf8mb4_unicode_ci,
  `landmark` varchar(255) CHARACTER SET utf8mb4 COLLATE utf8mb4_unicode_ci DEFAULT NULL,
  `hometown` varchar(150) CHARACTER SET utf8mb4 COLLATE utf8mb4_unicode_ci DEFAULT NULL,
  `job_title` varchar(150) CHARACTER SET utf8mb4 COLLATE utf8mb4_unicode_ci DEFAULT NULL,
  `bank_name` varchar(150) CHARACTER SET utf8mb4 COLLATE utf8mb4_unicode_ci DEFAULT NULL,
  `bank_account_no` varchar(100) CHARACTER SET utf8mb4 COLLATE utf8mb4_unicode_ci DEFAULT NULL,
  `bank_branch` varchar(150) CHARACTER SET utf8mb4 COLLATE utf8mb4_unicode_ci DEFAULT NULL,
  `emergency_name` varchar(200) CHARACTER SET utf8mb4 COLLATE utf8mb4_unicode_ci DEFAULT NULL,
  `emergency_phone` varchar(30) CHARACTER SET utf8mb4 COLLATE utf8mb4_unicode_ci DEFAULT NULL,
  `guarantor1_name` varchar(200) CHARACTER SET utf8mb4 COLLATE utf8mb4_unicode_ci DEFAULT NULL,
  `guarantor1_phone` varchar(30) CHARACTER SET utf8mb4 COLLATE utf8mb4_unicode_ci DEFAULT NULL,
  `guarantor1_address` text CHARACTER SET utf8mb4 COLLATE utf8mb4_unicode_ci,
  `guarantor2_name` varchar(200) CHARACTER SET utf8mb4 COLLATE utf8mb4_unicode_ci DEFAULT NULL,
  `guarantor2_phone` varchar(30) CHARACTER SET utf8mb4 COLLATE utf8mb4_unicode_ci DEFAULT NULL,
  `guarantor2_address` text CHARACTER SET utf8mb4 COLLATE utf8mb4_unicode_ci,
  `staff_code` varchar(20) CHARACTER SET utf8mb4 COLLATE utf8mb4_unicode_ci DEFAULT NULL,
  `gender` varchar(20) CHARACTER SET utf8mb4 COLLATE utf8mb4_unicode_ci DEFAULT 'Male',
  PRIMARY KEY (`id`),
  UNIQUE KEY `uniq_staff_user` (`user_id`),
  UNIQUE KEY `uq_staff_code` (`staff_code`),
  KEY `idx_staff_type` (`staff_type`),
  KEY `idx_staff_status` (`employment_status`),
  CONSTRAINT `fk_staff_user` FOREIGN KEY (`user_id`) REFERENCES `users` (`id`) ON DELETE SET NULL
) ENGINE=InnoDB AUTO_INCREMENT=38 DEFAULT CHARSET=utf8mb4 COLLATE=utf8mb4_unicode_ci;
/*!40101 SET character_set_client = @saved_cs_client */;

--
-- Dumping data for table `staff_profiles`
--

LOCK TABLES `staff_profiles` WRITE;
/*!40000 ALTER TABLE `staff_profiles` DISABLE KEYS */;
INSERT INTO `staff_profiles` VALUES (2,11,'','Supervisor 1',NULL,'Single',NULL,'Ghanaian',NULL,'','',NULL,NULL,'',NULL,'','',NULL,NULL,NULL,NULL,NULL,NULL,NULL,NULL,NULL,'teaching',NULL,'',NULL,NULL,'active','2026-04-14 02:07:01','2026-04-15 22:46:10','','','','','','','','','','','','','','','','','','SMIS007-26','Male'),(10,NULL,'https://drive.google.com/open?id=1ZyWnu0lNsAXhOl_NiNHqlphxeBmbtKYb','Theresa Ewusiwaa Afful','1997-09-10','Single',NULL,'GHANAIAN','0548276855','GHA-000424848-8','BO19609100020','GC-036-3917','ADU GYAMFI STREET','CATHOLIC','TWI, FANTI AND GA','DEGREE','Distance Education','2015-09-18',NULL,NULL,NULL,NULL,NULL,NULL,'','','teaching',NULL,'',NULL,NULL,'inactive','2026-04-16 05:15:27','2026-04-17 00:56:10','','0548276855','GC-036-3917','','','','','','','RHODALIH GYASIWAA AFFUL','0548405319','Rhodalin Gyasiwaa Afful','548405319','GC-036-3917- Adu Gyamfi - sowutuom','Samuel Afful','548389899','GC-036-3917-Adu Gyamfi - sowutuom','SMIS010-15','Female'),(11,NULL,'https://drive.google.com/open?id=141x78FikqkKYo-Y2rSbkE65lk_Q3M8Ub','Charlotte Sakyi','1997-08-18','Single',NULL,'Ghanaian','0552911688','GHA- 0001925166','000000','GC 1124514','Atlas','Christian','TWI','Wacce','wassce','2023-05-10',NULL,NULL,NULL,NULL,NULL,NULL,'','','teaching',NULL,NULL,NULL,NULL,'inactive','2026-04-16 05:15:27','2026-04-17 00:53:29',NULL,'0552911688','GC 1124514',NULL,NULL,NULL,NULL,NULL,NULL,'Charlotte Ofosuhene','','Charlotte Ofosuhene','244731248','GC 1124514','Abena Amponsah','244821180','GC 1124514','SMIS011-23','Male'),(12,NULL,'https://drive.google.com/open?id=1C8ON-BdJMYc_M7iGTgVOQuE5Jy5WKodl','Patricia Morrison','1999-09-22','Single',NULL,'Ghanaian','571302387','GHA-000613374-6','000000','Go-088-8813','Pentecost','Christian','TWI,FANTE,AKUAPIM','Wacce','Wacce',NULL,NULL,NULL,NULL,NULL,NULL,NULL,'','','teaching',NULL,NULL,NULL,NULL,'inactive','2026-04-16 05:15:27','2026-04-17 00:55:35',NULL,'571302387','Go-088-8813',NULL,NULL,NULL,NULL,NULL,NULL,'Precious Baidoo','0256259888','Leticia Baidoo','256259888','Go-088-8813','Leticia Baidoo / Precious Morrison','0256616650/0256259888','Go-088-8813','SMIS012-26','Male'),(13,NULL,'https://drive.google.com/open?id=1SF3l6x-XJt9CuPJvxvu--nEiKFBnN9s2','GLORIA APPIADU','1993-03-15','Married',NULL,'GHANAIAN','276195415','GHA 7214365321','K019303150049','Ablekuma Fanmilk','Ablekuma Fanmilk','Christianity','TWI,GA','Diploma','College of Education','2021-03-17',NULL,NULL,NULL,NULL,NULL,NULL,'','','teaching',NULL,NULL,NULL,NULL,'inactive','2026-04-16 05:15:27','2026-04-17 00:55:17',NULL,'276195415','Ablekuma Fanmilk',NULL,NULL,NULL,NULL,NULL,NULL,'Emmanuel Oko Quaye','0549169003','EMMANUEL OKO QUAYE','549169003','Ablekuma Fanmilk','MATILDA YARTEY','554408152','Mallam','SMIS013-21','Male'),(14,17,'https://drive.google.com/open?id=18jBHym9gfrudxxBnyy3EZuUUhesoHK0d','ELIZABETH KWAFO','1994-07-02','Single',NULL,'Ghanaian','240615131','Gh-001833196-1','C129407020021','Gc-133-8432','Church','Christian','GA,TWI','Certificate in journalism','College of Education(Private)','2022-09-15',NULL,NULL,NULL,NULL,NULL,NULL,'','','teaching',NULL,NULL,NULL,NULL,'active','2026-04-16 05:15:27','2026-04-16 05:22:19',NULL,'240615131','Gc-133-8432',NULL,NULL,NULL,NULL,NULL,NULL,'Enoch Sakyi','0558197975','Victoria Adamptey','556379969','Atlas','Thomas Sagoe','556171475','Adeiso','SMIS014-22','Male'),(15,NULL,'https://drive.google.com/open?id=1wYtTh2WQFxE9AzzacMN90tUhTbVi7Dkv','ADRIANA OWUSU AGYEMAN','1998-10-20','Single',NULL,'GHANAIAN','0597238443','GHA-006983092-3','000000','000000','WINNERS STREET','CHRISTIAN','TWI,FANTI','WASCCE','WASCCE','2018-05-23',NULL,NULL,NULL,NULL,NULL,NULL,'','','teaching',NULL,NULL,NULL,NULL,'inactive','2026-04-16 05:15:27','2026-04-17 00:53:19',NULL,'0597238443','000000',NULL,NULL,NULL,NULL,NULL,NULL,'EVELYN ANTWIAA','','EBENEZER ANSAH','0543554812','MADINA','EVELYN ANTWIAA','0597238384','AUNTIE AKU','SMIS015-18','Male'),(16,NULL,'https://drive.google.com/open?id=1ev-KzXP_XFm9smXKb7kv2VXaHLc_H0_9','PATRICIA BAAH','1986-04-18','Married',NULL,'GHANIAN','249954364','GHA-713101676-2','0000000','MENSAH ADDO MEMORIAL SCHOOL GC-083-6236','MENSAH ADDO MEMORIAL SCHOOL','CHRISTIAN','TWI','HND','College of Education','2023-02-09',NULL,NULL,NULL,NULL,NULL,NULL,'','','teaching',NULL,NULL,NULL,NULL,'inactive','2026-04-16 05:15:27','2026-04-17 00:55:29',NULL,'249954364','MENSAH ADDO MEMORIAL SCHOOL GC-083-6236',NULL,NULL,NULL,NULL,NULL,NULL,'KWAME ATTA','0243455720','KWAME ATTA','243455720','MENSAH ADDO MEMORIAL SCHOOL OMANJOR GC-083-6236','REGINA ABOAGYEWAA','240501720','MENSAH ADDO MEMORIAL SCHOOL OMANJOR GC-083-6236','SMIS016-23','Male'),(17,NULL,'https://drive.google.com/open?id=1NxMbNqo-KKGfgxaMTtzZxnWM-J8UGz4x','RICHARD COKER','1984-05-01','Married',NULL,'GHANAIAN','+233 543808502','GHA-725672777-6','000000','Nsunfa, Awoyo lane','Near the Presbyterian Church of Ghana, Nsunfa','Christian','FANTE, TWI, GA','First Degree','University of Education','2023-02-15',NULL,NULL,NULL,NULL,NULL,NULL,'','','teaching',NULL,NULL,NULL,NULL,'active','2026-04-16 05:15:27','2026-04-16 05:15:27',NULL,'+233 543808502','Nsunfa, Awoyo lane',NULL,NULL,NULL,NULL,NULL,NULL,'MRS. HELEN COKER  :','0552725969','HELEN COKER','552725969','Nsunfa, Accra','MERCY COKER','545961853','Ablekuma, Accra.','SMIS017-23','Male'),(18,NULL,'https://drive.google.com/open?id=13pqVPdodR500p0adKTUtvNV1eCIDTmSs','Jerry Hini','2003-05-16','Single',NULL,'Ghanaian','0599957331','GHA-712937710-9','0','GC-021-5301','Kokompe park','Christian','English Twi and Ewe','Wacce','College of Education(Private)','2023-01-28',NULL,NULL,NULL,NULL,NULL,NULL,'Volta Region','','teaching',NULL,NULL,NULL,NULL,'inactive','2026-04-16 05:15:27','2026-04-17 00:55:23',NULL,'0599957331','GC-021-5301',NULL,NULL,NULL,NULL,NULL,NULL,'Emma Hini','0246318006','Emmanuella Hini','0246318006','GC-021-5301','-','-','-','SMIS018-23','Male'),(19,NULL,'https://drive.google.com/open?id=1hthY3IkM84h3AxiiCHDobJAvXVQ2bYn1','Rose Osei-Ampem','1976-10-04','Married',NULL,'Ghanaian','0277117099','000707027-3','C017610040183','Top Hill','Pentecost Church','Greater Accra','Ga, Hausa and Twi','Diploma','University of Education','2023-10-09',NULL,NULL,NULL,NULL,NULL,NULL,'Kwahu Nkwatia','','teaching',NULL,NULL,NULL,NULL,'inactive','2026-04-16 05:15:27','2026-04-17 00:55:47',NULL,'0277117099','Top Hill',NULL,NULL,NULL,NULL,NULL,NULL,'Jonathan Appau','0208501498','Jonathan Appau','0208501498','Lomnava London Hills Accra','J.K A-Danquah','0599418958','Liver More Street.\nAccra','SMIS019-23','Male'),(20,NULL,'https://drive.google.com/open?id=1CpWjCaaERciTy_pL7uBxhSR0HZwR1SY_','Gloria Dzifa Mante-Sarfo','1984-07-30','Married',NULL,'Ghanaian','0200942905','GHA-728991568-1','C018507300201','GC-084-7725','Ellen Hotel Junction','Christianity','Twi, Ga, Krobo','Degree','University of Gha','2024-01-15',NULL,NULL,NULL,NULL,NULL,NULL,'Sogakofe','','teaching',NULL,NULL,NULL,NULL,'active','2026-04-16 05:15:27','2026-04-16 05:15:27',NULL,'0200942905','GC-084-7725',NULL,NULL,NULL,NULL,NULL,NULL,'0597554122 Ebenezer Mante-Sarfo','','Ebenezer Mante-Sarfo','0597554122','GC-084-7725','Ebenezer Arthur','0554501219','GC-084-7725','SMIS020-24','Male'),(21,NULL,'https://drive.google.com/open?id=177UoVqqXEtLSf0eboWrt6g1kwdeQn_da','ESTHER OWUSU MENSAH','2004-03-19','Single',NULL,'GHANAIAN','0536395422','GHA-729318375-5','A180403190024','SOWUTUOM, ANUM RIVER STREET','HEAVENLY CHURCH','CHRISTIAN','TWI,FANTE','SHS GRADUATE','Evening course','2024-05-27',NULL,NULL,NULL,NULL,NULL,NULL,'TAKORADI','Fidelity bank,2030789898610,Lapaz','teaching',NULL,NULL,NULL,NULL,'inactive','2026-04-16 05:15:27','2026-04-17 00:53:38',NULL,'0536395422','SOWUTUOM, ANUM RIVER STREET',NULL,NULL,NULL,NULL,NULL,NULL,'0536395422','','JOHN ASANTE','0247134168','SOWUTUOM,NII ADDY STREET','FAUSTINA OWUSU MENSAH','0574854667','SOWUTUOM,ANUM RIVER STREET','SMIS021-24','Male'),(22,25,'https://drive.google.com/open?id=1gPrub4kHUFwNszenv_JEKmS_EFPlDX1o','Gladys Twumwah','1983-10-07','Separated',NULL,'Ghanaian','0246539414','GHA-000367712-2','','Nsakina-Ablekuma','Jocas Guest House','Christian','Twi, Ga','SHS','SHS','2024-09-05',NULL,NULL,NULL,NULL,NULL,NULL,'Asakraka kwaha','','teaching',NULL,NULL,NULL,NULL,'active','2026-04-16 05:15:27','2026-04-16 05:23:02',NULL,'0246539414','Nsakina-Ablekuma',NULL,NULL,NULL,NULL,NULL,NULL,'Prince Danso','','Prince Danso','0244863064','Mpraeso kwahu','Georgina Nyamekye','0248015645','Atibie kwahu','SMIS022-24','Male'),(23,26,'https://drive.google.com/open?id=1P-GNLby68TuvAxWmRJ5HXtzIPM6Pc2Be','Francisca Eshun','1997-07-13','Single',NULL,'Ghanaian','0247837034','GHA-001857444-1','0000000000','Santa Maria (Jah love)','Jah love hotel','Christian','Twi, Fante and Ga','Bachelor\'s degree','University of Education','2024-10-25',NULL,NULL,NULL,NULL,NULL,NULL,'Komenda','First National Bank - 62001846560- West hills branch','teaching',NULL,NULL,NULL,NULL,'active','2026-04-16 05:15:27','2026-04-16 05:24:15',NULL,'0247837034','Santa Maria (Jah love)',NULL,NULL,NULL,NULL,NULL,NULL,'Dorothy Eshun -','0244678555','Dorothy Eshun','0244678555','Santa Maria ( Jah love)','Gladys Arhin','0241265584','Kasoa(Nyanyano)','SMIS023-24','Male'),(24,NULL,'https://drive.google.com/open?id=1jFWzgFwnyjJygk6T-JnfcVm2t9igTxwt','Rachael Ashley','1999-06-28','Single',NULL,'Ghanaian','0550100234','GHA-000941385-2','C019906280164','14 Darkubi Street','St Anglican Church','Christian','Twi, Fante and Ga','Diploma','Shipping Management','2024-09-05',NULL,NULL,NULL,NULL,NULL,NULL,'Kwabenya','ADB. 3042000143378301. Mankessim','teaching',NULL,NULL,NULL,NULL,'inactive','2026-04-16 05:15:27','2026-04-17 00:55:41',NULL,'0550100234','14 Darkubi Street',NULL,NULL,NULL,NULL,NULL,NULL,'Cynthia Teye.','0557202933','Cynthia Teye','0557202933','14 Darkubi Street. Odorkor, Official Town','Grace Sackey','0243629268','Kwashi Nyako Street 24. Darkuman','SMIS024-24','Male'),(25,NULL,'https://drive.google.com/open?id=1KPlkJ9vlkKWR4tGWSyedePFAu_MB5aVs','Acheampong Osei Alexander','2003-06-05','Single',NULL,'Ghanaian','0551857450','726238399-3','','035-6014 sowutuom','Zelix plaza','Christianity','Twi','Degree','College of Education','2024-08-09',NULL,NULL,NULL,NULL,NULL,NULL,'Nkawkaw','Acheampong Osei Alexander. Ghana Commercial Bank .1131010083338','teaching',NULL,NULL,NULL,NULL,'inactive','2026-04-16 05:15:27','2026-04-17 00:52:49',NULL,'0551857450','035-6014 sowutuom',NULL,NULL,NULL,NULL,NULL,NULL,'Peter Osei','0244452250','Peter Osei','0244452250','035-6014Sowutuom','Rose Osei','0257601222','035-6014 Sowutuom','SMIS025-24','Male'),(26,29,'https://drive.google.com/open?id=10-L7ArMv63qUJpGjF9XGXzK5wkadkdfq','Awotwe Rita','0094-07-24','Married',NULL,'Ghanaian','0268043601','GHA-722190686-9','GHA-722190686-9','Sowutuom Nsunfa','Christ Apostolic Church','Christian','English, Ewe, Twi','Senior High School','Senior High School','0024-01-09',NULL,NULL,NULL,NULL,NULL,NULL,'Kpetoe','Fidelity Bank 2100880486618 Adjen kotoku','teaching',NULL,NULL,NULL,NULL,'active','2026-04-16 05:15:27','2026-04-16 05:23:54',NULL,'0268043601','Sowutuom Nsunfa',NULL,NULL,NULL,NULL,NULL,NULL,'Celestine Hodor','0242517040','Justice OWUSU Akyeaw','0557657900','Nsawam - Doboro','Nancy Hodor','0246095683','Lapaz','SMIS026-24','Male'),(27,30,'https://drive.google.com/open?id=1sUDcImMaBOyYHpTDMjvN_2cp3mHFBtoz','GUNU DIANA','2002-03-30','Single',NULL,'GHANAIAN','0550376840','GHA-713996903-1','7139969031','ABLEKUMA AGAPE DOWN / GC-189-0549','NOORIA ISLAMIC SCHOOL','CHRISTIAN','EWE,TWI AND ENGLISH','DIPLOMA IN  EARLY CHILDHOOD AND MONTESSORI EDUCATION','College of Education(Private)','2024-09-05',NULL,NULL,NULL,NULL,NULL,NULL,'TSYOME AFEDO','NIA-NOUS INDUSTRIAL AREA   9040012881651,','teaching',NULL,NULL,NULL,NULL,'active','2026-04-16 05:15:27','2026-04-16 05:24:58',NULL,'0550376840','ABLEKUMA AGAPE DOWN / GC-189-0549',NULL,NULL,NULL,NULL,NULL,NULL,'MRS. ELIZABETH DOGLOKUMAH/GUNU','0545058283','ELIZABETH DOGLOKUMAH GUNU','0545058283','SOWUTOUM - OMANJOR','ABIBATU ALI BAADA','0245175741','GC- 190-3768 / ABLEKUMA AGAPE DOWN','SMIS027-24','Male'),(28,31,'https://drive.google.com/open?id=1SoSNLEL5XQHumCwhDB82aXaz6hT71mcL','Francis Kweku Addae Sam','1981-12-31','Married',NULL,'Ghanaian','0592687570','G5299326','C018112310798','Sowutuom','Near Salaba Montessori International School','Christian','Ewe','Post-Graduate Diploma in Education','University of Education','2022-01-10',NULL,NULL,NULL,NULL,NULL,NULL,'Agona Swedru','GCB 1501010090973','teaching',NULL,NULL,NULL,NULL,'active','2026-04-16 05:15:27','2026-04-17 00:58:50',NULL,'0592687570','Sowutuom',NULL,NULL,NULL,NULL,NULL,NULL,'0598025365 Yovo Abla Cecile','','Kate Sam','0557340558','Sowutuom','Mary Sam','0241577898','Dodowa','SMIS028-22','Male'),(29,NULL,'https://drive.google.com/open?id=1Y3oFWuyqOKQvvJ0Q4nqoOdxys4LBOHeA','Sandra Pomaah Asare','2000-08-03','Single',NULL,'Ghana','0591916219','0048277400','20220231077','Accra','Mosque','Christian','Twi','Senior High school','S.H.S','2024-01-10',NULL,NULL,NULL,NULL,NULL,NULL,'Kumawu','Bank name: Sandra Pomaah Asare , Account number:,0191628958791, Branch,Abeka Lapaz','teaching',NULL,NULL,NULL,NULL,'inactive','2026-04-16 05:15:27','2026-04-17 00:55:55',NULL,'0591916219','Accra',NULL,NULL,NULL,NULL,NULL,NULL,'0246901989','','Kwabena Asumadu','0246901989','Kumawu','Michael Abanga','0249888110','Takoradi','SMIS029-24','Male'),(30,NULL,'https://drive.google.com/open?id=1GZghIcEMb63HMkaWW_uW76_Dp3GcoPGX','AGBAWU DIVINE','2001-09-17','Single',NULL,'Ghanaian','0505637035','GHA-723602600-6','','ASEEM ST GC-032-0903','FEKAMS COMPANY','Christian','Ewe and Twi','SHS certificate','University of Education','2025-05-06',NULL,NULL,NULL,NULL,NULL,NULL,'Afife','GCB, 1501010102030, Lapaz Naymekye branch','teaching',NULL,NULL,NULL,NULL,'inactive','2026-04-16 05:15:27','2026-04-17 00:53:11',NULL,'0505637035','ASEEM ST GC-032-0903',NULL,NULL,NULL,NULL,NULL,NULL,'0599248603','','KOVOR PEACE','0594483019','ASEEM ST GC-032-0903','ADDADEY WINFRED','0245545632','ASEET ST GC-032-0903','SMIS030-25','Male'),(31,NULL,'https://drive.google.com/open?id=1fh7pSavGzaZdgR5D56kL8Vz_lNUZLAAE','YEBOAH DAVID MENSAH','1995-05-02','Single',NULL,'GHANAIAN','0544207687 / 0205392387','GHA-725990007-5','E149505020050','SOWUTUOM','AGBEVE HOSPITAL','CHRISTIANITY','TWI','UNIVERSITY','University of Education','2025-05-28',NULL,NULL,NULL,NULL,NULL,NULL,'APEGUSO','GA RURAL BANK, 1930309301432951, ABLEKUMA','teaching',NULL,NULL,NULL,NULL,'inactive','2026-04-16 05:15:27','2026-04-17 00:56:18',NULL,'0544207687 / 0205392387','SOWUTUOM',NULL,NULL,NULL,NULL,NULL,NULL,'DAVID 0544207687 /','0205392387','YEBOAH DAVID MENSAH','0544207687','SOWUTUOM','YEBOAH DAVID MENSAH','0544207687','SOWUTUOM','SMIS031-25','Male'),(32,35,'https://drive.google.com/open?id=1BtKuMS25UVcVkSCu9ooU0Z38cappOhS1','Obed Elikplim Dzah','1999-06-05','Single',NULL,'Ghanaian','0546077202','GHA-726070185-0','C019906050215','Asofan, Capital Hills. GW-0829-8545','Abu station/C.A.C No.2/A-Wise Hotel','Christian','Ewe, Twi','Degree','College of Education','2025-09-15',NULL,NULL,NULL,NULL,NULL,NULL,'Akrofu Agove','62002113752','teaching',NULL,NULL,NULL,NULL,'active','2026-04-16 05:15:27','2026-04-17 00:59:01',NULL,'0546077202','Asofan, Capital Hills. GW-0829-8545',NULL,NULL,NULL,NULL,NULL,NULL,'0242077099 Rejoice Dzah, Divine Dzah','0541416080','Mr. Robert Afful','0543222446','Sowotuom Anyaa','Mr. George Nyame','0559661658','Asofan, Capital Hills.','SMIS032-25','Male'),(33,36,'https://drive.google.com/open?id=1U8dQqYZV46u5OJpKUWBt8XHacW9Aqfar','EZEKIEL KOJO AMEGBE','1994-06-06','Single',NULL,'GHANAIAN','0200296827 / 0554629474','0006188599','C019406060937','Gps-Gc-077-0601 (A-LANG)','SAMPSON GUEST HOUSE','CHRISTIAN','EWE, TWI, GA','BACHELORS DEGREE','UNIVERSITY OF GHANA','2025-09-05',NULL,NULL,NULL,NULL,NULL,NULL,'MEPE','2286131600001','teaching',NULL,'Teaching Staff',NULL,NULL,'active','2026-04-16 05:15:27','2026-04-17 00:54:21','','0200296827 / 0554629474','Gps-Gc-077-0601 (A-LANG)','','','','','','','BEATRICE AMEGBE (SISTER)','0202131945','BEATRICE DZIFA AMEGBE','0202131945','CAPE COAST REGIONAL HOSPITAL','ROSINA GAKPETOR','0208316212','Gps-Gc-077-0601 (A-LANG)','SMIS033-25','Male'),(34,37,'https://drive.google.com/open?id=1I98i77mOMZkEepPBCKGSSkATaz9C_C_2','GIFTY OWIRRDUA LANQUAYE MILLS','1970-04-19','Separated',NULL,'GHANAIAN','0249692690/0267796917','GHA0006051813','F17700490024','Sabe- st. GA-5789365','Behind victory Bible church','CHRISTIAN','TWI, GA ,FANTE','Sandwich Programme','Sandwich Programme','2025-09-02',NULL,NULL,NULL,NULL,NULL,NULL,'AKROPONG AKUAPIM','FIRST BANK GHANA 0173010007377','teaching',NULL,NULL,NULL,NULL,'active','2026-04-16 05:15:27','2026-04-16 05:24:45',NULL,'0249692690/0267796917','Sabe- st. GA-5789365',NULL,NULL,NULL,NULL,NULL,NULL,'ROSEMARY KWAKYE OKYERE','0247218340','Mrs. Rosemary Kwakye Okyere','0247218340','Sabie st.GA-5789365','Anna Yaa Menubea Okyere','0545348387','Sabe- st. GA-5789365','SMIS034-25','Male'),(35,38,'https://drive.google.com/open?id=1silbZVoU0cCURRzPwDH2A_EysdTZpoZB','Tetteh Henry','2000-01-01','Single',NULL,'Ghanian','0506813116','GHA_721581986_9','E010001010058','Ogbojo (GD_109_9698)','Blessed care Montessori','Christian','Ga_ Adangbe','Bece','SHS','2020-03-05',NULL,NULL,NULL,NULL,NULL,NULL,'Ayikumah','OmniBSIC Bank : 0010250778018: Odorkor B','teaching',NULL,NULL,NULL,NULL,'active','2026-04-16 05:15:27','2026-04-16 05:24:08',NULL,'0506813116','Ogbojo (GD_109_9698)',NULL,NULL,NULL,NULL,NULL,NULL,'0256944866','','Henry','0506813116','Ogbojo','Desmond','0256944866','Ogbojo','SMIS035-20','Male'),(36,39,'https://drive.google.com/open?id=1x4IE7kH8FRrgQ0mpzvyJHE14_fvDRLKK','Ebenezer Sarkwah','1990-05-17','Single',NULL,'Ghanaian','0574845791','GHA-728995393-1','C019005170792','Santa Maria, 9 Saakwa street','Near Benab filling station','Christian','Twi,fante','Degree','Distance Education','2009-09-01',NULL,NULL,NULL,NULL,NULL,NULL,'Gomoa Obuasi','Fidelity Bank , (2100142324114),Okaishie','teaching',NULL,NULL,NULL,NULL,'active','2026-04-16 05:15:27','2026-04-16 05:26:01',NULL,'0574845791','Santa Maria, 9 Saakwa street',NULL,NULL,NULL,NULL,NULL,NULL,'0244542292','','James Sarkwah','0244542292','Santa Maria,9 Saakwa street','Joseph Sarkwah','0547032691','Santa Maria,9 Saakwa street','SMIS036-09','Male'),(37,40,'assets/uploads/staff/staff_1776317371_610.png','ACHEAMPONG KUSI JENNIFER','1983-04-20','Married',NULL,'GHANAIAN','02777770111 and 0246211615','GHA-725571855-3','C-018304200302','ABLEKUMA FAN MILK ACCRA','AL--FIRDAUS MOSQUE','CHRISTIAN','TWI,GA','DIPLOMA IN BASIC EDUCATION','College of Education','2026-01-20',NULL,NULL,NULL,NULL,NULL,NULL,'KUMASI MAMPONTEN','Ecobank account number 1441004910329','teaching',NULL,'',NULL,NULL,'active','2026-04-16 05:15:27','2026-04-16 05:29:31','','02777770111 and 0246211615','ABLEKUMA FAN MILK ACCRA','','','','','','','0246211615','','0277770111','0241684875','ABLEKUMA PENTECOST JUNCTION','0242940848','0254385411','ACCRA ABLEKUMA PENTECOST JUNCTION','SMIS037-26','Female');
/*!40000 ALTER TABLE `staff_profiles` ENABLE KEYS */;
UNLOCK TABLES;

--
-- Table structure for table `student_fees`
--

DROP TABLE IF EXISTS `student_fees`;
/*!40101 SET @saved_cs_client     = @@character_set_client */;
/*!40101 SET character_set_client = utf8 */;
CREATE TABLE `student_fees` (
  `id` int NOT NULL AUTO_INCREMENT,
  `student_id` int NOT NULL,
  `fee_id` int NOT NULL,
  `amount` decimal(10,2) DEFAULT '0.00',
  `amount_paid` decimal(10,2) NOT NULL DEFAULT '0.00',
  `semester` varchar(50) CHARACTER SET utf8mb4 COLLATE utf8mb4_unicode_ci DEFAULT NULL,
  `academic_year` varchar(9) CHARACTER SET utf8mb4 COLLATE utf8mb4_unicode_ci DEFAULT NULL,
  `notes` text CHARACTER SET utf8mb4 COLLATE utf8mb4_unicode_ci,
  `assigned_date` datetime DEFAULT CURRENT_TIMESTAMP,
  `due_date` date DEFAULT NULL,
  `status` enum('pending','due','paid','overdue','cancelled') CHARACTER SET utf8mb4 COLLATE utf8mb4_unicode_ci DEFAULT 'pending',
  PRIMARY KEY (`id`),
  KEY `student_id` (`student_id`),
  KEY `fee_id` (`fee_id`),
  KEY `idx_student_fees_status` (`status`),
  KEY `idx_student_fees_due_date` (`due_date`),
  KEY `idx_student_fees_assigned_date` (`assigned_date`),
  KEY `idx_student_fees_scope` (`student_id`,`fee_id`,`semester`,`academic_year`)
) ENGINE=InnoDB AUTO_INCREMENT=2532 DEFAULT CHARSET=utf8mb4 COLLATE=utf8mb4_unicode_ci;
/*!40101 SET character_set_client = @saved_cs_client */;

--
-- Dumping data for table `student_fees`
--

LOCK TABLES `student_fees` WRITE;
/*!40000 ALTER TABLE `student_fees` DISABLE KEYS */;
INSERT INTO `student_fees` VALUES (1,18,10,250.00,250.00,'First Semester','2025/2026','','2025-10-01 18:26:32','2025-10-31','paid'),(2,45,10,250.00,250.00,'First Semester','2025/2026','','2025-10-01 18:26:32','2025-10-31','paid'),(3,92,10,250.00,250.00,'First Semester','2025/2026','','2025-10-01 18:26:32','2025-10-31','paid'),(4,20,5,250.00,250.00,'First Semester','2025/2026','','2025-10-01 18:43:33','2025-10-31','paid'),(5,26,5,250.00,250.00,'First Semester','2025/2026','','2025-10-01 18:43:33','2025-10-31','paid'),(6,39,5,250.00,250.00,'First Semester','2025/2026','','2025-10-01 18:43:33','2025-10-31','paid'),(7,62,5,250.00,250.00,'First Semester','2025/2026','','2025-10-01 18:43:33','2025-10-31','paid'),(8,69,5,250.00,250.00,'First Semester','2025/2026','','2025-10-01 18:43:33','2025-10-31','paid'),(9,105,5,250.00,250.00,'First Semester','2025/2026','','2025-10-01 18:43:33','2025-10-31','paid'),(10,106,5,250.00,250.00,'First Semester','2025/2026','','2025-10-01 18:43:33','2025-10-31','paid'),(11,107,5,250.00,250.00,'First Semester','2025/2026','','2025-10-01 18:43:33','2025-10-31','paid'),(12,115,5,250.00,250.00,'First Semester','2025/2026','','2025-10-01 18:43:33','2025-10-31','paid'),(13,116,5,250.00,250.00,'First Semester','2025/2026','','2025-10-01 18:43:33','2025-10-31','paid'),(14,20,9,30.00,30.00,'First Semester','2025/2026','','2025-10-01 19:07:19','2025-10-31','paid'),(15,20,11,70.00,70.00,'First Semester','2025/2026','','2025-10-01 19:07:19','2025-10-31','paid'),(16,20,8,30.00,30.00,'First Semester','2025/2026','','2025-10-01 19:07:19','2025-10-31','paid'),(17,26,9,30.00,30.00,'First Semester','2025/2026','','2025-10-01 19:07:19','2025-10-31','paid'),(18,26,11,70.00,70.00,'First Semester','2025/2026','','2025-10-01 19:07:19','2025-10-31','paid'),(19,26,8,30.00,30.00,'First Semester','2025/2026','','2025-10-01 19:07:19','2025-10-31','paid'),(20,39,9,30.00,30.00,'First Semester','2025/2026','','2025-10-01 19:07:19','2025-10-31','paid'),(21,39,11,70.00,70.00,'First Semester','2025/2026','','2025-10-01 19:07:19','2025-10-31','paid'),(22,39,8,30.00,30.00,'First Semester','2025/2026','','2025-10-01 19:07:19','2025-10-31','paid'),(23,62,9,30.00,30.00,'First Semester','2025/2026','','2025-10-01 19:07:19','2025-10-31','paid'),(24,62,11,70.00,70.00,'First Semester','2025/2026','','2025-10-01 19:07:19','2025-10-31','paid'),(25,62,8,30.00,30.00,'First Semester','2025/2026','','2025-10-01 19:07:19','2025-10-31','paid'),(26,69,9,30.00,30.00,'First Semester','2025/2026','','2025-10-01 19:07:19','2025-10-31','paid'),(27,69,11,70.00,70.00,'First Semester','2025/2026','','2025-10-01 19:07:19','2025-10-31','paid'),(28,69,8,30.00,30.00,'First Semester','2025/2026','','2025-10-01 19:07:19','2025-10-31','paid'),(29,105,9,30.00,30.00,'First Semester','2025/2026','','2025-10-01 19:07:19','2025-10-31','paid'),(30,105,11,70.00,70.00,'First Semester','2025/2026','','2025-10-01 19:07:19','2025-10-31','paid'),(31,105,8,30.00,30.00,'First Semester','2025/2026','','2025-10-01 19:07:19','2025-10-31','paid'),(32,106,9,30.00,30.00,'First Semester','2025/2026','','2025-10-01 19:07:19','2025-10-31','paid'),(33,106,11,70.00,70.00,'First Semester','2025/2026','','2025-10-01 19:07:19','2025-10-31','paid'),(34,106,8,30.00,30.00,'First Semester','2025/2026','','2025-10-01 19:07:19','2025-10-31','paid'),(35,107,9,30.00,30.00,'First Semester','2025/2026','','2025-10-01 19:07:19','2025-10-31','paid'),(36,107,11,70.00,70.00,'First Semester','2025/2026','','2025-10-01 19:07:19','2025-10-31','paid'),(37,107,8,30.00,30.00,'First Semester','2025/2026','','2025-10-01 19:07:19','2025-10-31','paid'),(38,31,8,30.00,0.00,'First Semester','2025/2026','','2025-10-01 19:08:31','2025-10-31','pending'),(39,31,5,450.00,0.00,'First Semester','2025/2026','','2025-10-01 19:08:31','2025-10-31','pending'),(40,31,11,70.00,0.00,'First Semester','2025/2026','','2025-10-01 19:08:31','2025-10-31','pending'),(41,31,9,30.00,0.00,'First Semester','2025/2026','','2025-10-01 19:08:31','2025-10-31','pending'),(42,32,8,30.00,30.00,'First Semester','2025/2026','','2025-10-01 19:08:31','2025-10-31','paid'),(43,32,5,450.00,450.00,'First Semester','2025/2026','','2025-10-01 19:08:31','2025-10-31','paid'),(44,32,11,70.00,70.00,'First Semester','2025/2026','','2025-10-01 19:08:31','2025-10-31','paid'),(45,32,9,30.00,30.00,'First Semester','2025/2026','','2025-10-01 19:08:31','2025-10-31','paid'),(46,46,8,30.00,30.00,'First Semester','2025/2026','','2025-10-01 19:08:31','2025-10-31','paid'),(47,46,5,450.00,450.00,'First Semester','2025/2026','','2025-10-01 19:08:31','2025-10-31','paid'),(48,46,11,70.00,70.00,'First Semester','2025/2026','','2025-10-01 19:08:31','2025-10-31','paid'),(49,46,9,30.00,30.00,'First Semester','2025/2026','','2025-10-01 19:08:31','2025-10-31','paid'),(50,65,8,30.00,30.00,'First Semester','2025/2026','','2025-10-01 19:08:31','2025-10-31','paid'),(51,65,5,450.00,450.00,'First Semester','2025/2026','','2025-10-01 19:08:31','2025-10-31','paid'),(52,65,11,70.00,70.00,'First Semester','2025/2026','','2025-10-01 19:08:31','2025-10-31','paid'),(53,65,9,30.00,30.00,'First Semester','2025/2026','','2025-10-01 19:08:31','2025-10-31','paid'),(54,71,8,30.00,30.00,'First Semester','2025/2026','','2025-10-01 19:08:31','2025-10-31','paid'),(55,71,5,450.00,450.00,'First Semester','2025/2026','','2025-10-01 19:08:31','2025-10-31','paid'),(56,71,11,70.00,70.00,'First Semester','2025/2026','','2025-10-01 19:08:31','2025-10-31','paid'),(57,71,9,30.00,30.00,'First Semester','2025/2026','','2025-10-01 19:08:31','2025-10-31','paid'),(58,75,8,30.00,30.00,'First Semester','2025/2026','','2025-10-01 19:08:31','2025-10-31','paid'),(59,75,5,450.00,450.00,'First Semester','2025/2026','','2025-10-01 19:08:31','2025-10-31','paid'),(60,75,11,70.00,70.00,'First Semester','2025/2026','','2025-10-01 19:08:31','2025-10-31','paid'),(61,75,9,30.00,30.00,'First Semester','2025/2026','','2025-10-01 19:08:31','2025-10-31','paid'),(62,93,8,30.00,30.00,'First Semester','2025/2026','','2025-10-01 19:08:31','2025-10-31','paid'),(63,93,5,450.00,450.00,'First Semester','2025/2026','','2025-10-01 19:08:31','2025-10-31','paid'),(64,93,11,70.00,70.00,'First Semester','2025/2026','','2025-10-01 19:08:31','2025-10-31','paid'),(65,93,9,30.00,30.00,'First Semester','2025/2026','','2025-10-01 19:08:31','2025-10-31','paid'),(66,97,8,30.00,30.00,'First Semester','2025/2026','','2025-10-01 19:08:31','2025-10-31','paid'),(67,97,5,450.00,450.00,'First Semester','2025/2026','','2025-10-01 19:08:31','2025-10-31','paid'),(68,97,11,70.00,70.00,'First Semester','2025/2026','','2025-10-01 19:08:31','2025-10-31','paid'),(69,97,9,30.00,30.00,'First Semester','2025/2026','','2025-10-01 19:08:31','2025-10-31','paid'),(70,104,8,30.00,30.00,'First Semester','2025/2026','','2025-10-01 19:08:31','2025-10-31','paid'),(71,104,5,450.00,450.00,'First Semester','2025/2026','','2025-10-01 19:08:31','2025-10-31','paid'),(72,104,11,70.00,70.00,'First Semester','2025/2026','','2025-10-01 19:08:31','2025-10-31','paid'),(73,104,9,30.00,30.00,'First Semester','2025/2026','','2025-10-01 19:08:31','2025-10-31','paid'),(74,23,1,800.00,800.00,'First Semester','2025/2026','','2025-10-01 19:18:35','2025-10-31','paid'),(75,23,9,30.00,30.00,'First Semester','2025/2026','','2025-10-01 19:18:35','2025-10-31','paid'),(76,20,2,1040.00,1040.00,'First Semester','2025/2026','','2025-10-01 19:20:31','2025-10-31','paid'),(82,106,2,1040.00,1040.00,'First Semester','2025/2026','','2025-10-01 19:20:31','2025-10-31','paid'),(83,107,2,1040.00,1040.00,'First Semester','2025/2026','','2025-10-01 19:20:31','2025-10-31','paid'),(84,20,1,350.00,350.00,'First Semester','2025/2026','','2025-10-01 19:44:00','2025-10-31','paid'),(85,26,1,700.00,700.00,'First Semester','2025/2026','','2025-10-01 19:44:00','2025-10-31','paid'),(86,39,1,350.00,350.00,'First Semester','2025/2026','','2025-10-01 19:44:00','2025-10-31','paid'),(87,62,1,700.00,700.00,'First Semester','2025/2026','','2025-10-01 19:44:00','2025-10-31','paid'),(88,69,1,700.00,700.00,'First Semester','2025/2026','','2025-10-01 19:44:00','2025-10-31','paid'),(89,105,1,700.00,700.00,'First Semester','2025/2026','','2025-10-01 19:44:00','2025-10-31','paid'),(90,106,1,700.00,700.00,'First Semester','2025/2026','','2025-10-01 19:44:00','2025-10-31','paid'),(91,107,1,700.00,230.00,'First Semester','2025/2026','','2025-10-01 19:44:00','2025-10-31','pending'),(92,31,1,700.00,0.00,'First Semester','2025/2026','','2025-10-01 19:45:40','2025-10-31','pending'),(94,46,1,700.00,700.00,'First Semester','2025/2026','','2025-10-01 19:45:40','2025-10-31','paid'),(95,65,1,700.00,700.00,'First Semester','2025/2026','','2025-10-01 19:45:40','2025-10-31','paid'),(96,71,1,700.00,700.00,'First Semester','2025/2026','','2025-10-01 19:45:40','2025-10-31','paid'),(97,75,1,700.00,700.00,'First Semester','2025/2026','','2025-10-01 19:45:40','2025-10-31','paid'),(98,93,1,700.00,700.00,'First Semester','2025/2026','','2025-10-01 19:45:40','2025-10-31','paid'),(99,97,1,700.00,700.00,'First Semester','2025/2026','','2025-10-01 19:45:40','2025-10-31','paid'),(100,104,1,700.00,700.00,'First Semester','2025/2026','','2025-10-01 19:45:40','2025-10-31','paid'),(101,6,2,1200.00,1200.00,'First Semester','2025/2026','','2025-10-01 19:50:22','2025-10-31','paid'),(102,7,2,1040.00,1040.00,'First Semester','2025/2026','','2025-10-01 19:50:22','2025-10-31','paid'),(103,8,2,1200.00,1200.00,'First Semester','2025/2026','','2025-10-01 19:50:22','2025-10-31','paid'),(104,11,2,600.00,800.00,'First Semester','2025/2026','','2025-10-01 19:50:22','2025-10-31','pending'),(105,12,2,600.00,600.00,'First Semester','2025/2026','','2025-10-01 19:50:22','2025-10-31','paid'),(106,16,2,1200.00,0.00,'First Semester','2025/2026','','2025-10-01 19:50:22','2025-10-31','pending'),(107,17,2,1200.00,0.00,'First Semester','2025/2026','','2025-10-01 19:50:22','2025-10-31','pending'),(108,18,2,1200.00,1200.00,'First Semester','2025/2026','','2025-10-01 19:50:22','2025-10-31','paid'),(109,21,2,1200.00,1200.00,'First Semester','2025/2026','','2025-10-01 19:50:22','2025-10-31','paid'),(110,31,2,1040.00,0.00,'First Semester','2025/2026','','2025-10-01 19:50:22','2025-10-31','pending'),(111,33,2,1200.00,1200.00,'First Semester','2025/2026','','2025-10-01 19:50:22','2025-10-31','paid'),(112,34,2,1200.00,1200.00,'First Semester','2025/2026','','2025-10-01 19:50:22','2025-10-31','paid'),(113,38,2,1200.00,1200.00,'First Semester','2025/2026','','2025-10-01 19:50:22','2025-10-31','paid'),(114,42,2,1040.00,1040.00,'First Semester','2025/2026','','2025-10-01 19:50:22','2025-10-31','paid'),(115,58,2,1200.00,1200.00,'First Semester','2025/2026','','2025-10-01 19:50:22','2025-10-31','paid'),(116,61,2,1200.00,1200.00,'First Semester','2025/2026','','2025-10-01 19:50:22','2025-10-31','paid'),(117,63,2,1200.00,1200.00,'First Semester','2025/2026','','2025-10-01 19:50:22','2025-10-31','paid'),(118,64,2,1040.00,1040.00,'First Semester','2025/2026','','2025-10-01 19:50:22','2025-10-31','paid'),(119,70,2,1200.00,1200.00,'First Semester','2025/2026','','2025-10-01 19:50:22','2025-10-31','paid'),(122,85,2,1200.00,1200.00,'First Semester','2025/2026','','2025-10-01 19:50:22','2025-10-31','paid'),(123,88,2,1200.00,1200.00,'First Semester','2025/2026','','2025-10-01 19:50:22','2025-10-31','paid'),(124,90,2,1200.00,1200.00,'First Semester','2025/2026','','2025-10-01 19:50:22','2025-10-31','paid'),(125,91,2,1200.00,1200.00,'First Semester','2025/2026','','2025-10-01 19:50:22','2025-10-31','paid'),(126,92,2,1200.00,1200.00,'First Semester','2025/2026','','2025-10-01 19:50:22','2025-10-31','paid'),(127,93,2,1040.00,1040.00,'First Semester','2025/2026','','2025-10-01 19:50:22','2025-10-31','paid'),(128,99,2,1200.00,1200.00,'First Semester','2025/2026','','2025-10-01 19:50:22','2025-10-31','paid'),(130,104,2,1040.00,1040.00,'First Semester','2025/2026','','2025-10-01 19:50:22','2025-10-31','paid'),(131,109,2,1200.00,1200.00,'First Semester','2025/2026','','2025-10-01 19:50:22','2025-10-31','paid'),(132,7,11,70.00,70.00,'First Semester','2025/2026','','2025-10-02 04:41:27','2025-11-01','paid'),(133,7,9,30.00,30.00,'First Semester','2025/2026','','2025-10-02 04:41:27','2025-11-01','paid'),(134,7,1,700.00,700.00,'First Semester','2025/2026','','2025-10-02 04:41:27','2025-11-01','paid'),(135,7,5,450.00,450.00,'First Semester','2025/2026','','2025-10-02 04:41:27','2025-11-01','paid'),(136,7,8,30.00,30.00,'First Semester','2025/2026','','2025-10-02 04:41:27','2025-11-01','paid'),(137,19,11,70.00,70.00,'First Semester','2025/2026','','2025-10-02 04:41:27','2025-11-01','paid'),(138,19,9,30.00,30.00,'First Semester','2025/2026','','2025-10-02 04:41:27','2025-11-01','paid'),(139,19,1,700.00,700.00,'First Semester','2025/2026','','2025-10-02 04:41:27','2025-11-01','paid'),(140,19,5,80.00,80.00,'First Semester','2025/2026','','2025-10-02 04:41:27','2025-11-01','paid'),(141,19,8,30.00,30.00,'First Semester','2025/2026','','2025-10-02 04:41:27','2025-11-01','paid'),(142,29,11,70.00,70.00,'First Semester','2025/2026','','2025-10-02 04:41:27','2025-11-01','paid'),(143,29,9,30.00,30.00,'First Semester','2025/2026','','2025-10-02 04:41:27','2025-11-01','paid'),(144,29,1,700.00,700.00,'First Semester','2025/2026','','2025-10-02 04:41:27','2025-11-01','paid'),(145,29,5,450.00,200.00,'First Semester','2025/2026','','2025-10-02 04:41:27','2025-11-01','pending'),(146,29,8,30.00,0.00,'First Semester','2025/2026','','2025-10-02 04:41:27','2025-11-01','pending'),(147,40,11,70.00,70.00,'First Semester','2025/2026','','2025-10-02 04:41:27','2025-11-01','paid'),(148,40,9,30.00,30.00,'First Semester','2025/2026','','2025-10-02 04:41:27','2025-11-01','paid'),(149,40,1,700.00,700.00,'First Semester','2025/2026','','2025-10-02 04:41:27','2025-11-01','paid'),(150,40,5,450.00,450.00,'First Semester','2025/2026','','2025-10-02 04:41:27','2025-11-01','paid'),(151,40,8,30.00,30.00,'First Semester','2025/2026','','2025-10-02 04:41:27','2025-11-01','paid'),(152,42,11,70.00,70.00,'First Semester','2025/2026','','2025-10-02 04:41:27','2025-11-01','paid'),(153,42,9,30.00,30.00,'First Semester','2025/2026','','2025-10-02 04:41:27','2025-11-01','paid'),(154,42,1,700.00,700.00,'First Semester','2025/2026','','2025-10-02 04:41:27','2025-11-01','paid'),(155,42,5,450.00,450.00,'First Semester','2025/2026','','2025-10-02 04:41:27','2025-11-01','paid'),(156,42,8,30.00,30.00,'First Semester','2025/2026','','2025-10-02 04:41:27','2025-11-01','paid'),(157,51,11,70.00,70.00,'First Semester','2025/2026','','2025-10-02 04:41:27','2025-11-01','paid'),(158,51,9,30.00,30.00,'First Semester','2025/2026','','2025-10-02 04:41:27','2025-11-01','paid'),(159,51,1,700.00,700.00,'First Semester','2025/2026','','2025-10-02 04:41:27','2025-11-01','paid'),(160,51,5,450.00,450.00,'First Semester','2025/2026','','2025-10-02 04:41:27','2025-11-01','paid'),(161,51,8,30.00,30.00,'First Semester','2025/2026','','2025-10-02 04:41:27','2025-11-01','paid'),(162,64,11,70.00,70.00,'First Semester','2025/2026','','2025-10-02 04:41:27','2025-11-01','paid'),(163,64,9,30.00,30.00,'First Semester','2025/2026','','2025-10-02 04:41:27','2025-11-01','paid'),(164,64,1,700.00,700.00,'First Semester','2025/2026','','2025-10-02 04:41:27','2025-11-01','paid'),(165,64,5,450.00,450.00,'First Semester','2025/2026','','2025-10-02 04:41:27','2025-11-01','paid'),(166,64,8,30.00,30.00,'First Semester','2025/2026','','2025-10-02 04:41:27','2025-11-01','paid'),(167,80,11,70.00,70.00,'First Semester','2025/2026','','2025-10-02 04:41:27','2025-11-01','paid'),(168,80,9,30.00,30.00,'First Semester','2025/2026','','2025-10-02 04:41:27','2025-11-01','paid'),(169,80,1,700.00,700.00,'First Semester','2025/2026','','2025-10-02 04:41:27','2025-11-01','paid'),(170,80,5,450.00,450.00,'First Semester','2025/2026','','2025-10-02 04:41:27','2025-11-01','paid'),(171,80,8,30.00,30.00,'First Semester','2025/2026','','2025-10-02 04:41:27','2025-11-01','paid'),(172,102,11,70.00,70.00,'First Semester','2025/2026','','2025-10-02 04:41:27','2025-11-01','paid'),(173,102,9,30.00,30.00,'First Semester','2025/2026','','2025-10-02 04:41:27','2025-11-01','paid'),(174,102,1,700.00,700.00,'First Semester','2025/2026','','2025-10-02 04:41:27','2025-11-01','paid'),(175,102,5,450.00,450.00,'First Semester','2025/2026','','2025-10-02 04:41:27','2025-11-01','paid'),(176,102,8,30.00,30.00,'First Semester','2025/2026','','2025-10-02 04:41:27','2025-11-01','paid'),(177,103,11,70.00,70.00,'First Semester','2025/2026','','2025-10-02 04:41:27','2025-11-01','paid'),(178,103,9,30.00,30.00,'First Semester','2025/2026','','2025-10-02 04:41:27','2025-11-01','paid'),(179,103,1,700.00,700.00,'First Semester','2025/2026','','2025-10-02 04:41:27','2025-11-01','paid'),(180,103,5,450.00,200.00,'First Semester','2025/2026','','2025-10-02 04:41:27','2025-11-01','pending'),(181,103,8,30.00,0.00,'First Semester','2025/2026','','2025-10-02 04:41:27','2025-11-01','pending'),(182,5,8,30.00,30.00,'First Semester','2025/2026','','2025-10-02 04:42:22','2025-11-01','paid'),(183,5,5,450.00,450.00,'First Semester','2025/2026','','2025-10-02 04:42:22','2025-11-01','paid'),(184,5,11,70.00,70.00,'First Semester','2025/2026','','2025-10-02 04:42:22','2025-11-01','paid'),(185,5,1,700.00,700.00,'First Semester','2025/2026','','2025-10-02 04:42:22','2025-11-01','paid'),(186,5,9,30.00,30.00,'First Semester','2025/2026','','2025-10-02 04:42:22','2025-11-01','paid'),(187,8,8,30.00,30.00,'First Semester','2025/2026','','2025-10-02 04:42:22','2025-11-01','paid'),(188,8,5,450.00,450.00,'First Semester','2025/2026','','2025-10-02 04:42:22','2025-11-01','paid'),(189,8,11,70.00,70.00,'First Semester','2025/2026','','2025-10-02 04:42:22','2025-11-01','paid'),(190,8,1,700.00,700.00,'First Semester','2025/2026','','2025-10-02 04:42:22','2025-11-01','paid'),(191,8,9,30.00,30.00,'First Semester','2025/2026','','2025-10-02 04:42:22','2025-11-01','paid'),(192,18,8,30.00,30.00,'First Semester','2025/2026','','2025-10-02 04:42:22','2025-11-01','paid'),(193,18,5,450.00,450.00,'First Semester','2025/2026','','2025-10-02 04:42:22','2025-11-01','paid'),(194,18,11,70.00,70.00,'First Semester','2025/2026','','2025-10-02 04:42:22','2025-11-01','paid'),(195,18,1,450.00,450.00,'First Semester','2025/2026','','2025-10-02 04:42:22','2025-11-01','paid'),(196,18,9,80.00,80.00,'First Semester','2025/2026','','2025-10-02 04:42:22','2025-11-01','paid'),(197,25,8,30.00,30.00,'First Semester','2025/2026','','2025-10-02 04:42:22','2025-11-01','paid'),(198,25,5,450.00,450.00,'First Semester','2025/2026','','2025-10-02 04:42:22','2025-11-01','paid'),(199,25,11,70.00,70.00,'First Semester','2025/2026','','2025-10-02 04:42:22','2025-11-01','paid'),(200,25,1,700.00,700.00,'First Semester','2025/2026','','2025-10-02 04:42:22','2025-11-01','paid'),(201,25,9,30.00,30.00,'First Semester','2025/2026','','2025-10-02 04:42:22','2025-11-01','paid'),(202,33,8,30.00,30.00,'First Semester','2025/2026','','2025-10-02 04:42:22','2025-11-01','paid'),(203,33,5,450.00,450.00,'First Semester','2025/2026','','2025-10-02 04:42:22','2025-11-01','paid'),(204,33,11,70.00,70.00,'First Semester','2025/2026','','2025-10-02 04:42:22','2025-11-01','paid'),(205,33,1,350.00,350.00,'First Semester','2025/2026','','2025-10-02 04:42:22','2025-11-01','paid'),(206,33,9,30.00,30.00,'First Semester','2025/2026','','2025-10-02 04:42:22','2025-11-01','paid'),(207,35,8,30.00,30.00,'First Semester','2025/2026','','2025-10-02 04:42:22','2025-11-01','paid'),(208,35,5,450.00,450.00,'First Semester','2025/2026','','2025-10-02 04:42:22','2025-11-01','paid'),(209,35,11,70.00,70.00,'First Semester','2025/2026','','2025-10-02 04:42:22','2025-11-01','paid'),(210,35,1,700.00,700.00,'First Semester','2025/2026','','2025-10-02 04:42:22','2025-11-01','paid'),(211,35,9,30.00,30.00,'First Semester','2025/2026','','2025-10-02 04:42:22','2025-11-01','paid'),(212,45,8,30.00,30.00,'First Semester','2025/2026','','2025-10-02 04:42:22','2025-11-01','paid'),(213,45,5,450.00,450.00,'First Semester','2025/2026','','2025-10-02 04:42:22','2025-11-01','paid'),(214,45,11,70.00,70.00,'First Semester','2025/2026','','2025-10-02 04:42:22','2025-11-01','paid'),(215,45,1,450.00,510.00,'First Semester','2025/2026','','2025-10-02 04:42:22','2025-11-01','pending'),(216,45,9,30.00,30.00,'First Semester','2025/2026','','2025-10-02 04:42:22','2025-11-01','paid'),(217,49,8,30.00,30.00,'First Semester','2025/2026','','2025-10-02 04:42:22','2025-11-01','paid'),(218,49,5,450.00,450.00,'First Semester','2025/2026','','2025-10-02 04:42:22','2025-11-01','paid'),(219,49,11,70.00,70.00,'First Semester','2025/2026','','2025-10-02 04:42:22','2025-11-01','paid'),(220,49,1,700.00,700.00,'First Semester','2025/2026','','2025-10-02 04:42:22','2025-11-01','paid'),(221,49,9,30.00,30.00,'First Semester','2025/2026','','2025-10-02 04:42:22','2025-11-01','paid'),(222,59,8,30.00,30.00,'First Semester','2025/2026','','2025-10-02 04:42:22','2025-11-01','paid'),(223,59,5,450.00,450.00,'First Semester','2025/2026','','2025-10-02 04:42:22','2025-11-01','paid'),(224,59,11,70.00,70.00,'First Semester','2025/2026','','2025-10-02 04:42:22','2025-11-01','paid'),(225,59,1,700.00,700.00,'First Semester','2025/2026','','2025-10-02 04:42:22','2025-11-01','paid'),(226,59,9,30.00,30.00,'First Semester','2025/2026','','2025-10-02 04:42:22','2025-11-01','paid'),(227,60,8,30.00,30.00,'First Semester','2025/2026','','2025-10-02 04:42:22','2025-11-01','paid'),(228,60,5,450.00,450.00,'First Semester','2025/2026','','2025-10-02 04:42:22','2025-11-01','paid'),(229,60,11,70.00,70.00,'First Semester','2025/2026','','2025-10-02 04:42:22','2025-11-01','paid'),(230,60,1,700.00,700.00,'First Semester','2025/2026','','2025-10-02 04:42:22','2025-11-01','paid'),(231,60,9,30.00,30.00,'First Semester','2025/2026','','2025-10-02 04:42:22','2025-11-01','paid'),(232,68,8,30.00,30.00,'First Semester','2025/2026','','2025-10-02 04:42:22','2025-11-01','paid'),(233,68,5,450.00,450.00,'First Semester','2025/2026','','2025-10-02 04:42:22','2025-11-01','paid'),(234,68,11,70.00,70.00,'First Semester','2025/2026','','2025-10-02 04:42:22','2025-11-01','paid'),(235,68,1,700.00,400.00,'First Semester','2025/2026','','2025-10-02 04:42:22','2025-11-01','pending'),(236,68,9,34.00,0.00,'First Semester','2025/2026','','2025-10-02 04:42:22','2025-11-01','pending'),(237,85,8,30.00,30.00,'First Semester','2025/2026','','2025-10-02 04:42:22','2025-11-01','paid'),(238,85,5,450.00,450.00,'First Semester','2025/2026','','2025-10-02 04:42:22','2025-11-01','paid'),(239,85,11,70.00,70.00,'First Semester','2025/2026','','2025-10-02 04:42:22','2025-11-01','paid'),(240,85,1,700.00,700.00,'First Semester','2025/2026','','2025-10-02 04:42:22','2025-11-01','paid'),(241,85,9,30.00,30.00,'First Semester','2025/2026','','2025-10-02 04:42:22','2025-11-01','paid'),(242,86,8,30.00,30.00,'First Semester','2025/2026','','2025-10-02 04:42:22','2025-11-01','paid'),(243,86,5,450.00,450.00,'First Semester','2025/2026','','2025-10-02 04:42:22','2025-11-01','paid'),(244,86,11,70.00,70.00,'First Semester','2025/2026','','2025-10-02 04:42:22','2025-11-01','paid'),(245,86,1,700.00,700.00,'First Semester','2025/2026','','2025-10-02 04:42:22','2025-11-01','paid'),(246,86,9,30.00,30.00,'First Semester','2025/2026','','2025-10-02 04:42:22','2025-11-01','paid'),(247,90,8,30.00,30.00,'First Semester','2025/2026','','2025-10-02 04:42:22','2025-11-01','paid'),(248,90,5,950.00,950.00,'First Semester','2025/2026','','2025-10-02 04:42:22','2025-11-01','paid'),(249,90,11,70.00,70.00,'First Semester','2025/2026','','2025-10-02 04:42:22','2025-11-01','paid'),(250,90,1,700.00,700.00,'First Semester','2025/2026','','2025-10-02 04:42:22','2025-11-01','paid'),(251,90,9,80.00,80.00,'First Semester','2025/2026','','2025-10-02 04:42:22','2025-11-01','paid'),(252,91,8,30.00,30.00,'First Semester','2025/2026','','2025-10-02 04:42:22','2025-11-01','paid'),(253,91,5,450.00,450.00,'First Semester','2025/2026','','2025-10-02 04:42:22','2025-11-01','paid'),(254,91,11,70.00,70.00,'First Semester','2025/2026','','2025-10-02 04:42:22','2025-11-01','paid'),(255,91,1,700.00,700.00,'First Semester','2025/2026','','2025-10-02 04:42:22','2025-11-01','paid'),(256,91,9,30.00,30.00,'First Semester','2025/2026','','2025-10-02 04:42:22','2025-11-01','paid'),(257,94,8,30.00,30.00,'First Semester','2025/2026','','2025-10-02 04:42:22','2025-11-01','paid'),(258,94,5,450.00,370.00,'First Semester','2025/2026','','2025-10-02 04:42:22','2025-11-01','pending'),(259,94,11,70.00,0.00,'First Semester','2025/2026','','2025-10-02 04:42:22','2025-11-01','pending'),(260,94,1,700.00,0.00,'First Semester','2025/2026','','2025-10-02 04:42:22','2025-11-01','pending'),(261,94,9,30.00,0.00,'First Semester','2025/2026','','2025-10-02 04:42:22','2025-11-01','pending'),(262,4,7,250.00,250.00,'First Semester','2025/2026','','2025-10-02 04:43:28','2025-11-01','paid'),(263,4,8,30.00,30.00,'First Semester','2025/2026','','2025-10-02 04:43:28','2025-11-01','paid'),(264,4,5,450.00,120.00,'First Semester','2025/2026','','2025-10-02 04:43:28','2025-11-01','pending'),(265,4,11,70.00,0.00,'First Semester','2025/2026','','2025-10-02 04:43:28','2025-11-01','pending'),(266,4,1,700.00,0.00,'First Semester','2025/2026','','2025-10-02 04:43:28','2025-11-01','pending'),(267,4,9,30.00,0.00,'First Semester','2025/2026','','2025-10-02 04:43:28','2025-11-01','pending'),(268,6,7,250.00,250.00,'First Semester','2025/2026','','2025-10-02 04:43:28','2025-11-01','paid'),(269,6,8,30.00,30.00,'First Semester','2025/2026','','2025-10-02 04:43:28','2025-11-01','paid'),(270,6,5,450.00,450.00,'First Semester','2025/2026','','2025-10-02 04:43:28','2025-11-01','paid'),(271,6,11,70.00,70.00,'First Semester','2025/2026','','2025-10-02 04:43:28','2025-11-01','paid'),(272,6,1,700.00,700.00,'First Semester','2025/2026','','2025-10-02 04:43:28','2025-11-01','paid'),(273,6,9,30.00,30.00,'First Semester','2025/2026','','2025-10-02 04:43:28','2025-11-01','paid'),(274,12,7,250.00,250.00,'First Semester','2025/2026','','2025-10-02 04:43:28','2025-11-01','paid'),(275,12,8,30.00,30.00,'First Semester','2025/2026','','2025-10-02 04:43:28','2025-11-01','paid'),(276,12,5,450.00,450.00,'First Semester','2025/2026','','2025-10-02 04:43:28','2025-11-01','paid'),(277,12,11,70.00,70.00,'First Semester','2025/2026','','2025-10-02 04:43:28','2025-11-01','paid'),(278,12,1,350.00,22.50,'First Semester','2025/2026','','2025-10-02 04:43:28','2025-11-01','pending'),(279,12,9,30.00,0.00,'First Semester','2025/2026','','2025-10-02 04:43:28','2025-11-01','pending'),(280,16,7,250.00,0.00,'First Semester','2025/2026','','2025-10-02 04:43:28','2025-11-01','pending'),(281,16,8,30.00,0.00,'First Semester','2025/2026','','2025-10-02 04:43:28','2025-11-01','pending'),(282,16,5,450.00,0.00,'First Semester','2025/2026','','2025-10-02 04:43:28','2025-11-01','pending'),(283,16,11,70.00,0.00,'First Semester','2025/2026','','2025-10-02 04:43:28','2025-11-01','pending'),(284,16,1,700.00,0.00,'First Semester','2025/2026','','2025-10-02 04:43:28','2025-11-01','pending'),(285,16,9,30.00,0.00,'First Semester','2025/2026','','2025-10-02 04:43:28','2025-11-01','pending'),(286,22,7,250.00,250.00,'First Semester','2025/2026','','2025-10-02 04:43:28','2025-11-01','paid'),(287,22,8,30.00,30.00,'First Semester','2025/2026','','2025-10-02 04:43:28','2025-11-01','paid'),(288,22,5,450.00,450.00,'First Semester','2025/2026','','2025-10-02 04:43:28','2025-11-01','paid'),(289,22,11,70.00,70.00,'First Semester','2025/2026','','2025-10-02 04:43:28','2025-11-01','paid'),(290,22,1,700.00,700.00,'First Semester','2025/2026','','2025-10-02 04:43:28','2025-11-01','paid'),(291,22,9,30.00,30.00,'First Semester','2025/2026','','2025-10-02 04:43:28','2025-11-01','paid'),(292,27,7,250.00,250.00,'First Semester','2025/2026','','2025-10-02 04:43:28','2025-11-01','paid'),(293,27,8,30.00,30.00,'First Semester','2025/2026','','2025-10-02 04:43:28','2025-11-01','paid'),(294,27,5,450.00,450.00,'First Semester','2025/2026','','2025-10-02 04:43:28','2025-11-01','paid'),(295,27,11,70.00,70.00,'First Semester','2025/2026','','2025-10-02 04:43:28','2025-11-01','paid'),(297,27,9,30.00,30.00,'First Semester','2025/2026','','2025-10-02 04:43:28','2025-11-01','paid'),(298,50,7,250.00,250.00,'First Semester','2025/2026','','2025-10-02 04:43:28','2025-11-01','paid'),(299,50,8,30.00,30.00,'First Semester','2025/2026','','2025-10-02 04:43:28','2025-11-01','paid'),(300,50,5,450.00,450.00,'First Semester','2025/2026','','2025-10-02 04:43:28','2025-11-01','paid'),(301,50,11,70.00,70.00,'First Semester','2025/2026','','2025-10-02 04:43:28','2025-11-01','paid'),(302,50,1,700.00,700.00,'First Semester','2025/2026','','2025-10-02 04:43:28','2025-11-01','paid'),(303,50,9,30.00,30.00,'First Semester','2025/2026','','2025-10-02 04:43:28','2025-11-01','paid'),(310,55,7,250.00,250.00,'First Semester','2025/2026','','2025-10-02 04:43:28','2025-11-01','paid'),(311,55,8,30.00,30.00,'First Semester','2025/2026','','2025-10-02 04:43:28','2025-11-01','paid'),(312,55,5,450.00,450.00,'First Semester','2025/2026','','2025-10-02 04:43:28','2025-11-01','paid'),(313,55,11,70.00,70.00,'First Semester','2025/2026','','2025-10-02 04:43:28','2025-11-01','paid'),(314,55,1,700.00,700.00,'First Semester','2025/2026','','2025-10-02 04:43:28','2025-11-01','paid'),(315,55,9,30.00,30.00,'First Semester','2025/2026','','2025-10-02 04:43:28','2025-11-01','paid'),(316,57,7,250.00,250.00,'First Semester','2025/2026','','2025-10-02 04:43:28','2025-11-01','paid'),(317,57,8,30.00,30.00,'First Semester','2025/2026','','2025-10-02 04:43:28','2025-11-01','paid'),(318,57,5,450.00,450.00,'First Semester','2025/2026','','2025-10-02 04:43:28','2025-11-01','paid'),(319,57,11,70.00,70.00,'First Semester','2025/2026','','2025-10-02 04:43:28','2025-11-01','paid'),(320,57,1,700.00,700.00,'First Semester','2025/2026','','2025-10-02 04:43:28','2025-11-01','paid'),(321,57,9,30.00,30.00,'First Semester','2025/2026','','2025-10-02 04:43:28','2025-11-01','paid'),(322,61,7,250.00,250.00,'First Semester','2025/2026','','2025-10-02 04:43:28','2025-11-01','paid'),(323,61,8,30.00,30.00,'First Semester','2025/2026','','2025-10-02 04:43:28','2025-11-01','paid'),(324,61,5,450.00,450.00,'First Semester','2025/2026','','2025-10-02 04:43:28','2025-11-01','paid'),(325,61,11,70.00,70.00,'First Semester','2025/2026','','2025-10-02 04:43:28','2025-11-01','paid'),(326,61,1,700.00,700.00,'First Semester','2025/2026','','2025-10-02 04:43:28','2025-11-01','paid'),(327,61,9,30.00,30.00,'First Semester','2025/2026','','2025-10-02 04:43:28','2025-11-01','paid'),(328,63,7,250.00,250.00,'First Semester','2025/2026','','2025-10-02 04:43:28','2025-11-01','paid'),(329,63,8,30.00,30.00,'First Semester','2025/2026','','2025-10-02 04:43:28','2025-11-01','paid'),(330,63,5,450.00,450.00,'First Semester','2025/2026','','2025-10-02 04:43:28','2025-11-01','paid'),(331,63,11,70.00,70.00,'First Semester','2025/2026','','2025-10-02 04:43:28','2025-11-01','paid'),(332,63,1,700.00,700.00,'First Semester','2025/2026','','2025-10-02 04:43:28','2025-11-01','paid'),(333,63,9,30.00,30.00,'First Semester','2025/2026','','2025-10-02 04:43:28','2025-11-01','paid'),(334,67,7,250.00,250.00,'First Semester','2025/2026','','2025-10-02 04:43:28','2025-11-01','paid'),(336,67,5,450.00,0.00,'First Semester','2025/2026','','2025-10-02 04:43:28','2025-11-01','pending'),(340,88,7,250.00,250.00,'First Semester','2025/2026','','2025-10-02 04:43:28','2025-11-01','paid'),(341,88,8,30.00,30.00,'First Semester','2025/2026','','2025-10-02 04:43:28','2025-11-01','paid'),(342,88,5,450.00,450.00,'First Semester','2025/2026','','2025-10-02 04:43:28','2025-11-01','paid'),(343,88,11,70.00,70.00,'First Semester','2025/2026','','2025-10-02 04:43:28','2025-11-01','paid'),(344,88,1,700.00,700.00,'First Semester','2025/2026','','2025-10-02 04:43:28','2025-11-01','paid'),(345,88,9,30.00,30.00,'First Semester','2025/2026','','2025-10-02 04:43:28','2025-11-01','paid'),(346,89,7,1.00,1.00,'First Semester','2025/2026','','2025-10-02 04:43:28','2025-11-01','paid'),(347,89,8,1.00,1.00,'First Semester','2025/2026','','2025-10-02 04:43:28','2025-11-01','paid'),(348,89,5,1.00,1.00,'First Semester','2025/2026','','2025-10-02 04:43:28','2025-11-01','paid'),(349,89,11,1.00,1.00,'First Semester','2025/2026','','2025-10-02 04:43:28','2025-11-01','paid'),(350,89,1,1.00,1.00,'First Semester','2025/2026','','2025-10-02 04:43:28','2025-11-01','paid'),(351,89,9,1.00,1.00,'First Semester','2025/2026','','2025-10-02 04:43:28','2025-11-01','paid'),(352,109,7,250.00,250.00,'First Semester','2025/2026','','2025-10-02 04:43:28','2025-11-01','paid'),(353,109,8,30.00,30.00,'First Semester','2025/2026','','2025-10-02 04:43:28','2025-11-01','paid'),(354,109,5,450.00,450.00,'First Semester','2025/2026','','2025-10-02 04:43:28','2025-11-01','paid'),(355,109,11,70.00,70.00,'First Semester','2025/2026','','2025-10-02 04:43:28','2025-11-01','paid'),(356,109,1,700.00,700.00,'First Semester','2025/2026','','2025-10-02 04:43:28','2025-11-01','paid'),(357,109,9,30.00,30.00,'First Semester','2025/2026','','2025-10-02 04:43:28','2025-11-01','paid'),(358,2,6,100.00,100.00,'First Semester','2025/2026','','2025-10-02 04:44:08','2025-11-01','paid'),(360,2,4,150.00,150.00,'First Semester','2025/2026','','2025-10-02 04:44:08','2025-11-01','paid'),(361,2,5,800.00,800.00,'First Semester','2025/2026','','2025-10-02 04:44:08','2025-11-01','paid'),(362,2,11,70.00,70.00,'First Semester','2025/2026','','2025-10-02 04:44:08','2025-11-01','paid'),(363,2,1,400.00,400.00,'First Semester','2025/2026','','2025-10-02 04:44:08','2025-11-01','paid'),(364,2,9,30.00,30.00,'First Semester','2025/2026','','2025-10-02 04:44:08','2025-11-01','paid'),(365,13,6,100.00,100.00,'First Semester','2025/2026','','2025-10-02 04:44:08','2025-11-01','paid'),(369,13,11,70.00,70.00,'First Semester','2025/2026','','2025-10-02 04:44:08','2025-11-01','paid'),(370,13,1,800.00,800.00,'First Semester','2025/2026','','2025-10-02 04:44:08','2025-11-01','paid'),(371,13,9,30.00,30.00,'First Semester','2025/2026','','2025-10-02 04:44:08','2025-11-01','paid'),(372,23,6,100.00,100.00,'First Semester','2025/2026','','2025-10-02 04:44:08','2025-11-01','paid'),(374,23,4,150.00,150.00,'First Semester','2025/2026','','2025-10-02 04:44:08','2025-11-01','paid'),(375,23,5,800.00,800.00,'First Semester','2025/2026','','2025-10-02 04:44:08','2025-11-01','paid'),(376,23,11,70.00,70.00,'First Semester','2025/2026','','2025-10-02 04:44:08','2025-11-01','paid'),(377,36,6,100.00,100.00,'First Semester','2025/2026','','2025-10-02 04:44:08','2025-11-01','paid'),(379,36,4,150.00,150.00,'First Semester','2025/2026','','2025-10-02 04:44:08','2025-11-01','paid'),(380,36,5,800.00,800.00,'First Semester','2025/2026','','2025-10-02 04:44:08','2025-11-01','paid'),(381,36,11,70.00,70.00,'First Semester','2025/2026','','2025-10-02 04:44:08','2025-11-01','paid'),(382,36,1,800.00,800.00,'First Semester','2025/2026','','2025-10-02 04:44:08','2025-11-01','paid'),(383,36,9,30.00,30.00,'First Semester','2025/2026','','2025-10-02 04:44:08','2025-11-01','paid'),(384,56,6,100.00,100.00,'First Semester','2025/2026','','2025-10-02 04:44:08','2025-11-01','paid'),(386,56,4,150.00,150.00,'First Semester','2025/2026','','2025-10-02 04:44:08','2025-11-01','paid'),(388,56,11,70.00,70.00,'First Semester','2025/2026','','2025-10-02 04:44:08','2025-11-01','paid'),(389,56,1,800.00,800.00,'First Semester','2025/2026','','2025-10-02 04:44:08','2025-11-01','paid'),(390,56,9,30.00,30.00,'First Semester','2025/2026','','2025-10-02 04:44:08','2025-11-01','paid'),(391,73,6,100.00,100.00,'First Semester','2025/2026','','2025-10-02 04:44:08','2025-11-01','paid'),(392,73,4,150.00,150.00,'First Semester','2025/2026','','2025-10-02 04:44:08','2025-11-01','paid'),(393,73,5,800.00,800.00,'First Semester','2025/2026','','2025-10-02 04:44:08','2025-11-01','paid'),(394,73,11,70.00,70.00,'First Semester','2025/2026','','2025-10-02 04:44:08','2025-11-01','paid'),(395,73,1,800.00,800.00,'First Semester','2025/2026','','2025-10-02 04:44:08','2025-11-01','paid'),(396,73,9,30.00,30.00,'First Semester','2025/2026','','2025-10-02 04:44:08','2025-11-01','paid'),(397,76,6,100.00,100.00,'First Semester','2025/2026','','2025-10-02 04:44:08','2025-11-01','paid'),(399,76,4,150.00,150.00,'First Semester','2025/2026','','2025-10-02 04:44:08','2025-11-01','paid'),(400,76,5,800.00,800.00,'First Semester','2025/2026','','2025-10-02 04:44:08','2025-11-01','paid'),(401,76,11,70.00,70.00,'First Semester','2025/2026','','2025-10-02 04:44:08','2025-11-01','paid'),(402,76,1,800.00,800.00,'First Semester','2025/2026','','2025-10-02 04:44:08','2025-11-01','paid'),(403,76,9,30.00,30.00,'First Semester','2025/2026','','2025-10-02 04:44:08','2025-11-01','paid'),(404,81,6,100.00,100.00,'First Semester','2025/2026','','2025-10-02 04:44:08','2025-11-01','paid'),(406,81,4,150.00,150.00,'First Semester','2025/2026','','2025-10-02 04:44:08','2025-11-01','paid'),(407,81,5,800.00,800.00,'First Semester','2025/2026','','2025-10-02 04:44:08','2025-11-01','paid'),(408,81,11,70.00,70.00,'First Semester','2025/2026','','2025-10-02 04:44:08','2025-11-01','paid'),(409,81,1,800.00,800.00,'First Semester','2025/2026','','2025-10-02 04:44:08','2025-11-01','paid'),(410,81,9,30.00,30.00,'First Semester','2025/2026','','2025-10-02 04:44:08','2025-11-01','paid'),(411,84,6,100.00,100.00,'First Semester','2025/2026','','2025-10-02 04:44:08','2025-11-01','paid'),(412,84,2,1200.00,1200.00,'First Semester','2025/2026','','2025-10-02 04:44:08','2025-11-01','paid'),(413,84,4,150.00,150.00,'First Semester','2025/2026','','2025-10-02 04:44:08','2025-11-01','paid'),(414,84,5,800.00,800.00,'First Semester','2025/2026','','2025-10-02 04:44:08','2025-11-01','paid'),(415,84,11,70.00,70.00,'First Semester','2025/2026','','2025-10-02 04:44:08','2025-11-01','paid'),(416,84,1,800.00,800.00,'First Semester','2025/2026','','2025-10-02 04:44:08','2025-11-01','paid'),(417,84,9,30.00,30.00,'First Semester','2025/2026','','2025-10-02 04:44:08','2025-11-01','paid'),(418,110,6,100.00,100.00,'First Semester','2025/2026','','2025-10-02 04:44:08','2025-11-01','paid'),(420,110,4,150.00,150.00,'First Semester','2025/2026','','2025-10-02 04:44:08','2025-11-01','paid'),(421,110,5,800.00,800.00,'First Semester','2025/2026','','2025-10-02 04:44:08','2025-11-01','paid'),(422,110,11,70.00,70.00,'First Semester','2025/2026','','2025-10-02 04:44:08','2025-11-01','paid'),(423,110,1,800.00,800.00,'First Semester','2025/2026','','2025-10-02 04:44:08','2025-11-01','paid'),(424,110,9,30.00,30.00,'First Semester','2025/2026','','2025-10-02 04:44:08','2025-11-01','paid'),(425,9,6,100.00,100.00,'First Semester','2025/2026','','2025-10-02 04:45:13','2025-11-01','paid'),(426,9,8,30.00,30.00,'First Semester','2025/2026','','2025-10-02 04:45:13','2025-11-01','paid'),(428,9,5,800.00,800.00,'First Semester','2025/2026','','2025-10-02 04:45:13','2025-11-01','paid'),(429,9,11,70.00,70.00,'First Semester','2025/2026','','2025-10-02 04:45:13','2025-11-01','paid'),(430,9,1,800.00,800.00,'First Semester','2025/2026','','2025-10-02 04:45:13','2025-11-01','paid'),(431,9,9,30.00,30.00,'First Semester','2025/2026','','2025-10-02 04:45:13','2025-11-01','paid'),(432,15,6,100.00,100.00,'First Semester','2025/2026','','2025-10-02 04:45:13','2025-11-01','paid'),(433,15,8,30.00,30.00,'First Semester','2025/2026','','2025-10-02 04:45:13','2025-11-01','paid'),(435,15,5,800.00,800.00,'First Semester','2025/2026','','2025-10-02 04:45:13','2025-11-01','paid'),(436,15,11,70.00,70.00,'First Semester','2025/2026','','2025-10-02 04:45:13','2025-11-01','paid'),(437,15,1,800.00,800.00,'First Semester','2025/2026','','2025-10-02 04:45:13','2025-11-01','paid'),(438,15,9,30.00,30.00,'First Semester','2025/2026','','2025-10-02 04:45:13','2025-11-01','paid'),(439,21,6,100.00,100.00,'First Semester','2025/2026','','2025-10-02 04:45:13','2025-11-01','paid'),(440,21,8,30.00,30.00,'First Semester','2025/2026','','2025-10-02 04:45:13','2025-11-01','paid'),(441,21,4,150.00,150.00,'First Semester','2025/2026','','2025-10-02 04:45:13','2025-11-01','paid'),(442,21,5,800.00,800.00,'First Semester','2025/2026','','2025-10-02 04:45:13','2025-11-01','paid'),(443,21,11,70.00,70.00,'First Semester','2025/2026','','2025-10-02 04:45:13','2025-11-01','paid'),(444,21,1,800.00,800.00,'First Semester','2025/2026','','2025-10-02 04:45:13','2025-11-01','paid'),(445,21,9,30.00,30.00,'First Semester','2025/2026','','2025-10-02 04:45:13','2025-11-01','paid'),(446,24,6,100.00,100.00,'First Semester','2025/2026','','2025-10-02 04:45:13','2025-11-01','paid'),(447,24,8,30.00,30.00,'First Semester','2025/2026','','2025-10-02 04:45:13','2025-11-01','paid'),(448,24,4,150.00,150.00,'First Semester','2025/2026','','2025-10-02 04:45:13','2025-11-01','paid'),(449,24,5,800.00,800.00,'First Semester','2025/2026','','2025-10-02 04:45:13','2025-11-01','paid'),(450,24,11,70.00,70.00,'First Semester','2025/2026','','2025-10-02 04:45:13','2025-11-01','paid'),(451,24,1,800.00,800.00,'First Semester','2025/2026','','2025-10-02 04:45:13','2025-11-01','paid'),(452,24,9,30.00,30.00,'First Semester','2025/2026','','2025-10-02 04:45:13','2025-11-01','paid'),(453,38,6,100.00,100.00,'First Semester','2025/2026','','2025-10-02 04:45:13','2025-11-01','paid'),(454,38,8,30.00,30.00,'First Semester','2025/2026','','2025-10-02 04:45:13','2025-11-01','paid'),(455,38,4,150.00,150.00,'First Semester','2025/2026','','2025-10-02 04:45:13','2025-11-01','paid'),(456,38,5,800.00,800.00,'First Semester','2025/2026','','2025-10-02 04:45:13','2025-11-01','paid'),(457,38,11,70.00,70.00,'First Semester','2025/2026','','2025-10-02 04:45:13','2025-11-01','paid'),(458,38,1,800.00,800.00,'First Semester','2025/2026','','2025-10-02 04:45:13','2025-11-01','paid'),(459,38,9,30.00,30.00,'First Semester','2025/2026','','2025-10-02 04:45:13','2025-11-01','paid'),(460,47,6,100.00,100.00,'First Semester','2025/2026','','2025-10-02 04:45:13','2025-11-01','paid'),(461,47,8,30.00,30.00,'First Semester','2025/2026','','2025-10-02 04:45:13','2025-11-01','paid'),(463,47,5,800.00,800.00,'First Semester','2025/2026','','2025-10-02 04:45:13','2025-11-01','paid'),(464,47,11,70.00,70.00,'First Semester','2025/2026','','2025-10-02 04:45:13','2025-11-01','paid'),(465,47,1,800.00,800.00,'First Semester','2025/2026','','2025-10-02 04:45:13','2025-11-01','paid'),(466,47,9,30.00,30.00,'First Semester','2025/2026','','2025-10-02 04:45:13','2025-11-01','paid'),(467,52,6,100.00,100.00,'First Semester','2025/2026','','2025-10-02 04:45:13','2025-11-01','paid'),(468,52,8,30.00,30.00,'First Semester','2025/2026','','2025-10-02 04:45:13','2025-11-01','paid'),(470,52,5,800.00,800.00,'First Semester','2025/2026','','2025-10-02 04:45:13','2025-11-01','paid'),(471,52,11,70.00,70.00,'First Semester','2025/2026','','2025-10-02 04:45:13','2025-11-01','paid'),(472,52,1,800.00,800.00,'First Semester','2025/2026','','2025-10-02 04:45:13','2025-11-01','paid'),(473,52,9,30.00,30.00,'First Semester','2025/2026','','2025-10-02 04:45:13','2025-11-01','paid'),(481,78,6,100.00,100.00,'First Semester','2025/2026','','2025-10-02 04:45:13','2025-11-01','paid'),(482,78,8,30.00,30.00,'First Semester','2025/2026','','2025-10-02 04:45:13','2025-11-01','paid'),(484,78,5,800.00,800.00,'First Semester','2025/2026','','2025-10-02 04:45:13','2025-11-01','paid'),(485,78,11,70.00,70.00,'First Semester','2025/2026','','2025-10-02 04:45:13','2025-11-01','paid'),(486,78,1,800.00,500.00,'First Semester','2025/2026','','2025-10-02 04:45:13','2025-11-01','pending'),(487,78,9,30.00,0.00,'First Semester','2025/2026','','2025-10-02 04:45:13','2025-11-01','pending'),(488,96,6,100.00,100.00,'First Semester','2025/2026','','2025-10-02 04:45:13','2025-11-01','paid'),(489,96,8,30.00,30.00,'First Semester','2025/2026','','2025-10-02 04:45:13','2025-11-01','paid'),(491,96,5,800.00,800.00,'First Semester','2025/2026','','2025-10-02 04:45:13','2025-11-01','paid'),(492,96,11,70.00,70.00,'First Semester','2025/2026','','2025-10-02 04:45:13','2025-11-01','paid'),(493,96,1,800.00,800.00,'First Semester','2025/2026','','2025-10-02 04:45:13','2025-11-01','paid'),(494,96,9,30.00,30.00,'First Semester','2025/2026','','2025-10-02 04:45:13','2025-11-01','paid'),(495,108,6,100.00,100.00,'First Semester','2025/2026','','2025-10-02 04:45:13','2025-11-01','paid'),(496,108,8,30.00,30.00,'First Semester','2025/2026','','2025-10-02 04:45:13','2025-11-01','paid'),(498,108,5,800.00,800.00,'First Semester','2025/2026','','2025-10-02 04:45:13','2025-11-01','paid'),(499,108,11,70.00,70.00,'First Semester','2025/2026','','2025-10-02 04:45:13','2025-11-01','paid'),(500,108,1,800.00,800.00,'First Semester','2025/2026','','2025-10-02 04:45:13','2025-11-01','paid'),(502,11,6,100.00,100.00,'First Semester','2025/2026','','2025-10-02 04:46:35','2025-11-01','paid'),(503,11,8,30.00,30.00,'First Semester','2025/2026','','2025-10-02 04:46:35','2025-11-01','paid'),(504,11,5,800.00,800.00,'First Semester','2025/2026','','2025-10-02 04:46:35','2025-11-01','paid'),(505,11,11,70.00,70.00,'First Semester','2025/2026','','2025-10-02 04:46:35','2025-11-01','paid'),(506,11,1,400.00,72.50,'First Semester','2025/2026','','2025-10-02 04:46:35','2025-11-01','pending'),(507,11,9,30.00,0.00,'First Semester','2025/2026','','2025-10-02 04:46:35','2025-11-01','pending'),(508,14,6,100.00,100.00,'First Semester','2025/2026','','2025-10-02 04:46:35','2025-11-01','paid'),(509,14,8,30.00,30.00,'First Semester','2025/2026','','2025-10-02 04:46:35','2025-11-01','paid'),(510,14,5,800.00,800.00,'First Semester','2025/2026','','2025-10-02 04:46:35','2025-11-01','paid'),(511,14,11,70.00,70.00,'First Semester','2025/2026','','2025-10-02 04:46:35','2025-11-01','paid'),(512,14,1,800.00,800.00,'First Semester','2025/2026','','2025-10-02 04:46:35','2025-11-01','paid'),(513,14,9,30.00,30.00,'First Semester','2025/2026','','2025-10-02 04:46:35','2025-11-01','paid'),(514,1,6,100.00,100.00,'First Semester','2025/2026','','2025-10-02 04:47:13','2025-11-01','paid'),(515,1,8,30.00,30.00,'First Semester','2025/2026','','2025-10-02 04:47:13','2025-11-01','paid'),(516,1,5,800.00,800.00,'First Semester','2025/2026','','2025-10-02 04:47:13','2025-11-01','paid'),(517,1,11,70.00,70.00,'First Semester','2025/2026','','2025-10-02 04:47:13','2025-11-01','paid'),(518,1,1,800.00,800.00,'First Semester','2025/2026','','2025-10-02 04:47:13','2025-11-01','paid'),(519,1,9,30.00,30.00,'First Semester','2025/2026','','2025-10-02 04:47:13','2025-11-01','paid'),(520,17,6,100.00,0.00,'First Semester','2025/2026','','2025-10-02 04:47:13','2025-11-01','pending'),(521,17,8,30.00,0.00,'First Semester','2025/2026','','2025-10-02 04:47:13','2025-11-01','pending'),(522,17,5,800.00,0.00,'First Semester','2025/2026','','2025-10-02 04:47:13','2025-11-01','pending'),(523,17,11,70.00,0.00,'First Semester','2025/2026','','2025-10-02 04:47:13','2025-11-01','pending'),(524,17,1,800.00,0.00,'First Semester','2025/2026','','2025-10-02 04:47:13','2025-11-01','pending'),(525,17,9,30.00,0.00,'First Semester','2025/2026','','2025-10-02 04:47:13','2025-11-01','pending'),(526,28,6,100.00,100.00,'First Semester','2025/2026','','2025-10-02 04:47:13','2025-11-01','paid'),(527,28,8,30.00,30.00,'First Semester','2025/2026','','2025-10-02 04:47:13','2025-11-01','paid'),(528,28,5,800.00,800.00,'First Semester','2025/2026','','2025-10-02 04:47:13','2025-11-01','paid'),(529,28,11,70.00,70.00,'First Semester','2025/2026','','2025-10-02 04:47:13','2025-11-01','paid'),(530,28,1,1.00,0.00,'First Semester','2025/2026','','2025-10-02 04:47:13','2025-11-01','pending'),(531,28,9,30.00,0.00,'First Semester','2025/2026','','2025-10-02 04:47:13','2025-11-01','pending'),(532,34,6,100.00,100.00,'First Semester','2025/2026','','2025-10-02 04:47:13','2025-11-01','paid'),(533,34,8,30.00,30.00,'First Semester','2025/2026','','2025-10-02 04:47:13','2025-11-01','paid'),(534,34,5,800.00,800.00,'First Semester','2025/2026','','2025-10-02 04:47:13','2025-11-01','paid'),(535,34,11,70.00,70.00,'First Semester','2025/2026','','2025-10-02 04:47:13','2025-11-01','paid'),(536,34,1,800.00,800.00,'First Semester','2025/2026','','2025-10-02 04:47:13','2025-11-01','paid'),(537,34,9,30.00,30.00,'First Semester','2025/2026','','2025-10-02 04:47:13','2025-11-01','paid'),(538,44,6,100.00,100.00,'First Semester','2025/2026','','2025-10-02 04:47:13','2025-11-01','paid'),(539,44,8,30.00,30.00,'First Semester','2025/2026','','2025-10-02 04:47:13','2025-11-01','paid'),(540,44,5,800.00,800.00,'First Semester','2025/2026','','2025-10-02 04:47:13','2025-11-01','paid'),(541,44,11,70.00,70.00,'First Semester','2025/2026','','2025-10-02 04:47:13','2025-11-01','paid'),(542,44,1,800.00,800.00,'First Semester','2025/2026','','2025-10-02 04:47:13','2025-11-01','paid'),(543,44,9,30.00,30.00,'First Semester','2025/2026','','2025-10-02 04:47:13','2025-11-01','paid'),(544,77,6,100.00,100.00,'First Semester','2025/2026','','2025-10-02 04:47:13','2025-11-01','paid'),(545,77,8,30.00,30.00,'First Semester','2025/2026','','2025-10-02 04:47:13','2025-11-01','paid'),(546,77,5,800.00,800.00,'First Semester','2025/2026','','2025-10-02 04:47:13','2025-11-01','paid'),(547,77,11,70.00,70.00,'First Semester','2025/2026','','2025-10-02 04:47:13','2025-11-01','paid'),(548,77,1,800.00,800.00,'First Semester','2025/2026','','2025-10-02 04:47:13','2025-11-01','paid'),(549,77,9,30.00,30.00,'First Semester','2025/2026','','2025-10-02 04:47:13','2025-11-01','paid'),(550,87,6,100.00,0.00,'First Semester','2025/2026','','2025-10-02 04:47:13','2025-11-01','pending'),(551,87,8,30.00,0.00,'First Semester','2025/2026','','2025-10-02 04:47:13','2025-11-01','pending'),(552,87,5,800.00,0.00,'First Semester','2025/2026','','2025-10-02 04:47:13','2025-11-01','pending'),(553,87,11,70.00,0.00,'First Semester','2025/2026','','2025-10-02 04:47:13','2025-11-01','pending'),(554,87,1,800.00,0.00,'First Semester','2025/2026','','2025-10-02 04:47:13','2025-11-01','pending'),(555,87,9,30.00,0.00,'First Semester','2025/2026','','2025-10-02 04:47:13','2025-11-01','pending'),(556,92,6,100.00,100.00,'First Semester','2025/2026','','2025-10-02 04:47:13','2025-11-01','paid'),(557,92,8,30.00,30.00,'First Semester','2025/2026','','2025-10-02 04:47:13','2025-11-01','paid'),(558,92,5,800.00,800.00,'First Semester','2025/2026','','2025-10-02 04:47:13','2025-11-01','paid'),(559,92,11,70.00,70.00,'First Semester','2025/2026','','2025-10-02 04:47:13','2025-11-01','paid'),(560,92,1,800.00,800.00,'First Semester','2025/2026','','2025-10-02 04:47:13','2025-11-01','paid'),(561,92,9,30.00,30.00,'First Semester','2025/2026','','2025-10-02 04:47:13','2025-11-01','paid'),(562,98,6,100.00,100.00,'First Semester','2025/2026','','2025-10-02 04:47:13','2025-11-01','paid'),(563,98,8,30.00,30.00,'First Semester','2025/2026','','2025-10-02 04:47:13','2025-11-01','paid'),(564,98,5,800.00,800.00,'First Semester','2025/2026','','2025-10-02 04:47:13','2025-11-01','paid'),(565,98,11,70.00,70.00,'First Semester','2025/2026','','2025-10-02 04:47:13','2025-11-01','paid'),(566,98,1,800.00,800.00,'First Semester','2025/2026','','2025-10-02 04:47:13','2025-11-01','paid'),(567,98,9,30.00,30.00,'First Semester','2025/2026','','2025-10-02 04:47:13','2025-11-01','paid'),(568,10,6,100.00,100.00,'First Semester','2025/2026','','2025-10-02 04:47:41','2025-11-01','paid'),(569,10,8,30.00,30.00,'First Semester','2025/2026','','2025-10-02 04:47:41','2025-11-01','paid'),(570,10,5,800.00,800.00,'First Semester','2025/2026','','2025-10-02 04:47:41','2025-11-01','paid'),(571,10,11,70.00,70.00,'First Semester','2025/2026','','2025-10-02 04:47:41','2025-11-01','paid'),(572,10,1,800.00,800.00,'First Semester','2025/2026','','2025-10-02 04:47:41','2025-11-01','paid'),(573,10,9,30.00,30.00,'First Semester','2025/2026','','2025-10-02 04:47:41','2025-11-01','paid'),(574,41,6,100.00,100.00,'First Semester','2025/2026','','2025-10-02 04:47:41','2025-11-01','paid'),(575,41,8,30.00,30.00,'First Semester','2025/2026','','2025-10-02 04:47:41','2025-11-01','paid'),(576,41,5,800.00,800.00,'First Semester','2025/2026','','2025-10-02 04:47:41','2025-11-01','paid'),(577,41,11,70.00,70.00,'First Semester','2025/2026','','2025-10-02 04:47:41','2025-11-01','paid'),(578,41,1,800.00,800.00,'First Semester','2025/2026','','2025-10-02 04:47:41','2025-11-01','paid'),(579,41,9,30.00,30.00,'First Semester','2025/2026','','2025-10-02 04:47:41','2025-11-01','paid'),(580,48,6,100.00,100.00,'First Semester','2025/2026','','2025-10-02 04:47:41','2025-11-01','paid'),(581,48,8,30.00,30.00,'First Semester','2025/2026','','2025-10-02 04:47:41','2025-11-01','paid'),(582,48,5,800.00,800.00,'First Semester','2025/2026','','2025-10-02 04:47:41','2025-11-01','paid'),(583,48,11,70.00,70.00,'First Semester','2025/2026','','2025-10-02 04:47:41','2025-11-01','paid'),(584,48,1,800.00,800.00,'First Semester','2025/2026','','2025-10-02 04:47:41','2025-11-01','paid'),(585,48,9,30.00,30.00,'First Semester','2025/2026','','2025-10-02 04:47:41','2025-11-01','paid'),(586,95,6,100.00,100.00,'First Semester','2025/2026','','2025-10-02 04:47:41','2025-11-01','paid'),(587,95,8,30.00,30.00,'First Semester','2025/2026','','2025-10-02 04:47:41','2025-11-01','paid'),(588,95,5,800.00,800.00,'First Semester','2025/2026','','2025-10-02 04:47:41','2025-11-01','paid'),(589,95,11,70.00,70.00,'First Semester','2025/2026','','2025-10-02 04:47:41','2025-11-01','paid'),(590,95,1,800.00,0.00,'First Semester','2025/2026','','2025-10-02 04:47:41','2025-11-01','pending'),(591,95,9,30.00,0.00,'First Semester','2025/2026','','2025-10-02 04:47:41','2025-11-01','pending'),(592,99,6,100.00,100.00,'First Semester','2025/2026','','2025-10-02 04:47:41','2025-11-01','paid'),(593,99,8,30.00,30.00,'First Semester','2025/2026','','2025-10-02 04:47:41','2025-11-01','paid'),(600,100,5,800.00,800.00,'First Semester','2025/2026','','2025-10-02 04:47:41','2025-11-01','paid'),(604,3,6,100.00,100.00,'First Semester','2025/2026','','2025-10-02 04:49:09','2025-11-01','paid'),(605,3,8,30.00,30.00,'First Semester','2025/2026','','2025-10-02 04:49:09','2025-11-01','paid'),(606,3,5,800.00,800.00,'First Semester','2025/2026','','2025-10-02 04:49:09','2025-11-01','paid'),(607,3,11,70.00,70.00,'First Semester','2025/2026','','2025-10-02 04:49:09','2025-11-01','paid'),(608,3,1,800.00,800.00,'First Semester','2025/2026','','2025-10-02 04:49:09','2025-11-01','paid'),(609,3,9,30.00,30.00,'First Semester','2025/2026','','2025-10-02 04:49:09','2025-11-01','paid'),(610,37,6,100.00,100.00,'First Semester','2025/2026','','2025-10-02 04:49:09','2025-11-01','paid'),(611,37,8,30.00,30.00,'First Semester','2025/2026','','2025-10-02 04:49:09','2025-11-01','paid'),(612,37,5,800.00,800.00,'First Semester','2025/2026','','2025-10-02 04:49:09','2025-11-01','paid'),(613,37,11,70.00,70.00,'First Semester','2025/2026','','2025-10-02 04:49:09','2025-11-01','paid'),(614,37,1,800.00,800.00,'First Semester','2025/2026','','2025-10-02 04:49:09','2025-11-01','paid'),(615,37,9,30.00,30.00,'First Semester','2025/2026','','2025-10-02 04:49:09','2025-11-01','paid'),(616,43,6,100.00,100.00,'First Semester','2025/2026','','2025-10-02 04:49:09','2025-11-01','paid'),(617,43,8,30.00,30.00,'First Semester','2025/2026','','2025-10-02 04:49:09','2025-11-01','paid'),(618,43,5,800.00,800.00,'First Semester','2025/2026','','2025-10-02 04:49:09','2025-11-01','paid'),(619,43,11,70.00,70.00,'First Semester','2025/2026','','2025-10-02 04:49:09','2025-11-01','paid'),(620,43,1,800.00,470.00,'First Semester','2025/2026','','2025-10-02 04:49:09','2025-11-01','pending'),(621,43,9,30.00,0.00,'First Semester','2025/2026','','2025-10-02 04:49:09','2025-11-01','pending'),(622,58,6,100.00,100.00,'First Semester','2025/2026','','2025-10-02 04:49:09','2025-11-01','paid'),(623,58,8,30.00,30.00,'First Semester','2025/2026','','2025-10-02 04:49:09','2025-11-01','paid'),(624,58,5,800.00,800.00,'First Semester','2025/2026','','2025-10-02 04:49:09','2025-11-01','paid'),(625,58,11,70.00,70.00,'First Semester','2025/2026','','2025-10-02 04:49:09','2025-11-01','paid'),(626,58,1,800.00,800.00,'First Semester','2025/2026','','2025-10-02 04:49:09','2025-11-01','paid'),(627,58,9,30.00,30.00,'First Semester','2025/2026','','2025-10-02 04:49:09','2025-11-01','paid'),(628,79,6,100.00,100.00,'First Semester','2025/2026','','2025-10-02 04:49:09','2025-11-01','paid'),(629,79,8,30.00,30.00,'First Semester','2025/2026','','2025-10-02 04:49:09','2025-11-01','paid'),(630,79,5,800.00,800.00,'First Semester','2025/2026','','2025-10-02 04:49:09','2025-11-01','paid'),(631,79,11,70.00,70.00,'First Semester','2025/2026','','2025-10-02 04:49:09','2025-11-01','paid'),(632,79,1,950.00,500.00,'First Semester','2025/2026','','2025-10-02 04:49:09','2025-11-01','pending'),(633,79,9,30.00,0.00,'First Semester','2025/2026','','2025-10-02 04:49:09','2025-11-01','pending'),(634,101,6,100.00,100.00,'First Semester','2025/2026','','2025-10-02 04:49:09','2025-11-01','paid'),(635,101,8,30.00,30.00,'First Semester','2025/2026','','2025-10-02 04:49:09','2025-11-01','paid'),(636,101,5,800.00,800.00,'First Semester','2025/2026','','2025-10-02 04:49:09','2025-11-01','paid'),(637,101,11,70.00,70.00,'First Semester','2025/2026','','2025-10-02 04:49:09','2025-11-01','paid'),(638,101,1,800.00,800.00,'First Semester','2025/2026','','2025-10-02 04:49:09','2025-11-01','paid'),(639,101,9,30.00,30.00,'First Semester','2025/2026','','2025-10-02 04:49:09','2025-11-01','paid'),(640,30,6,100.00,100.00,'First Semester','2025/2026','','2025-10-02 04:49:42','2025-11-01','paid'),(641,30,8,30.00,30.00,'First Semester','2025/2026','','2025-10-02 04:49:42','2025-11-01','paid'),(642,30,5,850.00,850.00,'First Semester','2025/2026','','2025-10-02 04:49:42','2025-11-01','paid'),(643,30,11,70.00,20.00,'First Semester','2025/2026','','2025-10-02 04:49:42','2025-11-01','pending'),(644,30,1,1.00,0.00,'First Semester','2025/2026','','2025-10-02 04:49:42','2025-11-01','pending'),(645,30,9,30.00,0.00,'First Semester','2025/2026','','2025-10-02 04:49:42','2025-11-01','pending'),(646,70,6,100.00,100.00,'First Semester','2025/2026','','2025-10-02 04:49:42','2025-11-01','paid'),(647,70,8,30.00,30.00,'First Semester','2025/2026','','2025-10-02 04:49:42','2025-11-01','paid'),(648,70,5,850.00,850.00,'First Semester','2025/2026','','2025-10-02 04:49:42','2025-11-01','paid'),(649,70,11,70.00,70.00,'First Semester','2025/2026','','2025-10-02 04:49:42','2025-11-01','paid'),(650,70,1,800.00,800.00,'First Semester','2025/2026','','2025-10-02 04:49:42','2025-11-01','paid'),(651,70,9,30.00,30.00,'First Semester','2025/2026','','2025-10-02 04:49:42','2025-11-01','paid'),(653,56,5,800.00,800.00,'First Semester','2025/2026','','2025-10-02 05:11:25','2025-11-01','paid'),(654,111,5,800.00,800.00,'First Semester','2025/2026','','2025-10-02 05:33:32','2025-11-01','paid'),(655,111,3,2000.00,2000.00,'First Semester','2025/2026','','2025-10-02 05:33:32','2025-11-01','paid'),(656,112,5,800.00,800.00,'First Semester','2025/2026','','2025-10-02 05:33:32','2025-11-01','paid'),(657,112,3,2000.00,2000.00,'First Semester','2025/2026','','2025-10-02 05:33:32','2025-11-01','paid'),(658,113,5,450.00,450.00,'First Semester','2025/2026','','2025-10-02 05:33:32','2025-11-01','paid'),(659,113,3,2000.00,2000.00,'First Semester','2025/2026','','2025-10-02 05:33:32','2025-11-01','paid'),(660,114,5,250.00,250.00,'First Semester','2025/2026','','2025-10-02 05:33:32','2025-11-01','paid'),(661,114,3,1000.00,1000.00,'First Semester','2025/2026','','2025-10-02 05:33:32','2025-11-01','paid'),(662,115,3,2000.00,2000.00,'First Semester','2025/2026','','2025-10-02 05:33:32','2025-11-01','paid'),(663,116,3,750.00,750.00,'First Semester','2025/2026','','2025-10-02 05:33:32','2025-11-01','pending'),(664,117,5,850.00,850.00,'First Semester','2025/2026','','2025-10-02 05:33:32','2025-11-01','paid'),(665,117,3,1700.00,1950.00,'First Semester','2025/2026','','2025-10-02 05:33:32','2025-11-01','pending'),(666,118,5,450.00,450.00,'First Semester','2025/2026','','2025-10-02 05:33:32','2025-11-01','paid'),(667,118,3,2000.00,2000.00,'First Semester','2025/2026','','2025-10-02 05:33:32','2025-11-01','paid'),(670,117,7,250.00,250.00,'First Semester','2025/2026','','2025-10-02 05:34:05','2025-11-01','paid'),(671,119,3,1420.00,1870.00,'First Semester','2025/2026','','2025-10-02 05:35:42','2025-11-01','pending'),(672,119,5,450.00,450.00,'First Semester','2025/2026','','2025-10-02 05:35:42','2025-11-01','paid'),(673,9,12,380.00,380.00,'First Semester','2025/2026','','2025-10-02 10:05:49','2025-11-01','paid'),(674,10,12,380.00,380.00,'First Semester','2025/2026','','2025-10-02 10:05:49','2025-11-01','paid'),(675,11,12,837.00,0.00,'First Semester','2025/2026','','2025-10-02 10:05:49','2025-11-01','pending'),(676,12,12,687.00,0.00,'First Semester','2025/2026','','2025-10-02 10:05:49','2025-11-01','pending'),(677,15,12,550.00,550.00,'First Semester','2025/2026','','2025-10-02 10:05:49','2025-11-01','paid'),(678,17,12,100.00,0.00,'First Semester','2025/2026','','2025-10-02 10:05:49','2025-11-01','pending'),(679,23,12,100.00,100.00,'First Semester','2025/2026','','2025-10-02 10:05:49','2025-11-01','paid'),(680,24,12,100.00,100.00,'First Semester','2025/2026','','2025-10-02 10:05:49','2025-11-01','paid'),(682,27,12,100.00,100.00,'First Semester','2025/2026','','2025-10-02 10:05:49','2025-11-01','paid'),(683,28,12,239.00,0.00,'First Semester','2025/2026','','2025-10-02 10:05:49','2025-11-01','pending'),(684,32,12,200.00,200.00,'First Semester','2025/2026','','2025-10-02 10:05:49','2025-11-01','paid'),(685,33,12,200.00,200.00,'First Semester','2025/2026','','2025-10-02 10:05:49','2025-11-01','paid'),(686,35,12,673.00,673.00,'First Semester','2025/2026','','2025-10-02 10:05:49','2025-11-01','paid'),(687,42,12,708.00,708.00,'First Semester','2025/2026','','2025-10-02 10:05:49','2025-11-01','paid'),(688,45,12,1.00,1.00,'First Semester','2025/2026','','2025-10-02 10:05:49','2025-11-01','paid'),(690,56,12,100.00,100.00,'First Semester','2025/2026','','2025-10-02 10:05:49','2025-11-01','paid'),(691,58,12,420.00,420.00,'First Semester','2025/2026','','2025-10-02 10:05:49','2025-11-01','paid'),(692,59,12,150.00,150.00,'First Semester','2025/2026','','2025-10-02 10:05:49','2025-11-01','paid'),(693,63,12,495.00,495.00,'First Semester','2025/2026','','2025-10-02 10:05:49','2025-11-01','paid'),(694,64,12,373.00,373.00,'First Semester','2025/2026','','2025-10-02 10:05:49','2025-11-01','paid'),(696,68,12,1080.00,0.00,'First Semester','2025/2026','','2025-10-02 10:05:49','2025-11-01','pending'),(697,78,12,100.00,0.00,'First Semester','2025/2026','','2025-10-02 10:05:49','2025-11-01','pending'),(698,80,12,1080.00,1080.00,'First Semester','2025/2026','','2025-10-02 10:05:49','2025-11-01','paid'),(699,81,12,1130.00,1130.00,'First Semester','2025/2026','','2025-10-02 10:05:49','2025-11-01','paid'),(700,86,12,323.00,323.00,'First Semester','2025/2026','','2025-10-02 10:05:49','2025-11-01','paid'),(701,93,12,1.00,1.00,'First Semester','2025/2026','','2025-10-02 10:05:49','2025-11-01','paid'),(702,94,12,100.00,0.00,'First Semester','2025/2026','','2025-10-02 10:05:49','2025-11-01','pending'),(705,102,12,180.00,180.00,'First Semester','2025/2026','','2025-10-02 10:05:49','2025-11-01','paid'),(706,76,14,80.00,80.00,'First Semester','2025/2026','','2025-10-04 19:29:25','2025-11-03','paid'),(707,76,13,100.00,100.00,'First Semester','2025/2026','','2025-10-04 19:29:25','2025-11-03','paid'),(708,120,6,100.00,100.00,'First Semester','2025/2026','','2025-10-04 20:03:09','2025-11-03','paid'),(709,120,12,100.00,100.00,'First Semester','2025/2026','','2025-10-04 20:03:09','2025-11-03','paid'),(710,120,8,30.00,30.00,'First Semester','2025/2026','','2025-10-04 20:03:09','2025-11-03','paid'),(711,120,2,1200.00,1200.00,'First Semester','2025/2026','','2025-10-04 20:03:09','2025-11-03','paid'),(713,120,5,800.00,800.00,'First Semester','2025/2026','','2025-10-04 20:03:09','2025-11-03','paid'),(714,120,11,70.00,70.00,'First Semester','2025/2026','','2025-10-04 20:03:09','2025-11-03','paid'),(715,120,9,30.00,30.00,'First Semester','2025/2026','','2025-10-04 20:03:09','2025-11-03','paid'),(716,121,3,2000.00,1300.00,'First Semester','2025/2026','','2025-10-05 17:41:00','2025-11-04','pending'),(717,122,3,2000.00,2000.00,'First Semester','2025/2026','','2025-10-06 10:07:44','2025-11-05','paid'),(718,122,5,1.00,1.00,'First Semester','2025/2026','','2025-10-06 10:07:44','2025-11-05','paid'),(719,108,12,900.00,900.00,'First Semester','2025/2026','','2025-10-06 15:43:39','2025-11-05','paid'),(720,76,8,30.00,30.00,'First Semester','2025/2026','','2025-10-06 18:10:46','2025-11-05','paid'),(721,81,8,30.00,30.00,'First Semester','2025/2026','','2025-10-06 19:55:17','2025-11-05','paid'),(722,88,12,1100.00,1100.00,'First Semester','2025/2026','','2025-10-10 15:32:33','2025-11-09','paid'),(723,127,8,30.00,30.00,'First Semester','2025/2026','','2025-10-15 07:48:30','2025-11-14','paid'),(724,127,2,1200.00,1200.00,'First Semester','2025/2026','','2025-10-15 07:48:30','2025-11-14','paid'),(725,127,5,450.00,450.00,'First Semester','2025/2026','','2025-10-15 07:48:30','2025-11-14','paid'),(726,127,11,70.00,70.00,'First Semester','2025/2026','','2025-10-15 07:48:30','2025-11-14','paid'),(727,127,1,700.00,700.00,'First Semester','2025/2026','','2025-10-15 07:48:30','2025-11-14','paid'),(728,127,9,30.00,30.00,'First Semester','2025/2026','','2025-10-15 07:48:30','2025-11-14','paid'),(729,22,2,1200.00,1200.00,'First Semester','2025/2026','','2025-10-15 13:25:36','2025-11-14','paid'),(730,84,8,30.00,30.00,'First Semester','2025/2026','','2025-10-22 15:23:57','2025-11-21','paid'),(731,120,1,900.00,900.00,'First Semester','2025/2026','','2025-10-22 15:44:09','2025-11-21','paid'),(732,34,12,200.00,200.00,'First Semester','2025/2026','','2025-10-22 15:47:58','2025-11-21','paid'),(733,32,2,1020.00,1020.00,'First Semester','2025/2026','','2025-10-22 15:53:43','2025-11-21','pending'),(734,126,8,30.00,30.00,'First Semester','2025/2026','','2025-10-22 15:59:21','2025-11-21','paid'),(735,126,2,1040.00,1040.00,'First Semester','2025/2026','','2025-10-22 15:59:21','2025-11-21','paid'),(736,126,5,450.00,450.00,'First Semester','2025/2026','','2025-10-22 15:59:21','2025-11-21','paid'),(737,126,11,70.00,70.00,'First Semester','2025/2026','','2025-10-22 15:59:21','2025-11-21','paid'),(738,126,1,700.00,700.00,'First Semester','2025/2026','','2025-10-22 15:59:21','2025-11-21','paid'),(739,126,9,30.00,30.00,'First Semester','2025/2026','','2025-10-22 15:59:21','2025-11-21','paid'),(740,124,8,30.00,30.00,'First Semester','2025/2026','','2025-10-28 21:38:14','2025-11-27','paid'),(741,124,2,1040.00,1040.00,'First Semester','2025/2026','','2025-10-28 21:38:14','2025-11-27','paid'),(742,124,5,250.00,250.00,'First Semester','2025/2026','','2025-10-28 21:38:14','2025-11-27','paid'),(743,124,11,70.00,70.00,'First Semester','2025/2026','','2025-10-28 21:38:14','2025-11-27','paid'),(744,124,1,700.00,700.00,'First Semester','2025/2026','','2025-10-28 21:38:14','2025-11-27','paid'),(745,125,8,30.00,30.00,'First Semester','2025/2026','','2025-10-28 21:38:14','2025-11-27','paid'),(747,125,5,250.00,250.00,'First Semester','2025/2026','','2025-10-28 21:38:14','2025-11-27','paid'),(748,125,11,70.00,70.00,'First Semester','2025/2026','','2025-10-28 21:38:14','2025-11-27','paid'),(749,125,1,350.00,350.00,'First Semester','2025/2026','','2025-10-28 21:38:14','2025-11-27','paid'),(751,107,4,150.00,0.00,'First Semester','2025/2026','','2025-11-10 06:30:48','2025-12-10','pending'),(752,27,1,600.00,70.00,'First Semester','2025/2026','','2025-11-21 15:06:23','2025-12-21','pending'),(753,123,3,1000.00,500.00,'First Semester','2025/2026','','2025-12-02 11:42:13','2026-01-01','pending'),(754,107,10,580.00,0.00,'First Semester','2025/2026','','2025-12-02 12:02:33','2026-01-01','pending'),(755,129,1,500.00,500.00,'First Semester','2025/2026','','2025-12-21 20:35:56','2026-01-20','pending'),(756,129,4,580.00,120.00,'First Semester','2025/2026','','2025-12-21 20:35:56','2026-01-20','pending'),(757,11,6,100.00,0.00,'Second Semester','2025/2026',NULL,'2025-12-24 11:02:53','2026-02-27','pending'),(758,11,8,30.00,0.00,'Second Semester','2025/2026',NULL,'2025-12-24 11:02:53','2026-02-27','pending'),(759,11,2,442.50,0.00,'Second Semester','2025/2026','','2025-12-24 11:02:53','2026-02-27','pending'),(760,11,11,70.00,0.00,'Second Semester','2025/2026',NULL,'2025-12-24 11:02:53','2026-02-27','pending'),(761,11,1,400.00,0.00,'Second Semester','2025/2026','','2025-12-24 11:02:53','2026-02-27','pending'),(762,11,9,30.00,0.00,'Second Semester','2025/2026',NULL,'2025-12-24 11:02:53','2026-02-27','pending'),(763,14,6,100.00,100.00,'Second Semester','2025/2026',NULL,'2025-12-24 11:02:53','2026-02-27','paid'),(764,14,8,30.00,30.00,'Second Semester','2025/2026',NULL,'2025-12-24 11:02:53','2026-02-27','paid'),(765,14,2,885.00,885.00,'Second Semester','2025/2026','','2025-12-24 11:02:53','2026-02-27','paid'),(768,14,9,30.00,0.00,'Second Semester','2025/2026',NULL,'2025-12-24 11:02:53','2026-02-27','pending'),(769,11,15,2067.00,2067.00,'Second Semester','2025/2026','Auto-assigned outstanding balance carry forward','2026-04-14 21:38:49','2026-04-14','pending'),(771,112,8,30.00,30.00,'Second Semester','2025/2026',NULL,'2025-12-24 14:02:31','2026-02-27','paid'),(772,112,2,885.00,885.00,'Second Semester','2025/2026',NULL,'2025-12-24 14:02:31','2026-02-27','paid'),(773,112,11,70.00,70.00,'Second Semester','2025/2026',NULL,'2025-12-24 14:02:31','2026-02-27','paid'),(775,112,9,30.00,30.00,'Second Semester','2025/2026',NULL,'2025-12-24 14:02:31','2026-02-27','paid'),(776,10,6,100.00,100.00,'Second Semester','2025/2026',NULL,'2025-12-24 14:02:31','2026-02-27','paid'),(777,10,8,30.00,30.00,'Second Semester','2025/2026',NULL,'2025-12-24 14:02:31','2026-02-27','paid'),(779,10,11,70.00,70.00,'Second Semester','2025/2026',NULL,'2025-12-24 14:02:31','2026-02-27','paid'),(780,10,1,400.00,360.00,'Second Semester','2025/2026','','2025-12-24 14:02:31','2026-02-27','pending'),(781,10,9,30.00,0.00,'Second Semester','2025/2026',NULL,'2025-12-24 14:02:31','2026-02-27','pending'),(782,41,6,100.00,100.00,'Second Semester','2025/2026',NULL,'2025-12-24 14:02:31','2026-02-27','paid'),(783,41,8,30.00,30.00,'Second Semester','2025/2026',NULL,'2025-12-24 14:02:31','2026-02-27','paid'),(785,41,11,70.00,70.00,'Second Semester','2025/2026',NULL,'2025-12-24 14:02:31','2026-02-27','paid'),(786,41,1,800.00,80.00,'Second Semester','2025/2026',NULL,'2025-12-24 14:02:31','2026-02-27','pending'),(787,41,9,30.00,0.00,'Second Semester','2025/2026',NULL,'2025-12-24 14:02:31','2026-02-27','pending'),(788,48,6,100.00,100.00,'Second Semester','2025/2026',NULL,'2025-12-24 14:02:31','2026-02-27','paid'),(789,48,8,30.00,30.00,'Second Semester','2025/2026',NULL,'2025-12-24 14:02:31','2026-02-27','paid'),(791,48,11,70.00,30.00,'Second Semester','2025/2026',NULL,'2025-12-24 14:02:31','2026-02-27','pending'),(792,48,1,800.00,0.00,'Second Semester','2025/2026',NULL,'2025-12-24 14:02:31','2026-02-27','pending'),(793,48,9,30.00,0.00,'Second Semester','2025/2026',NULL,'2025-12-24 14:02:31','2026-02-27','pending'),(794,95,6,100.00,0.00,'Second Semester','2025/2026',NULL,'2025-12-24 14:02:31','2026-02-27','pending'),(795,95,8,30.00,0.00,'Second Semester','2025/2026',NULL,'2025-12-24 14:02:31','2026-02-27','pending'),(796,95,2,885.00,0.00,'Second Semester','2025/2026',NULL,'2025-12-24 14:02:31','2026-02-27','pending'),(797,95,11,70.00,0.00,'Second Semester','2025/2026',NULL,'2025-12-24 14:02:31','2026-02-27','pending'),(798,95,1,800.00,0.00,'Second Semester','2025/2026',NULL,'2025-12-24 14:02:31','2026-02-27','pending'),(799,95,9,30.00,0.00,'Second Semester','2025/2026',NULL,'2025-12-24 14:02:31','2026-02-27','pending'),(800,99,6,100.00,100.00,'Second Semester','2025/2026',NULL,'2025-12-24 14:02:31','2026-02-27','paid'),(801,99,8,30.00,30.00,'Second Semester','2025/2026',NULL,'2025-12-24 14:02:31','2026-02-27','paid'),(802,99,2,442.50,442.50,'Second Semester','2025/2026','','2025-12-24 14:02:31','2026-02-27','paid'),(803,99,11,70.00,70.00,'Second Semester','2025/2026',NULL,'2025-12-24 14:02:31','2026-02-27','paid'),(804,99,1,400.00,357.50,'Second Semester','2025/2026','','2025-12-24 14:02:31','2026-02-27','pending'),(805,99,9,30.00,0.00,'Second Semester','2025/2026',NULL,'2025-12-24 14:02:31','2026-02-27','pending'),(808,41,15,30.00,30.00,'Second Semester','2025/2026','Auto-assigned outstanding balance carry forward','2026-04-14 21:38:49','2026-04-14','pending'),(809,95,15,830.00,0.00,'Second Semester','2025/2026','Auto-assigned outstanding balance carry forward','2025-12-24 19:50:38','2025-12-24','pending'),(811,3,6,100.00,100.00,'Second Semester','2025/2026',NULL,'2025-12-24 14:04:46','2026-02-27','paid'),(812,3,8,30.00,30.00,'Second Semester','2025/2026',NULL,'2025-12-24 14:04:46','2026-02-27','paid'),(814,3,11,70.00,70.00,'Second Semester','2025/2026',NULL,'2025-12-24 14:04:46','2026-02-27','paid'),(815,3,1,800.00,800.00,'Second Semester','2025/2026',NULL,'2025-12-24 14:04:46','2026-02-27','paid'),(816,3,9,30.00,30.00,'Second Semester','2025/2026',NULL,'2025-12-24 14:04:46','2026-02-27','paid'),(817,37,6,100.00,100.00,'Second Semester','2025/2026',NULL,'2025-12-24 14:04:46','2026-02-27','paid'),(818,37,8,30.00,30.00,'Second Semester','2025/2026',NULL,'2025-12-24 14:04:46','2026-02-27','paid'),(819,37,2,885.00,885.00,'Second Semester','2025/2026',NULL,'2025-12-24 14:04:46','2026-02-27','paid'),(820,37,11,70.00,70.00,'Second Semester','2025/2026',NULL,'2025-12-24 14:04:46','2026-02-27','paid'),(822,37,9,30.00,30.00,'Second Semester','2025/2026',NULL,'2025-12-24 14:04:46','2026-02-27','paid'),(823,43,6,100.00,0.00,'Second Semester','2025/2026',NULL,'2025-12-24 14:04:46','2026-02-27','pending'),(824,43,8,30.00,0.00,'Second Semester','2025/2026',NULL,'2025-12-24 14:04:46','2026-02-27','pending'),(825,43,2,885.00,0.00,'Second Semester','2025/2026',NULL,'2025-12-24 14:04:46','2026-02-27','pending'),(826,43,11,70.00,0.00,'Second Semester','2025/2026',NULL,'2025-12-24 14:04:46','2026-02-27','pending'),(827,43,1,800.00,0.00,'Second Semester','2025/2026',NULL,'2025-12-24 14:04:46','2026-02-27','pending'),(828,43,9,30.00,0.00,'Second Semester','2025/2026',NULL,'2025-12-24 14:04:46','2026-02-27','pending'),(829,58,6,100.00,100.00,'Second Semester','2025/2026',NULL,'2025-12-24 14:04:46','2026-02-27','paid'),(830,58,8,30.00,30.00,'Second Semester','2025/2026',NULL,'2025-12-24 14:04:46','2026-02-27','paid'),(831,58,2,885.00,770.00,'Second Semester','2025/2026',NULL,'2025-12-24 14:04:46','2026-02-27','pending'),(832,58,11,70.00,0.00,'Second Semester','2025/2026',NULL,'2025-12-24 14:04:46','2026-02-27','pending'),(833,58,1,800.00,0.00,'Second Semester','2025/2026',NULL,'2025-12-24 14:04:46','2026-02-27','pending'),(834,58,9,30.00,0.00,'Second Semester','2025/2026',NULL,'2025-12-24 14:04:46','2026-02-27','pending'),(835,79,6,100.00,0.00,'Second Semester','2025/2026',NULL,'2025-12-24 14:04:46','2026-02-27','pending'),(836,79,8,30.00,0.00,'Second Semester','2025/2026',NULL,'2025-12-24 14:04:46','2026-02-27','pending'),(838,79,11,70.00,0.00,'Second Semester','2025/2026',NULL,'2025-12-24 14:04:46','2026-02-27','pending'),(839,79,1,800.00,0.00,'Second Semester','2025/2026',NULL,'2025-12-24 14:04:46','2026-02-27','pending'),(840,79,9,30.00,0.00,'Second Semester','2025/2026',NULL,'2025-12-24 14:04:46','2026-02-27','pending'),(841,101,6,100.00,0.00,'Second Semester','2025/2026',NULL,'2025-12-24 14:04:46','2026-02-27','pending'),(842,101,8,30.00,0.00,'Second Semester','2025/2026',NULL,'2025-12-24 14:04:46','2026-02-27','pending'),(843,101,2,885.00,0.00,'Second Semester','2025/2026',NULL,'2025-12-24 14:04:46','2026-02-27','pending'),(844,101,11,70.00,0.00,'Second Semester','2025/2026',NULL,'2025-12-24 14:04:46','2026-02-27','pending'),(845,101,1,800.00,0.00,'Second Semester','2025/2026',NULL,'2025-12-24 14:04:46','2026-02-27','pending'),(846,101,9,30.00,0.00,'Second Semester','2025/2026',NULL,'2025-12-24 14:04:46','2026-02-27','pending'),(847,43,15,2530.00,2530.00,'Second Semester','2025/2026','Auto-assigned outstanding balance carry forward','2026-04-14 21:38:49','2026-04-14','pending'),(848,130,5,450.00,450.00,'First Semester','2025/2026','','2025-12-24 14:38:47','2026-01-23','paid'),(849,130,1,1280.00,350.00,'First Semester','2025/2026','','2025-12-24 14:38:47','2026-01-23','pending'),(850,131,5,450.00,450.00,'First Semester','2025/2026','','2025-12-24 14:38:47','2026-01-23','paid'),(851,131,1,1280.00,350.00,'First Semester','2025/2026','','2025-12-24 14:38:47','2026-01-23','pending'),(852,7,8,30.00,30.00,'Second Semester','2025/2026',NULL,'2025-12-24 14:50:16','2026-02-27','paid'),(853,7,2,767.00,767.00,'Second Semester','2025/2026',NULL,'2025-12-24 14:50:16','2026-02-27','paid'),(854,7,11,70.00,70.00,'Second Semester','2025/2026',NULL,'2025-12-24 14:50:16','2026-02-27','paid'),(855,7,1,700.00,700.00,'Second Semester','2025/2026',NULL,'2025-12-24 14:50:16','2026-02-27','paid'),(856,7,9,30.00,30.00,'Second Semester','2025/2026',NULL,'2025-12-24 14:50:16','2026-02-27','paid'),(857,19,8,30.00,30.00,'Second Semester','2025/2026',NULL,'2025-12-24 14:50:16','2026-02-27','paid'),(859,19,11,70.00,70.00,'Second Semester','2025/2026',NULL,'2025-12-24 14:50:16','2026-02-27','paid'),(860,19,1,700.00,30.00,'Second Semester','2025/2026',NULL,'2025-12-24 14:50:16','2026-02-27','pending'),(861,19,9,30.00,0.00,'Second Semester','2025/2026',NULL,'2025-12-24 14:50:16','2026-02-27','pending'),(867,119,8,30.00,30.00,'Second Semester','2025/2026',NULL,'2025-12-24 14:50:16','2026-02-27','paid'),(869,119,11,70.00,70.00,'Second Semester','2025/2026',NULL,'2025-12-24 14:50:16','2026-02-27','paid'),(870,119,1,700.00,280.00,'Second Semester','2025/2026',NULL,'2025-12-24 14:50:16','2026-02-27','pending'),(871,119,9,30.00,0.00,'Second Semester','2025/2026',NULL,'2025-12-24 14:50:16','2026-02-27','pending'),(872,40,8,30.00,30.00,'Second Semester','2025/2026',NULL,'2025-12-24 14:50:16','2026-02-27','paid'),(873,40,2,767.00,767.00,'Second Semester','2025/2026',NULL,'2025-12-24 14:50:16','2026-02-27','paid'),(874,40,11,70.00,70.00,'Second Semester','2025/2026',NULL,'2025-12-24 14:50:16','2026-02-27','paid'),(876,40,9,30.00,0.00,'Second Semester','2025/2026',NULL,'2025-12-24 14:50:16','2026-02-27','pending'),(877,42,8,30.00,30.00,'Second Semester','2025/2026',NULL,'2025-12-24 14:50:16','2026-02-27','paid'),(878,42,2,767.00,767.00,'Second Semester','2025/2026',NULL,'2025-12-24 14:50:16','2026-02-27','paid'),(879,42,11,70.00,70.00,'Second Semester','2025/2026',NULL,'2025-12-24 14:50:16','2026-02-27','paid'),(880,42,1,700.00,405.00,'Second Semester','2025/2026',NULL,'2025-12-24 14:50:16','2026-02-27','pending'),(881,42,9,30.00,0.00,'Second Semester','2025/2026',NULL,'2025-12-24 14:50:16','2026-02-27','pending'),(882,51,8,30.00,30.00,'Second Semester','2025/2026',NULL,'2025-12-24 14:50:16','2026-02-27','paid'),(884,51,11,70.00,70.00,'Second Semester','2025/2026',NULL,'2025-12-24 14:50:16','2026-02-27','paid'),(885,51,1,700.00,260.00,'Second Semester','2025/2026',NULL,'2025-12-24 14:50:16','2026-02-27','pending'),(886,51,9,30.00,0.00,'Second Semester','2025/2026',NULL,'2025-12-24 14:50:16','2026-02-27','pending'),(887,64,8,30.00,30.00,'Second Semester','2025/2026',NULL,'2025-12-24 14:50:16','2026-02-27','paid'),(888,64,2,767.00,767.00,'Second Semester','2025/2026',NULL,'2025-12-24 14:50:16','2026-02-27','paid'),(889,64,11,70.00,70.00,'Second Semester','2025/2026',NULL,'2025-12-24 14:50:16','2026-02-27','paid'),(890,64,1,700.00,240.00,'Second Semester','2025/2026',NULL,'2025-12-24 14:50:16','2026-02-27','pending'),(891,64,9,30.00,0.00,'Second Semester','2025/2026',NULL,'2025-12-24 14:50:16','2026-02-27','pending'),(892,80,8,30.00,30.00,'Second Semester','2025/2026',NULL,'2025-12-24 14:50:16','2026-02-27','paid'),(894,80,11,70.00,70.00,'Second Semester','2025/2026',NULL,'2025-12-24 14:50:16','2026-02-27','paid'),(895,80,1,700.00,700.00,'Second Semester','2025/2026',NULL,'2025-12-24 14:50:16','2026-02-27','paid'),(896,80,9,30.00,30.00,'Second Semester','2025/2026',NULL,'2025-12-24 14:50:16','2026-02-27','paid'),(897,102,8,30.00,30.00,'Second Semester','2025/2026',NULL,'2025-12-24 14:50:16','2026-02-27','paid'),(899,102,11,70.00,70.00,'Second Semester','2025/2026',NULL,'2025-12-24 14:50:16','2026-02-27','paid'),(900,102,1,700.00,280.00,'Second Semester','2025/2026',NULL,'2025-12-24 14:50:16','2026-02-27','pending'),(901,102,9,30.00,0.00,'Second Semester','2025/2026',NULL,'2025-12-24 14:50:16','2026-02-27','pending'),(903,29,15,280.00,280.00,'Second Semester','2025/2026','Auto-assigned outstanding balance carry forward','2026-04-14 21:38:49','2026-04-14','pending'),(904,102,15,360.00,360.00,'Second Semester','2025/2026','Auto-assigned outstanding balance carry forward','2026-04-14 21:38:50','2026-04-14','pending'),(905,2,6,100.00,100.00,'Second Semester','2025/2026',NULL,'2025-12-24 14:51:10','2026-02-27','paid'),(907,2,8,30.00,30.00,'Second Semester','2025/2026',NULL,'2025-12-24 14:51:10','2026-02-27','paid'),(908,2,11,70.00,70.00,'Second Semester','2025/2026',NULL,'2025-12-24 14:51:10','2026-02-27','paid'),(909,2,1,400.00,400.00,'Second Semester','2025/2026','','2025-12-24 14:51:10','2026-02-27','paid'),(910,2,9,30.00,30.00,'Second Semester','2025/2026',NULL,'2025-12-24 14:51:10','2026-02-27','paid'),(911,110,6,100.00,100.00,'Second Semester','2025/2026',NULL,'2025-12-24 14:51:10','2026-02-27','paid'),(913,110,8,30.00,30.00,'Second Semester','2025/2026',NULL,'2025-12-24 14:51:10','2026-02-27','paid'),(914,110,11,70.00,70.00,'Second Semester','2025/2026',NULL,'2025-12-24 14:51:10','2026-02-27','paid'),(915,110,1,800.00,580.00,'Second Semester','2025/2026',NULL,'2025-12-24 14:51:10','2026-02-27','pending'),(916,110,9,30.00,0.00,'Second Semester','2025/2026',NULL,'2025-12-24 14:51:10','2026-02-27','pending'),(917,13,6,100.00,100.00,'Second Semester','2025/2026',NULL,'2025-12-24 14:51:10','2026-02-27','paid'),(918,13,2,885.00,885.00,'Second Semester','2025/2026',NULL,'2025-12-24 14:51:10','2026-02-27','paid'),(919,13,8,30.00,30.00,'Second Semester','2025/2026',NULL,'2025-12-24 14:51:10','2026-02-27','paid'),(922,13,9,30.00,0.00,'Second Semester','2025/2026',NULL,'2025-12-24 14:51:10','2026-02-27','pending'),(923,23,6,100.00,100.00,'Second Semester','2025/2026',NULL,'2025-12-24 14:51:10','2026-02-27','paid'),(925,23,8,30.00,30.00,'Second Semester','2025/2026',NULL,'2025-12-24 14:51:10','2026-02-27','paid'),(926,23,11,70.00,70.00,'Second Semester','2025/2026',NULL,'2025-12-24 14:51:10','2026-02-27','paid'),(927,23,1,500.00,500.00,'Second Semester','2025/2026','','2025-12-24 14:51:10','2026-02-27','paid'),(928,23,9,30.00,30.00,'Second Semester','2025/2026',NULL,'2025-12-24 14:51:10','2026-02-27','paid'),(929,36,6,100.00,100.00,'Second Semester','2025/2026',NULL,'2025-12-24 14:51:10','2026-02-27','paid'),(931,36,8,30.00,30.00,'Second Semester','2025/2026',NULL,'2025-12-24 14:51:10','2026-02-27','paid'),(932,36,11,70.00,70.00,'Second Semester','2025/2026',NULL,'2025-12-24 14:51:10','2026-02-27','paid'),(933,36,1,800.00,420.00,'Second Semester','2025/2026',NULL,'2025-12-24 14:51:10','2026-02-27','pending'),(934,36,9,30.00,0.00,'Second Semester','2025/2026',NULL,'2025-12-24 14:51:10','2026-02-27','pending'),(935,56,6,100.00,100.00,'Second Semester','2025/2026',NULL,'2025-12-24 14:51:10','2026-02-27','paid'),(937,56,8,30.00,30.00,'Second Semester','2025/2026',NULL,'2025-12-24 14:51:10','2026-02-27','paid'),(938,56,11,70.00,70.00,'Second Semester','2025/2026',NULL,'2025-12-24 14:51:10','2026-02-27','paid'),(939,56,1,800.00,800.00,'Second Semester','2025/2026',NULL,'2025-12-24 14:51:10','2026-02-27','paid'),(940,56,9,30.00,30.00,'Second Semester','2025/2026',NULL,'2025-12-24 14:51:10','2026-02-27','paid'),(941,73,6,100.00,100.00,'Second Semester','2025/2026',NULL,'2025-12-24 14:51:10','2026-02-27','paid'),(943,73,8,30.00,30.00,'Second Semester','2025/2026',NULL,'2025-12-24 14:51:10','2026-02-27','paid'),(944,73,11,70.00,70.00,'Second Semester','2025/2026',NULL,'2025-12-24 14:51:10','2026-02-27','paid'),(945,73,1,800.00,800.00,'Second Semester','2025/2026',NULL,'2025-12-24 14:51:10','2026-02-27','paid'),(946,73,9,30.00,30.00,'Second Semester','2025/2026',NULL,'2025-12-24 14:51:10','2026-02-27','paid'),(947,76,6,100.00,100.00,'Second Semester','2025/2026',NULL,'2025-12-24 14:51:10','2026-02-27','paid'),(949,76,8,30.00,30.00,'Second Semester','2025/2026',NULL,'2025-12-24 14:51:10','2026-02-27','paid'),(950,76,11,70.00,70.00,'Second Semester','2025/2026',NULL,'2025-12-24 14:51:10','2026-02-27','paid'),(951,76,1,800.00,780.00,'Second Semester','2025/2026',NULL,'2025-12-24 14:51:10','2026-02-27','pending'),(952,76,9,30.00,0.00,'Second Semester','2025/2026',NULL,'2025-12-24 14:51:10','2026-02-27','pending'),(953,81,6,100.00,100.00,'Second Semester','2025/2026',NULL,'2025-12-24 14:51:10','2026-02-27','paid'),(955,81,8,30.00,30.00,'Second Semester','2025/2026',NULL,'2025-12-24 14:51:10','2026-02-27','paid'),(956,81,11,70.00,70.00,'Second Semester','2025/2026',NULL,'2025-12-24 14:51:10','2026-02-27','paid'),(957,81,1,800.00,800.00,'Second Semester','2025/2026',NULL,'2025-12-24 14:51:10','2026-02-27','paid'),(958,81,9,30.00,30.00,'Second Semester','2025/2026',NULL,'2025-12-24 14:51:10','2026-02-27','paid'),(959,84,6,100.00,100.00,'Second Semester','2025/2026',NULL,'2025-12-24 14:51:10','2026-02-27','paid'),(960,84,2,885.00,885.00,'Second Semester','2025/2026',NULL,'2025-12-24 14:51:10','2026-02-27','paid'),(961,84,8,30.00,30.00,'Second Semester','2025/2026',NULL,'2025-12-24 14:51:10','2026-02-27','paid'),(962,84,11,70.00,70.00,'Second Semester','2025/2026',NULL,'2025-12-24 14:51:10','2026-02-27','paid'),(963,84,1,800.00,800.00,'Second Semester','2025/2026',NULL,'2025-12-24 14:51:10','2026-02-27','paid'),(964,84,9,30.00,30.00,'Second Semester','2025/2026',NULL,'2025-12-24 14:51:10','2026-02-27','paid'),(977,21,6,100.00,100.00,'Second Semester','2025/2026',NULL,'2025-12-24 14:51:10','2026-02-27','paid'),(978,21,2,885.00,885.00,'Second Semester','2025/2026',NULL,'2025-12-24 14:51:10','2026-02-27','paid'),(979,21,8,30.00,30.00,'Second Semester','2025/2026',NULL,'2025-12-24 14:51:10','2026-02-27','paid'),(980,21,11,70.00,70.00,'Second Semester','2025/2026',NULL,'2025-12-24 14:51:10','2026-02-27','paid'),(981,21,1,800.00,800.00,'Second Semester','2025/2026',NULL,'2025-12-24 14:51:10','2026-02-27','paid'),(982,21,9,30.00,30.00,'Second Semester','2025/2026',NULL,'2025-12-24 14:51:10','2026-02-27','paid'),(983,24,6,100.00,100.00,'Second Semester','2025/2026',NULL,'2025-12-24 14:51:10','2026-02-27','paid'),(985,24,8,30.00,30.00,'Second Semester','2025/2026',NULL,'2025-12-24 14:51:10','2026-02-27','paid'),(986,24,11,70.00,70.00,'Second Semester','2025/2026',NULL,'2025-12-24 14:51:10','2026-02-27','paid'),(987,24,1,800.00,590.00,'Second Semester','2025/2026',NULL,'2025-12-24 14:51:10','2026-02-27','pending'),(988,24,9,30.00,0.00,'Second Semester','2025/2026',NULL,'2025-12-24 14:51:10','2026-02-27','pending'),(989,120,6,100.00,100.00,'Second Semester','2025/2026',NULL,'2025-12-24 14:51:10','2026-02-27','paid'),(990,120,2,885.00,885.00,'Second Semester','2025/2026',NULL,'2025-12-24 14:51:10','2026-02-27','paid'),(991,120,8,30.00,30.00,'Second Semester','2025/2026',NULL,'2025-12-24 14:51:10','2026-02-27','paid'),(992,120,11,70.00,70.00,'Second Semester','2025/2026',NULL,'2025-12-24 14:51:10','2026-02-27','paid'),(993,120,1,800.00,800.00,'Second Semester','2025/2026',NULL,'2025-12-24 14:51:10','2026-02-27','paid'),(994,120,9,30.00,30.00,'Second Semester','2025/2026',NULL,'2025-12-24 14:51:10','2026-02-27','paid'),(995,38,6,100.00,100.00,'Second Semester','2025/2026',NULL,'2025-12-24 14:51:10','2026-02-27','paid'),(996,38,2,885.00,885.00,'Second Semester','2025/2026',NULL,'2025-12-24 14:51:10','2026-02-27','paid'),(997,38,8,30.00,30.00,'Second Semester','2025/2026',NULL,'2025-12-24 14:51:10','2026-02-27','paid'),(998,38,11,70.00,70.00,'Second Semester','2025/2026',NULL,'2025-12-24 14:51:10','2026-02-27','paid'),(999,38,1,400.00,415.00,'Second Semester','2025/2026','','2025-12-24 14:51:10','2026-02-27','pending'),(1000,38,9,15.00,0.00,'Second Semester','2025/2026','','2025-12-24 14:51:10','2026-02-27','pending'),(1001,47,6,100.00,100.00,'Second Semester','2025/2026',NULL,'2025-12-24 14:51:10','2026-02-27','paid'),(1002,47,2,885.00,885.00,'Second Semester','2025/2026',NULL,'2025-12-24 14:51:10','2026-02-27','paid'),(1003,47,8,30.00,30.00,'Second Semester','2025/2026',NULL,'2025-12-24 14:51:10','2026-02-27','paid'),(1006,47,9,15.00,15.00,'Second Semester','2025/2026','','2025-12-24 14:51:10','2026-02-27','paid'),(1007,52,6,100.00,100.00,'Second Semester','2025/2026',NULL,'2025-12-24 14:51:10','2026-02-27','paid'),(1009,52,8,30.00,30.00,'Second Semester','2025/2026',NULL,'2025-12-24 14:51:10','2026-02-27','paid'),(1010,52,11,70.00,70.00,'Second Semester','2025/2026',NULL,'2025-12-24 14:51:10','2026-02-27','paid'),(1011,52,1,800.00,330.00,'Second Semester','2025/2026',NULL,'2025-12-24 14:51:10','2026-02-27','pending'),(1012,52,9,30.00,0.00,'Second Semester','2025/2026',NULL,'2025-12-24 14:51:10','2026-02-27','pending'),(1025,78,6,100.00,0.00,'Second Semester','2025/2026',NULL,'2025-12-24 14:51:10','2026-02-27','pending'),(1027,78,8,30.00,0.00,'Second Semester','2025/2026',NULL,'2025-12-24 14:51:10','2026-02-27','pending'),(1028,78,11,70.00,0.00,'Second Semester','2025/2026',NULL,'2025-12-24 14:51:10','2026-02-27','pending'),(1029,78,1,800.00,0.00,'Second Semester','2025/2026',NULL,'2025-12-24 14:51:10','2026-02-27','pending'),(1030,78,9,30.00,0.00,'Second Semester','2025/2026',NULL,'2025-12-24 14:51:10','2026-02-27','pending'),(1031,96,6,100.00,0.00,'Second Semester','2025/2026',NULL,'2025-12-24 14:51:10','2026-02-27','pending'),(1032,96,2,885.00,0.00,'Second Semester','2025/2026',NULL,'2025-12-24 14:51:10','2026-02-27','pending'),(1033,96,8,30.00,0.00,'Second Semester','2025/2026',NULL,'2025-12-24 14:51:10','2026-02-27','pending'),(1034,96,11,70.00,0.00,'Second Semester','2025/2026',NULL,'2025-12-24 14:51:10','2026-02-27','pending'),(1035,96,1,800.00,0.00,'Second Semester','2025/2026',NULL,'2025-12-24 14:51:10','2026-02-27','pending'),(1036,96,9,30.00,0.00,'Second Semester','2025/2026',NULL,'2025-12-24 14:51:10','2026-02-27','pending'),(1037,1,6,100.00,100.00,'Second Semester','2025/2026',NULL,'2025-12-24 14:51:10','2026-02-27','paid'),(1039,1,8,30.00,30.00,'Second Semester','2025/2026',NULL,'2025-12-24 14:51:10','2026-02-27','paid'),(1040,1,11,70.00,70.00,'Second Semester','2025/2026',NULL,'2025-12-24 14:51:10','2026-02-27','paid'),(1041,1,1,800.00,800.00,'Second Semester','2025/2026',NULL,'2025-12-24 14:51:10','2026-02-27','paid'),(1042,1,9,30.00,20.00,'Second Semester','2025/2026',NULL,'2025-12-24 14:51:10','2026-02-27','pending'),(1044,111,2,885.00,885.00,'Second Semester','2025/2026',NULL,'2025-12-24 14:51:10','2026-02-27','paid'),(1045,111,8,30.00,30.00,'Second Semester','2025/2026',NULL,'2025-12-24 14:51:10','2026-02-27','paid'),(1046,111,11,70.00,70.00,'Second Semester','2025/2026',NULL,'2025-12-24 14:51:10','2026-02-27','paid'),(1048,111,9,30.00,0.00,'Second Semester','2025/2026',NULL,'2025-12-24 14:51:10','2026-02-27','pending'),(1049,28,6,100.00,0.00,'Second Semester','2025/2026',NULL,'2025-12-24 14:51:10','2026-02-27','pending'),(1051,28,8,30.00,0.00,'Second Semester','2025/2026',NULL,'2025-12-24 14:51:10','2026-02-27','pending'),(1052,28,11,70.00,0.00,'Second Semester','2025/2026',NULL,'2025-12-24 14:51:10','2026-02-27','pending'),(1054,28,9,30.00,0.00,'Second Semester','2025/2026',NULL,'2025-12-24 14:51:10','2026-02-27','pending'),(1055,34,6,100.00,100.00,'Second Semester','2025/2026',NULL,'2025-12-24 14:51:10','2026-02-27','paid'),(1056,34,2,885.00,885.00,'Second Semester','2025/2026',NULL,'2025-12-24 14:51:10','2026-02-27','paid'),(1057,34,8,30.00,30.00,'Second Semester','2025/2026',NULL,'2025-12-24 14:51:10','2026-02-27','paid'),(1058,34,11,70.00,70.00,'Second Semester','2025/2026',NULL,'2025-12-24 14:51:10','2026-02-27','paid'),(1059,34,1,800.00,800.00,'Second Semester','2025/2026',NULL,'2025-12-24 14:51:10','2026-02-27','paid'),(1060,34,9,30.00,30.00,'Second Semester','2025/2026',NULL,'2025-12-24 14:51:10','2026-02-27','paid'),(1061,44,6,100.00,100.00,'Second Semester','2025/2026',NULL,'2025-12-24 14:51:10','2026-02-27','paid'),(1063,44,8,30.00,30.00,'Second Semester','2025/2026',NULL,'2025-12-24 14:51:10','2026-02-27','paid'),(1064,44,11,70.00,70.00,'Second Semester','2025/2026',NULL,'2025-12-24 14:51:10','2026-02-27','paid'),(1065,44,1,800.00,800.00,'Second Semester','2025/2026',NULL,'2025-12-24 14:51:10','2026-02-27','paid'),(1066,44,9,30.00,30.00,'Second Semester','2025/2026',NULL,'2025-12-24 14:51:10','2026-02-27','paid'),(1067,77,6,100.00,0.00,'Second Semester','2025/2026',NULL,'2025-12-24 14:51:10','2026-02-27','pending'),(1069,77,8,30.00,0.00,'Second Semester','2025/2026',NULL,'2025-12-24 14:51:10','2026-02-27','pending'),(1070,77,11,70.00,0.00,'Second Semester','2025/2026',NULL,'2025-12-24 14:51:10','2026-02-27','pending'),(1071,77,1,800.00,0.00,'Second Semester','2025/2026',NULL,'2025-12-24 14:51:10','2026-02-27','pending'),(1072,77,9,30.00,0.00,'Second Semester','2025/2026',NULL,'2025-12-24 14:51:10','2026-02-27','pending'),(1073,92,6,100.00,100.00,'Second Semester','2025/2026',NULL,'2025-12-24 14:51:10','2026-02-27','paid'),(1074,92,2,885.00,885.00,'Second Semester','2025/2026',NULL,'2025-12-24 14:51:10','2026-02-27','paid'),(1075,92,8,30.00,30.00,'Second Semester','2025/2026',NULL,'2025-12-24 14:51:10','2026-02-27','paid'),(1076,92,11,70.00,70.00,'Second Semester','2025/2026',NULL,'2025-12-24 14:51:10','2026-02-27','paid'),(1077,92,1,800.00,800.00,'Second Semester','2025/2026',NULL,'2025-12-24 14:51:10','2026-02-27','paid'),(1078,92,9,30.00,30.00,'Second Semester','2025/2026',NULL,'2025-12-24 14:51:10','2026-02-27','paid'),(1079,98,6,100.00,0.00,'Second Semester','2025/2026',NULL,'2025-12-24 14:51:10','2026-02-27','pending'),(1080,98,2,885.00,0.00,'Second Semester','2025/2026',NULL,'2025-12-24 14:51:10','2026-02-27','pending'),(1081,98,8,30.00,0.00,'Second Semester','2025/2026',NULL,'2025-12-24 14:51:10','2026-02-27','pending'),(1082,98,11,70.00,0.00,'Second Semester','2025/2026',NULL,'2025-12-24 14:51:10','2026-02-27','pending'),(1083,98,1,800.00,0.00,'Second Semester','2025/2026',NULL,'2025-12-24 14:51:10','2026-02-27','pending'),(1084,98,9,30.00,0.00,'Second Semester','2025/2026',NULL,'2025-12-24 14:51:10','2026-02-27','pending'),(1085,117,6,100.00,100.00,'Second Semester','2025/2026',NULL,'2025-12-24 14:51:10','2026-02-27','paid'),(1086,117,2,885.00,650.00,'Second Semester','2025/2026',NULL,'2025-12-24 14:51:10','2026-02-27','pending'),(1087,117,8,30.00,0.00,'Second Semester','2025/2026',NULL,'2025-12-24 14:51:10','2026-02-27','pending'),(1088,117,11,70.00,0.00,'Second Semester','2025/2026',NULL,'2025-12-24 14:51:10','2026-02-27','pending'),(1089,117,1,800.00,0.00,'Second Semester','2025/2026',NULL,'2025-12-24 14:51:10','2026-02-27','pending'),(1090,117,9,30.00,0.00,'Second Semester','2025/2026',NULL,'2025-12-24 14:51:10','2026-02-27','pending'),(1097,70,6,100.00,100.00,'Second Semester','2025/2026',NULL,'2025-12-24 14:51:10','2026-02-27','paid'),(1098,70,2,885.00,885.00,'Second Semester','2025/2026',NULL,'2025-12-24 14:51:10','2026-02-27','paid'),(1099,70,8,30.00,30.00,'Second Semester','2025/2026',NULL,'2025-12-24 14:51:10','2026-02-27','paid'),(1100,70,11,70.00,70.00,'Second Semester','2025/2026',NULL,'2025-12-24 14:51:10','2026-02-27','paid'),(1101,70,1,800.00,800.00,'Second Semester','2025/2026',NULL,'2025-12-24 14:51:10','2026-02-27','paid'),(1102,70,9,30.00,30.00,'Second Semester','2025/2026',NULL,'2025-12-24 14:51:10','2026-02-27','paid'),(1103,100,6,100.00,100.00,'Second Semester','2025/2026',NULL,'2025-12-24 14:51:10','2026-02-27','paid'),(1104,100,2,442.50,100.00,'Second Semester','2025/2026','','2025-12-24 14:51:10','2026-02-27','pending'),(1105,100,8,30.00,0.00,'Second Semester','2025/2026',NULL,'2025-12-24 14:51:10','2026-02-27','pending'),(1106,100,11,70.00,0.00,'Second Semester','2025/2026',NULL,'2025-12-24 14:51:10','2026-02-27','pending'),(1107,100,1,400.00,0.00,'Second Semester','2025/2026','','2025-12-24 14:51:10','2026-02-27','pending'),(1108,100,9,30.00,0.00,'Second Semester','2025/2026',NULL,'2025-12-24 14:51:10','2026-02-27','pending'),(1110,114,8,30.00,30.00,'Second Semester','2025/2026',NULL,'2025-12-24 14:51:10','2026-02-27','paid'),(1111,114,11,70.00,70.00,'Second Semester','2025/2026',NULL,'2025-12-24 14:51:10','2026-02-27','paid'),(1112,114,1,350.00,330.00,'Second Semester','2025/2026','','2025-12-24 14:51:10','2026-02-27','pending'),(1113,114,9,30.00,0.00,'Second Semester','2025/2026',NULL,'2025-12-24 14:51:10','2026-02-27','pending'),(1114,20,2,767.00,767.00,'Second Semester','2025/2026',NULL,'2025-12-24 14:51:10','2026-02-27','paid'),(1115,20,8,30.00,30.00,'Second Semester','2025/2026',NULL,'2025-12-24 14:51:10','2026-02-27','paid'),(1116,20,11,70.00,70.00,'Second Semester','2025/2026',NULL,'2025-12-24 14:51:10','2026-02-27','paid'),(1117,20,1,350.00,350.00,'Second Semester','2025/2026','','2025-12-24 14:51:10','2026-02-27','paid'),(1118,20,9,30.00,30.00,'Second Semester','2025/2026',NULL,'2025-12-24 14:51:10','2026-02-27','paid'),(1120,129,8,30.00,0.00,'Second Semester','2025/2026',NULL,'2025-12-24 14:51:10','2026-02-27','pending'),(1121,129,11,70.00,0.00,'Second Semester','2025/2026',NULL,'2025-12-24 14:51:10','2026-02-27','pending'),(1122,129,1,700.00,0.00,'Second Semester','2025/2026',NULL,'2025-12-24 14:51:10','2026-02-27','pending'),(1123,129,9,30.00,0.00,'Second Semester','2025/2026',NULL,'2025-12-24 14:51:10','2026-02-27','pending'),(1125,26,8,30.00,30.00,'Second Semester','2025/2026',NULL,'2025-12-24 14:51:10','2026-02-27','paid'),(1126,26,11,70.00,70.00,'Second Semester','2025/2026',NULL,'2025-12-24 14:51:10','2026-02-27','paid'),(1127,26,1,700.00,110.00,'Second Semester','2025/2026',NULL,'2025-12-24 14:51:10','2026-02-27','pending'),(1128,26,9,30.00,0.00,'Second Semester','2025/2026',NULL,'2025-12-24 14:51:10','2026-02-27','pending'),(1130,128,8,30.00,30.00,'Second Semester','2025/2026',NULL,'2025-12-24 14:51:10','2026-02-27','paid'),(1131,128,11,70.00,70.00,'Second Semester','2025/2026',NULL,'2025-12-24 14:51:10','2026-02-27','paid'),(1132,128,1,700.00,330.00,'Second Semester','2025/2026',NULL,'2025-12-24 14:51:10','2026-02-27','pending'),(1133,128,9,30.00,0.00,'Second Semester','2025/2026',NULL,'2025-12-24 14:51:10','2026-02-27','pending'),(1135,39,8,30.00,0.00,'Second Semester','2025/2026',NULL,'2025-12-24 14:51:10','2026-02-27','pending'),(1136,39,11,70.00,0.00,'Second Semester','2025/2026',NULL,'2025-12-24 14:51:10','2026-02-27','pending'),(1137,39,1,350.00,0.00,'Second Semester','2025/2026','','2025-12-24 14:51:10','2026-02-27','pending'),(1138,39,9,30.00,0.00,'Second Semester','2025/2026',NULL,'2025-12-24 14:51:10','2026-02-27','pending'),(1139,124,2,767.00,767.00,'Second Semester','2025/2026',NULL,'2025-12-24 14:51:10','2026-02-27','paid'),(1140,124,8,30.00,30.00,'Second Semester','2025/2026',NULL,'2025-12-24 14:51:10','2026-02-27','paid'),(1141,124,11,70.00,70.00,'Second Semester','2025/2026',NULL,'2025-12-24 14:51:10','2026-02-27','paid'),(1142,124,1,700.00,700.00,'Second Semester','2025/2026',NULL,'2025-12-24 14:51:10','2026-02-27','paid'),(1143,124,9,30.00,30.00,'Second Semester','2025/2026',NULL,'2025-12-24 14:51:10','2026-02-27','paid'),(1145,62,8,30.00,30.00,'Second Semester','2025/2026',NULL,'2025-12-24 14:51:10','2026-02-27','paid'),(1146,62,11,70.00,70.00,'Second Semester','2025/2026',NULL,'2025-12-24 14:51:10','2026-02-27','paid'),(1147,62,1,700.00,400.00,'Second Semester','2025/2026',NULL,'2025-12-24 14:51:10','2026-02-27','pending'),(1148,62,9,30.00,0.00,'Second Semester','2025/2026',NULL,'2025-12-24 14:51:10','2026-02-27','pending'),(1149,116,2,767.00,767.00,'Second Semester','2025/2026',NULL,'2025-12-24 14:51:10','2026-02-27','paid'),(1150,116,8,30.00,30.00,'Second Semester','2025/2026',NULL,'2025-12-24 14:51:10','2026-02-27','paid'),(1151,116,11,30.00,33.00,'Second Semester','2025/2026','','2025-12-24 14:51:10','2026-02-27','pending'),(1154,69,2,767.00,767.00,'Second Semester','2025/2026',NULL,'2025-12-24 14:51:10','2026-02-27','paid'),(1155,69,8,30.00,30.00,'Second Semester','2025/2026',NULL,'2025-12-24 14:51:10','2026-02-27','paid'),(1156,69,11,70.00,70.00,'Second Semester','2025/2026',NULL,'2025-12-24 14:51:10','2026-02-27','paid'),(1157,69,1,700.00,310.00,'Second Semester','2025/2026',NULL,'2025-12-24 14:51:10','2026-02-27','pending'),(1158,69,9,30.00,0.00,'Second Semester','2025/2026',NULL,'2025-12-24 14:51:10','2026-02-27','pending'),(1159,115,2,767.00,767.00,'Second Semester','2025/2026',NULL,'2025-12-24 14:51:10','2026-02-27','paid'),(1160,115,8,30.00,30.00,'Second Semester','2025/2026',NULL,'2025-12-24 14:51:10','2026-02-27','paid'),(1163,115,9,30.00,0.00,'Second Semester','2025/2026',NULL,'2025-12-24 14:51:10','2026-02-27','pending'),(1164,106,2,767.00,767.00,'Second Semester','2025/2026',NULL,'2025-12-24 14:51:10','2026-02-27','paid'),(1165,106,8,30.00,30.00,'Second Semester','2025/2026',NULL,'2025-12-24 14:51:10','2026-02-27','paid'),(1166,106,11,70.00,70.00,'Second Semester','2025/2026',NULL,'2025-12-24 14:51:10','2026-02-27','paid'),(1167,106,1,700.00,700.00,'Second Semester','2025/2026',NULL,'2025-12-24 14:51:10','2026-02-27','paid'),(1168,106,9,30.00,30.00,'Second Semester','2025/2026',NULL,'2025-12-24 14:51:10','2026-02-27','paid'),(1170,105,8,30.00,30.00,'Second Semester','2025/2026',NULL,'2025-12-24 14:51:10','2026-02-27','paid'),(1171,105,11,70.00,70.00,'Second Semester','2025/2026',NULL,'2025-12-24 14:51:10','2026-02-27','paid'),(1172,105,1,700.00,700.00,'Second Semester','2025/2026',NULL,'2025-12-24 14:51:10','2026-02-27','paid'),(1173,105,9,30.00,30.00,'Second Semester','2025/2026',NULL,'2025-12-24 14:51:10','2026-02-27','paid'),(1174,107,2,767.00,0.00,'Second Semester','2025/2026',NULL,'2025-12-24 14:51:10','2026-02-27','pending'),(1175,107,8,30.00,0.00,'Second Semester','2025/2026',NULL,'2025-12-24 14:51:10','2026-02-27','pending'),(1176,107,11,70.00,0.00,'Second Semester','2025/2026',NULL,'2025-12-24 14:51:10','2026-02-27','pending'),(1177,107,1,700.00,0.00,'Second Semester','2025/2026',NULL,'2025-12-24 14:51:10','2026-02-27','pending'),(1178,107,9,30.00,0.00,'Second Semester','2025/2026',NULL,'2025-12-24 14:51:10','2026-02-27','pending'),(1179,125,2,767.00,0.00,'Second Semester','2025/2026',NULL,'2025-12-24 14:51:10','2026-02-27','pending'),(1180,125,8,30.00,0.00,'Second Semester','2025/2026',NULL,'2025-12-24 14:51:10','2026-02-27','pending'),(1181,125,11,70.00,0.00,'Second Semester','2025/2026',NULL,'2025-12-24 14:51:10','2026-02-27','pending'),(1182,125,1,700.00,0.00,'Second Semester','2025/2026',NULL,'2025-12-24 14:51:10','2026-02-27','pending'),(1183,125,9,30.00,0.00,'Second Semester','2025/2026',NULL,'2025-12-24 14:51:10','2026-02-27','pending'),(1185,5,8,30.00,30.00,'Second Semester','2025/2026',NULL,'2025-12-24 14:51:10','2026-02-27','paid'),(1186,5,11,70.00,70.00,'Second Semester','2025/2026',NULL,'2025-12-24 14:51:10','2026-02-27','paid'),(1187,5,1,700.00,700.00,'Second Semester','2025/2026',NULL,'2025-12-24 14:51:10','2026-02-27','paid'),(1188,5,9,30.00,30.00,'Second Semester','2025/2026',NULL,'2025-12-24 14:51:10','2026-02-27','paid'),(1189,8,2,885.00,885.00,'Second Semester','2025/2026',NULL,'2025-12-24 14:51:10','2026-02-27','paid'),(1190,8,8,30.00,30.00,'Second Semester','2025/2026',NULL,'2025-12-24 14:51:10','2026-02-27','paid'),(1191,8,11,70.00,70.00,'Second Semester','2025/2026',NULL,'2025-12-24 14:51:10','2026-02-27','paid'),(1192,8,1,700.00,700.00,'Second Semester','2025/2026',NULL,'2025-12-24 14:51:10','2026-02-27','paid'),(1193,8,9,30.00,30.00,'Second Semester','2025/2026',NULL,'2025-12-24 14:51:10','2026-02-27','paid'),(1194,18,2,885.00,885.00,'Second Semester','2025/2026',NULL,'2025-12-24 14:51:10','2026-02-27','paid'),(1195,18,8,30.00,30.00,'Second Semester','2025/2026',NULL,'2025-12-24 14:51:10','2026-02-27','paid'),(1196,18,11,70.00,70.00,'Second Semester','2025/2026',NULL,'2025-12-24 14:51:10','2026-02-27','paid'),(1197,18,1,700.00,680.00,'Second Semester','2025/2026',NULL,'2025-12-24 14:51:10','2026-02-27','pending'),(1198,18,9,30.00,0.00,'Second Semester','2025/2026',NULL,'2025-12-24 14:51:10','2026-02-27','pending'),(1200,25,8,30.00,30.00,'Second Semester','2025/2026',NULL,'2025-12-24 14:51:10','2026-02-27','paid'),(1201,25,11,70.00,70.00,'Second Semester','2025/2026',NULL,'2025-12-24 14:51:10','2026-02-27','paid'),(1202,25,1,700.00,290.00,'Second Semester','2025/2026',NULL,'2025-12-24 14:51:10','2026-02-27','pending'),(1203,25,9,30.00,0.00,'Second Semester','2025/2026',NULL,'2025-12-24 14:51:10','2026-02-27','pending'),(1204,33,2,885.00,885.00,'Second Semester','2025/2026',NULL,'2025-12-24 14:51:10','2026-02-27','paid'),(1205,33,8,30.00,30.00,'Second Semester','2025/2026',NULL,'2025-12-24 14:51:10','2026-02-27','paid'),(1206,33,11,70.00,70.00,'Second Semester','2025/2026',NULL,'2025-12-24 14:51:10','2026-02-27','paid'),(1207,33,1,350.00,350.00,'Second Semester','2025/2026','','2025-12-24 14:51:10','2026-02-27','paid'),(1208,33,9,30.00,30.00,'Second Semester','2025/2026',NULL,'2025-12-24 14:51:10','2026-02-27','paid'),(1210,35,8,30.00,30.00,'Second Semester','2025/2026',NULL,'2025-12-24 14:51:10','2026-02-27','paid'),(1211,35,11,70.00,70.00,'Second Semester','2025/2026',NULL,'2025-12-24 14:51:10','2026-02-27','paid'),(1212,35,1,700.00,647.00,'Second Semester','2025/2026',NULL,'2025-12-24 14:51:10','2026-02-27','pending'),(1213,35,9,30.00,0.00,'Second Semester','2025/2026',NULL,'2025-12-24 14:51:10','2026-02-27','pending'),(1215,121,8,30.00,0.00,'Second Semester','2025/2026',NULL,'2025-12-24 14:51:10','2026-02-27','pending'),(1216,121,11,70.00,0.00,'Second Semester','2025/2026',NULL,'2025-12-24 14:51:10','2026-02-27','pending'),(1217,121,1,700.00,0.00,'Second Semester','2025/2026',NULL,'2025-12-24 14:51:10','2026-02-27','pending'),(1218,121,9,30.00,0.00,'Second Semester','2025/2026',NULL,'2025-12-24 14:51:10','2026-02-27','pending'),(1220,45,8,30.00,30.00,'Second Semester','2025/2026',NULL,'2025-12-24 14:51:10','2026-02-27','paid'),(1221,45,11,70.00,70.00,'Second Semester','2025/2026',NULL,'2025-12-24 14:51:10','2026-02-27','paid'),(1222,45,1,630.00,260.00,'Second Semester','2025/2026','','2025-12-24 14:51:10','2026-02-27','pending'),(1223,45,9,30.00,0.00,'Second Semester','2025/2026',NULL,'2025-12-24 14:51:10','2026-02-27','pending'),(1224,49,2,885.00,885.00,'Second Semester','2025/2026',NULL,'2025-12-24 14:51:10','2026-02-27','paid'),(1225,49,8,30.00,30.00,'Second Semester','2025/2026',NULL,'2025-12-24 14:51:10','2026-02-27','paid'),(1226,49,11,70.00,70.00,'Second Semester','2025/2026',NULL,'2025-12-24 14:51:10','2026-02-27','paid'),(1228,49,9,30.00,0.00,'Second Semester','2025/2026',NULL,'2025-12-24 14:51:10','2026-02-27','pending'),(1230,59,8,30.00,30.00,'Second Semester','2025/2026',NULL,'2025-12-24 14:51:10','2026-02-27','paid'),(1231,59,11,70.00,70.00,'Second Semester','2025/2026',NULL,'2025-12-24 14:51:10','2026-02-27','paid'),(1232,59,1,700.00,700.00,'Second Semester','2025/2026',NULL,'2025-12-24 14:51:10','2026-02-27','paid'),(1233,59,9,30.00,30.00,'Second Semester','2025/2026',NULL,'2025-12-24 14:51:10','2026-02-27','paid'),(1235,60,8,30.00,30.00,'Second Semester','2025/2026',NULL,'2025-12-24 14:51:10','2026-02-27','paid'),(1236,60,11,70.00,70.00,'Second Semester','2025/2026',NULL,'2025-12-24 14:51:10','2026-02-27','paid'),(1237,60,1,700.00,230.00,'Second Semester','2025/2026',NULL,'2025-12-24 14:51:10','2026-02-27','pending'),(1238,60,9,30.00,0.00,'Second Semester','2025/2026',NULL,'2025-12-24 14:51:10','2026-02-27','pending'),(1239,127,2,885.00,885.00,'Second Semester','2025/2026',NULL,'2025-12-24 14:51:10','2026-02-27','paid'),(1240,127,8,30.00,30.00,'Second Semester','2025/2026',NULL,'2025-12-24 14:51:10','2026-02-27','paid'),(1241,127,11,70.00,70.00,'Second Semester','2025/2026',NULL,'2025-12-24 14:51:10','2026-02-27','paid'),(1242,127,1,700.00,700.00,'Second Semester','2025/2026',NULL,'2025-12-24 14:51:10','2026-02-27','paid'),(1243,127,9,30.00,30.00,'Second Semester','2025/2026',NULL,'2025-12-24 14:51:10','2026-02-27','paid'),(1244,68,2,885.00,0.00,'Second Semester','2025/2026',NULL,'2025-12-24 14:51:10','2026-02-27','pending'),(1245,68,8,30.00,0.00,'Second Semester','2025/2026',NULL,'2025-12-24 14:51:10','2026-02-27','pending'),(1246,68,11,70.00,0.00,'Second Semester','2025/2026',NULL,'2025-12-24 14:51:10','2026-02-27','pending'),(1247,68,1,700.00,0.00,'Second Semester','2025/2026',NULL,'2025-12-24 14:51:10','2026-02-27','pending'),(1248,68,9,30.00,0.00,'Second Semester','2025/2026',NULL,'2025-12-24 14:51:10','2026-02-27','pending'),(1250,130,8,30.00,0.00,'Second Semester','2025/2026',NULL,'2025-12-24 14:51:10','2026-02-27','pending'),(1251,130,11,70.00,0.00,'Second Semester','2025/2026',NULL,'2025-12-24 14:51:10','2026-02-27','pending'),(1252,130,1,700.00,0.00,'Second Semester','2025/2026',NULL,'2025-12-24 14:51:10','2026-02-27','pending'),(1253,130,9,30.00,0.00,'Second Semester','2025/2026',NULL,'2025-12-24 14:51:10','2026-02-27','pending'),(1254,85,2,885.00,885.00,'Second Semester','2025/2026',NULL,'2025-12-24 14:51:10','2026-02-27','paid'),(1255,85,8,30.00,30.00,'Second Semester','2025/2026',NULL,'2025-12-24 14:51:10','2026-02-27','paid'),(1256,85,11,70.00,70.00,'Second Semester','2025/2026',NULL,'2025-12-24 14:51:10','2026-02-27','paid'),(1257,85,1,700.00,700.00,'Second Semester','2025/2026',NULL,'2025-12-24 14:51:10','2026-02-27','paid'),(1258,85,9,30.00,30.00,'Second Semester','2025/2026',NULL,'2025-12-24 14:51:10','2026-02-27','paid'),(1259,86,2,885.00,885.00,'Second Semester','2025/2026',NULL,'2025-12-24 14:51:10','2026-02-27','paid'),(1260,86,8,30.00,30.00,'Second Semester','2025/2026',NULL,'2025-12-24 14:51:10','2026-02-27','paid'),(1261,86,11,70.00,70.00,'Second Semester','2025/2026',NULL,'2025-12-24 14:51:10','2026-02-27','paid'),(1262,86,1,700.00,700.00,'Second Semester','2025/2026',NULL,'2025-12-24 14:51:10','2026-02-27','paid'),(1263,86,9,30.00,15.00,'Second Semester','2025/2026',NULL,'2025-12-24 14:51:10','2026-02-27','pending'),(1264,90,2,885.00,885.00,'Second Semester','2025/2026',NULL,'2025-12-24 14:51:10','2026-02-27','paid'),(1265,90,8,30.00,30.00,'Second Semester','2025/2026',NULL,'2025-12-24 14:51:10','2026-02-27','paid'),(1266,90,11,70.00,70.00,'Second Semester','2025/2026',NULL,'2025-12-24 14:51:10','2026-02-27','paid'),(1267,90,1,700.00,700.00,'Second Semester','2025/2026',NULL,'2025-12-24 14:51:10','2026-02-27','paid'),(1268,90,9,30.00,30.00,'Second Semester','2025/2026',NULL,'2025-12-24 14:51:10','2026-02-27','paid'),(1269,91,2,885.00,885.00,'Second Semester','2025/2026',NULL,'2025-12-24 14:51:10','2026-02-27','paid'),(1270,91,8,30.00,30.00,'Second Semester','2025/2026',NULL,'2025-12-24 14:51:10','2026-02-27','paid'),(1271,91,11,70.00,70.00,'Second Semester','2025/2026',NULL,'2025-12-24 14:51:10','2026-02-27','paid'),(1272,91,1,700.00,700.00,'Second Semester','2025/2026',NULL,'2025-12-24 14:51:10','2026-02-27','paid'),(1273,91,9,30.00,30.00,'Second Semester','2025/2026',NULL,'2025-12-24 14:51:10','2026-02-27','paid'),(1274,6,6,100.00,100.00,'Second Semester','2025/2026',NULL,'2025-12-24 14:51:10','2026-02-27','paid'),(1275,6,2,885.00,885.00,'Second Semester','2025/2026',NULL,'2025-12-24 14:51:10','2026-02-27','paid'),(1276,6,8,30.00,30.00,'Second Semester','2025/2026',NULL,'2025-12-24 14:51:10','2026-02-27','paid'),(1277,6,11,70.00,70.00,'Second Semester','2025/2026',NULL,'2025-12-24 14:51:10','2026-02-27','paid'),(1278,6,1,700.00,700.00,'Second Semester','2025/2026',NULL,'2025-12-24 14:51:10','2026-02-27','paid'),(1279,6,9,30.00,0.00,'Second Semester','2025/2026',NULL,'2025-12-24 14:51:10','2026-02-27','pending'),(1280,12,6,100.00,0.00,'Second Semester','2025/2026',NULL,'2025-12-24 14:51:10','2026-02-27','pending'),(1281,12,2,442.50,0.00,'Second Semester','2025/2026','','2025-12-24 14:51:10','2026-02-27','pending'),(1282,12,8,30.00,0.00,'Second Semester','2025/2026',NULL,'2025-12-24 14:51:10','2026-02-27','pending'),(1283,12,11,70.00,0.00,'Second Semester','2025/2026',NULL,'2025-12-24 14:51:10','2026-02-27','pending'),(1284,12,1,350.00,0.00,'Second Semester','2025/2026','','2025-12-24 14:51:10','2026-02-27','pending'),(1285,12,9,30.00,0.00,'Second Semester','2025/2026',NULL,'2025-12-24 14:51:10','2026-02-27','pending'),(1286,22,6,100.00,100.00,'Second Semester','2025/2026',NULL,'2025-12-24 14:51:10','2026-02-27','paid'),(1287,22,2,885.00,885.00,'Second Semester','2025/2026',NULL,'2025-12-24 14:51:10','2026-02-27','paid'),(1288,22,8,30.00,30.00,'Second Semester','2025/2026',NULL,'2025-12-24 14:51:10','2026-02-27','paid'),(1289,22,11,70.00,70.00,'Second Semester','2025/2026',NULL,'2025-12-24 14:51:10','2026-02-27','paid'),(1290,22,1,700.00,700.00,'Second Semester','2025/2026',NULL,'2025-12-24 14:51:10','2026-02-27','paid'),(1291,22,9,30.00,30.00,'Second Semester','2025/2026',NULL,'2025-12-24 14:51:10','2026-02-27','paid'),(1298,113,6,100.00,100.00,'Second Semester','2025/2026',NULL,'2025-12-24 14:51:10','2026-02-27','paid'),(1299,113,2,885.00,885.00,'Second Semester','2025/2026',NULL,'2025-12-24 14:51:10','2026-02-27','paid'),(1300,113,8,30.00,30.00,'Second Semester','2025/2026',NULL,'2025-12-24 14:51:10','2026-02-27','paid'),(1301,113,11,70.00,70.00,'Second Semester','2025/2026',NULL,'2025-12-24 14:51:10','2026-02-27','paid'),(1302,113,1,700.00,700.00,'Second Semester','2025/2026',NULL,'2025-12-24 14:51:10','2026-02-27','paid'),(1303,113,9,30.00,30.00,'Second Semester','2025/2026',NULL,'2025-12-24 14:51:10','2026-02-27','paid'),(1304,50,6,100.00,100.00,'Second Semester','2025/2026',NULL,'2025-12-24 14:51:10','2026-02-27','paid'),(1306,50,8,30.00,30.00,'Second Semester','2025/2026',NULL,'2025-12-24 14:51:10','2026-02-27','paid'),(1307,50,11,70.00,70.00,'Second Semester','2025/2026',NULL,'2025-12-24 14:51:10','2026-02-27','paid'),(1308,50,1,700.00,290.00,'Second Semester','2025/2026',NULL,'2025-12-24 14:51:10','2026-02-27','pending'),(1309,50,9,30.00,0.00,'Second Semester','2025/2026',NULL,'2025-12-24 14:51:10','2026-02-27','pending'),(1316,55,6,100.00,100.00,'Second Semester','2025/2026',NULL,'2025-12-24 14:51:10','2026-02-27','paid'),(1318,55,8,30.00,30.00,'Second Semester','2025/2026',NULL,'2025-12-24 14:51:10','2026-02-27','paid'),(1319,55,11,70.00,70.00,'Second Semester','2025/2026',NULL,'2025-12-24 14:51:10','2026-02-27','paid'),(1320,55,1,700.00,600.00,'Second Semester','2025/2026',NULL,'2025-12-24 14:51:10','2026-02-27','pending'),(1321,55,9,30.00,0.00,'Second Semester','2025/2026',NULL,'2025-12-24 14:51:10','2026-02-27','pending'),(1322,57,6,100.00,100.00,'Second Semester','2025/2026',NULL,'2025-12-24 14:51:10','2026-02-27','paid'),(1324,57,8,30.00,0.00,'Second Semester','2025/2026',NULL,'2025-12-24 14:51:10','2026-02-27','pending'),(1325,57,11,70.00,0.00,'Second Semester','2025/2026',NULL,'2025-12-24 14:51:10','2026-02-27','pending'),(1326,57,1,700.00,0.00,'Second Semester','2025/2026',NULL,'2025-12-24 14:51:10','2026-02-27','pending'),(1327,57,9,30.00,0.00,'Second Semester','2025/2026',NULL,'2025-12-24 14:51:10','2026-02-27','pending'),(1328,61,6,100.00,100.00,'Second Semester','2025/2026',NULL,'2025-12-24 14:51:10','2026-02-27','paid'),(1330,61,8,30.00,30.00,'Second Semester','2025/2026',NULL,'2025-12-24 14:51:10','2026-02-27','paid'),(1331,61,11,70.00,70.00,'Second Semester','2025/2026',NULL,'2025-12-24 14:51:10','2026-02-27','paid'),(1332,61,1,700.00,415.00,'Second Semester','2025/2026',NULL,'2025-12-24 14:51:10','2026-02-27','pending'),(1333,61,9,30.00,0.00,'Second Semester','2025/2026',NULL,'2025-12-24 14:51:10','2026-02-27','pending'),(1334,63,6,100.00,100.00,'Second Semester','2025/2026',NULL,'2025-12-24 14:51:10','2026-02-27','paid'),(1335,63,2,885.00,264.00,'Second Semester','2025/2026',NULL,'2025-12-24 14:51:10','2026-02-27','pending'),(1336,63,8,30.00,0.00,'Second Semester','2025/2026',NULL,'2025-12-24 14:51:10','2026-02-27','pending'),(1337,63,11,70.00,0.00,'Second Semester','2025/2026',NULL,'2025-12-24 14:51:10','2026-02-27','pending'),(1338,63,1,700.00,0.00,'Second Semester','2025/2026',NULL,'2025-12-24 14:51:10','2026-02-27','pending'),(1339,63,9,30.00,0.00,'Second Semester','2025/2026',NULL,'2025-12-24 14:51:10','2026-02-27','pending'),(1340,67,6,100.00,0.00,'Second Semester','2025/2026',NULL,'2025-12-24 14:51:10','2026-02-27','pending'),(1341,67,2,442.50,0.00,'Second Semester','2025/2026','','2025-12-24 14:51:10','2026-02-27','pending'),(1342,67,8,30.00,0.00,'Second Semester','2025/2026',NULL,'2025-12-24 14:51:10','2026-02-27','pending'),(1343,67,11,70.00,0.00,'Second Semester','2025/2026',NULL,'2025-12-24 14:51:10','2026-02-27','pending'),(1344,67,1,350.00,0.00,'Second Semester','2025/2026','','2025-12-24 14:51:10','2026-02-27','pending'),(1345,67,9,30.00,0.00,'Second Semester','2025/2026',NULL,'2025-12-24 14:51:10','2026-02-27','pending'),(1346,88,6,100.00,100.00,'Second Semester','2025/2026',NULL,'2025-12-24 14:51:10','2026-02-27','paid'),(1347,88,2,885.00,220.00,'Second Semester','2025/2026',NULL,'2025-12-24 14:51:10','2026-02-27','pending'),(1348,88,8,30.00,0.00,'Second Semester','2025/2026',NULL,'2025-12-24 14:51:10','2026-02-27','pending'),(1349,88,11,70.00,0.00,'Second Semester','2025/2026',NULL,'2025-12-24 14:51:10','2026-02-27','pending'),(1350,88,1,700.00,0.00,'Second Semester','2025/2026',NULL,'2025-12-24 14:51:10','2026-02-27','pending'),(1351,88,9,30.00,0.00,'Second Semester','2025/2026',NULL,'2025-12-24 14:51:10','2026-02-27','pending'),(1354,89,8,30.00,30.00,'Second Semester','2025/2026',NULL,'2025-12-24 14:51:10','2026-02-27','paid'),(1355,89,11,70.00,70.00,'Second Semester','2025/2026',NULL,'2025-12-24 14:51:10','2026-02-27','paid'),(1356,89,1,700.00,600.00,'Second Semester','2025/2026',NULL,'2025-12-24 14:51:10','2026-02-27','pending'),(1357,89,9,30.00,0.00,'Second Semester','2025/2026',NULL,'2025-12-24 14:51:10','2026-02-27','pending'),(1358,109,6,100.00,100.00,'Second Semester','2025/2026',NULL,'2025-12-24 14:51:10','2026-02-27','paid'),(1359,109,2,885.00,885.00,'Second Semester','2025/2026',NULL,'2025-12-24 14:51:10','2026-02-27','paid'),(1360,109,8,30.00,30.00,'Second Semester','2025/2026',NULL,'2025-12-24 14:51:10','2026-02-27','paid'),(1361,109,11,70.00,70.00,'Second Semester','2025/2026',NULL,'2025-12-24 14:51:10','2026-02-27','paid'),(1362,109,1,700.00,700.00,'Second Semester','2025/2026',NULL,'2025-12-24 14:51:10','2026-02-27','paid'),(1363,109,9,30.00,30.00,'Second Semester','2025/2026',NULL,'2025-12-24 14:51:10','2026-02-27','paid'),(1364,104,2,767.00,767.00,'Second Semester','2025/2026',NULL,'2025-12-24 14:51:10','2026-02-27','paid'),(1365,104,8,30.00,30.00,'Second Semester','2025/2026',NULL,'2025-12-24 14:51:10','2026-02-27','paid'),(1366,104,11,70.00,70.00,'Second Semester','2025/2026',NULL,'2025-12-24 14:51:10','2026-02-27','paid'),(1367,104,1,700.00,700.00,'Second Semester','2025/2026',NULL,'2025-12-24 14:51:10','2026-02-27','paid'),(1368,104,9,30.00,30.00,'Second Semester','2025/2026',NULL,'2025-12-24 14:51:10','2026-02-27','paid'),(1369,122,2,767.00,767.00,'Second Semester','2025/2026',NULL,'2025-12-24 14:51:10','2026-02-27','paid'),(1370,122,8,30.00,30.00,'Second Semester','2025/2026',NULL,'2025-12-24 14:51:10','2026-02-27','paid'),(1371,122,11,70.00,70.00,'Second Semester','2025/2026',NULL,'2025-12-24 14:51:10','2026-02-27','paid'),(1372,122,1,700.00,700.00,'Second Semester','2025/2026',NULL,'2025-12-24 14:51:10','2026-02-27','paid'),(1373,122,9,30.00,29.00,'Second Semester','2025/2026',NULL,'2025-12-24 14:51:10','2026-02-27','pending'),(1374,118,2,767.00,767.00,'Second Semester','2025/2026',NULL,'2025-12-24 14:51:10','2026-02-27','paid'),(1375,118,8,30.00,30.00,'Second Semester','2025/2026',NULL,'2025-12-24 14:51:10','2026-02-27','paid'),(1376,118,11,70.00,70.00,'Second Semester','2025/2026',NULL,'2025-12-24 14:51:10','2026-02-27','paid'),(1377,118,1,700.00,700.00,'Second Semester','2025/2026',NULL,'2025-12-24 14:51:10','2026-02-27','paid'),(1378,118,9,30.00,30.00,'Second Semester','2025/2026',NULL,'2025-12-24 14:51:10','2026-02-27','paid'),(1379,32,2,767.00,767.00,'Second Semester','2025/2026',NULL,'2025-12-24 14:51:10','2026-02-27','paid'),(1380,32,8,30.00,30.00,'Second Semester','2025/2026',NULL,'2025-12-24 14:51:10','2026-02-27','paid'),(1381,32,11,70.00,70.00,'Second Semester','2025/2026',NULL,'2025-12-24 14:51:10','2026-02-27','paid'),(1382,32,1,1.00,1.00,'Second Semester','2025/2026','','2025-12-24 14:51:10','2026-02-27','paid'),(1383,32,9,30.00,30.00,'Second Semester','2025/2026',NULL,'2025-12-24 14:51:10','2026-02-27','paid'),(1385,46,8,30.00,30.00,'Second Semester','2025/2026',NULL,'2025-12-24 14:51:10','2026-02-27','paid'),(1386,46,11,70.00,70.00,'Second Semester','2025/2026',NULL,'2025-12-24 14:51:10','2026-02-27','paid'),(1387,46,1,700.00,700.00,'Second Semester','2025/2026',NULL,'2025-12-24 14:51:10','2026-02-27','paid'),(1388,46,9,30.00,30.00,'Second Semester','2025/2026',NULL,'2025-12-24 14:51:10','2026-02-27','paid'),(1389,65,2,767.00,767.00,'Second Semester','2025/2026',NULL,'2025-12-24 14:51:10','2026-02-27','paid'),(1390,65,8,30.00,30.00,'Second Semester','2025/2026',NULL,'2025-12-24 14:51:10','2026-02-27','paid'),(1395,131,8,30.00,0.00,'Second Semester','2025/2026',NULL,'2025-12-24 14:51:10','2026-02-27','pending'),(1396,131,11,70.00,0.00,'Second Semester','2025/2026',NULL,'2025-12-24 14:51:10','2026-02-27','pending'),(1397,131,1,700.00,0.00,'Second Semester','2025/2026',NULL,'2025-12-24 14:51:10','2026-02-27','pending'),(1398,131,9,30.00,0.00,'Second Semester','2025/2026',NULL,'2025-12-24 14:51:10','2026-02-27','pending'),(1399,71,2,767.00,767.00,'Second Semester','2025/2026',NULL,'2025-12-24 14:51:10','2026-02-27','paid'),(1400,71,8,30.00,30.00,'Second Semester','2025/2026',NULL,'2025-12-24 14:51:10','2026-02-27','paid'),(1401,71,11,3.00,33.00,'Second Semester','2025/2026','','2025-12-24 14:51:10','2026-02-27','pending'),(1403,71,9,30.00,0.00,'Second Semester','2025/2026',NULL,'2025-12-24 14:51:10','2026-02-27','pending'),(1405,75,8,30.00,0.00,'Second Semester','2025/2026',NULL,'2025-12-24 14:51:10','2026-02-27','pending'),(1406,75,11,70.00,0.00,'Second Semester','2025/2026',NULL,'2025-12-24 14:51:10','2026-02-27','pending'),(1407,75,1,700.00,0.00,'Second Semester','2025/2026',NULL,'2025-12-24 14:51:10','2026-02-27','pending'),(1408,75,9,30.00,0.00,'Second Semester','2025/2026',NULL,'2025-12-24 14:51:10','2026-02-27','pending'),(1410,126,8,30.00,0.00,'Second Semester','2025/2026',NULL,'2025-12-24 14:51:10','2026-02-27','pending'),(1411,126,11,70.00,0.00,'Second Semester','2025/2026',NULL,'2025-12-24 14:51:10','2026-02-27','pending'),(1412,126,1,700.00,0.00,'Second Semester','2025/2026',NULL,'2025-12-24 14:51:10','2026-02-27','pending'),(1413,126,9,30.00,0.00,'Second Semester','2025/2026',NULL,'2025-12-24 14:51:10','2026-02-27','pending'),(1415,93,8,30.00,30.00,'Second Semester','2025/2026',NULL,'2025-12-24 14:51:10','2026-02-27','paid'),(1416,93,11,70.00,70.00,'Second Semester','2025/2026',NULL,'2025-12-24 14:51:10','2026-02-27','paid'),(1417,93,1,700.00,458.00,'Second Semester','2025/2026',NULL,'2025-12-24 14:51:10','2026-02-27','pending'),(1418,93,9,30.00,0.00,'Second Semester','2025/2026',NULL,'2025-12-24 14:51:10','2026-02-27','pending'),(1420,97,8,30.00,30.00,'Second Semester','2025/2026',NULL,'2025-12-24 14:51:10','2026-02-27','paid'),(1421,97,11,70.00,70.00,'Second Semester','2025/2026',NULL,'2025-12-24 14:51:10','2026-02-27','paid'),(1422,97,1,700.00,130.00,'Second Semester','2025/2026',NULL,'2025-12-24 14:51:10','2026-02-27','pending'),(1423,97,9,30.00,0.00,'Second Semester','2025/2026',NULL,'2025-12-24 14:51:10','2026-02-27','pending'),(1424,110,15,250.00,250.00,'Second Semester','2025/2026','Auto-assigned outstanding balance carry forward','2026-04-14 21:38:50','2026-04-14','pending'),(1425,24,15,80.00,80.00,'Second Semester','2025/2026','Auto-assigned outstanding balance carry forward','2026-04-14 21:38:49','2026-04-14','pending'),(1426,52,15,500.00,500.00,'Second Semester','2025/2026','Auto-assigned outstanding balance carry forward','2026-04-14 21:38:49','2026-04-14','pending'),(1428,78,15,430.00,0.00,'Second Semester','2025/2026','Auto-assigned outstanding balance carry forward','2026-04-14 21:38:50','2026-04-14','pending'),(1429,1,15,10.00,10.00,'Second Semester','2025/2026','Auto-assigned outstanding balance carry forward','2026-04-14 21:38:49','2026-04-14','pending'),(1431,28,15,270.00,500.00,'Second Semester','2025/2026','Auto-assigned outstanding balance carry forward','2026-04-14 21:38:49','2026-04-14','pending'),(1432,30,15,1080.00,1080.00,'Second Semester','2025/2026','Auto-assigned outstanding balance carry forward','2026-04-14 21:38:49','2026-04-14','pending'),(1434,107,15,1350.00,1350.00,'Second Semester','2025/2026','Auto-assigned outstanding balance carry forward','2026-04-14 21:38:50','2026-04-14','pending'),(1435,25,15,130.00,130.00,'Second Semester','2025/2026','Auto-assigned outstanding balance carry forward','2026-04-14 21:38:49','2026-04-14','pending'),(1436,121,15,700.00,200.00,'Second Semester','2025/2026','Auto-assigned outstanding balance carry forward','2026-04-14 21:38:50','2026-04-14','pending'),(1437,68,15,2360.00,0.00,'Second Semester','2025/2026','Auto-assigned outstanding balance carry forward','2026-03-25 15:58:44','2026-03-25','pending'),(1438,130,15,830.00,750.00,'Second Semester','2025/2026','Auto-assigned outstanding balance carry forward','2026-04-14 21:38:50','2026-04-14','pending'),(1439,6,15,30.00,30.00,'Second Semester','2025/2026','Auto-assigned outstanding balance carry forward','2026-04-14 21:38:49','2026-04-14','pending'),(1440,12,15,2067.00,2067.00,'Second Semester','2025/2026','Auto-assigned outstanding balance carry forward','2026-04-14 21:38:49','2026-04-14','pending'),(1441,50,15,530.00,530.00,'Second Semester','2025/2026','Auto-assigned outstanding balance carry forward','2026-04-14 21:38:49','2026-04-14','pending'),(1443,57,15,30.00,30.00,'Second Semester','2025/2026','Auto-assigned outstanding balance carry forward','2026-04-14 21:38:50','2026-04-14','pending'),(1444,67,15,450.00,0.00,'Second Semester','2025/2026','Auto-assigned outstanding balance carry forward','2026-04-14 21:38:50','2026-04-14','pending'),(1445,131,15,930.00,750.00,'Second Semester','2025/2026','Auto-assigned outstanding balance carry forward','2026-04-14 21:38:50','2026-04-14','pending'),(1446,75,15,30.00,30.00,'Second Semester','2025/2026','Auto-assigned outstanding balance carry forward','2026-04-14 21:38:50','2026-04-14','pending'),(1447,93,15,21.00,21.00,'Second Semester','2025/2026','Auto-assigned outstanding balance carry forward','2026-04-14 21:38:50','2026-04-14','pending'),(1449,108,0,30.00,30.00,'Second Semester','2025/2026','Carry Forward','2025-12-24 16:56:25',NULL,'paid'),(1467,15,15,230.00,230.00,'Second Semester','2025/2026','Auto-assigned outstanding balance carry forward','2026-04-14 21:38:49','2026-04-14','pending'),(1468,9,6,100.00,100.00,'Second Semester','2025/2026',NULL,'2025-12-24 17:38:17','2026-02-27','paid'),(1469,9,8,30.00,30.00,'Second Semester','2025/2026',NULL,'2025-12-24 17:38:17','2026-02-27','paid'),(1471,9,11,70.00,70.00,'Second Semester','2025/2026',NULL,'2025-12-24 17:38:17','2026-02-27','paid'),(1472,9,1,800.00,430.00,'Second Semester','2025/2026',NULL,'2025-12-24 17:38:17','2026-02-27','pending'),(1473,9,9,30.00,0.00,'Second Semester','2025/2026',NULL,'2025-12-24 17:38:17','2026-02-27','pending'),(1474,15,6,100.00,100.00,'Second Semester','2025/2026',NULL,'2025-12-24 17:38:17','2026-02-27','paid'),(1475,15,8,30.00,30.00,'Second Semester','2025/2026',NULL,'2025-12-24 17:38:17','2026-02-27','paid'),(1477,15,11,70.00,70.00,'Second Semester','2025/2026',NULL,'2025-12-24 17:38:17','2026-02-27','paid'),(1478,15,1,800.00,570.00,'Second Semester','2025/2026',NULL,'2025-12-24 17:38:17','2026-02-27','pending'),(1479,15,9,30.00,0.00,'Second Semester','2025/2026',NULL,'2025-12-24 17:38:17','2026-02-27','pending'),(1480,108,6,100.00,100.00,'Second Semester','2025/2026',NULL,'2025-12-24 17:38:17','2026-02-27','paid'),(1481,108,8,30.00,30.00,'Second Semester','2025/2026',NULL,'2025-12-24 17:38:17','2026-02-27','paid'),(1483,108,11,70.00,70.00,'Second Semester','2025/2026',NULL,'2025-12-24 17:38:17','2026-02-27','paid'),(1484,108,1,800.00,740.00,'Second Semester','2025/2026',NULL,'2025-12-24 17:38:17','2026-02-27','pending'),(1485,108,9,30.00,0.00,'Second Semester','2025/2026',NULL,'2025-12-24 17:38:17','2026-02-27','pending'),(1486,76,15,10.00,10.00,'Second Semester','2025/2026','Auto-assigned outstanding balance carry forward','2026-04-14 21:38:50','2026-04-14','pending'),(1487,9,15,10.00,10.00,'Second Semester','2025/2026','Auto-assigned outstanding balance carry forward','2026-04-14 21:38:49','2026-04-14','pending'),(1488,58,15,50.00,50.00,'Second Semester','2025/2026','Auto-assigned outstanding balance carry forward','2026-04-14 21:38:50','2026-04-14','pending'),(1489,79,15,480.00,0.00,'Second Semester','2025/2026','Auto-assigned outstanding balance carry forward','2026-04-14 21:38:50','2026-04-14','pending'),(1490,129,15,480.00,480.00,'Second Semester','2025/2026','Auto-assigned outstanding balance carry forward','2026-04-14 21:38:50','2026-04-14','pending'),(1492,18,15,50.00,50.00,'Second Semester','2025/2026','Auto-assigned outstanding balance carry forward','2026-04-14 21:38:49','2026-04-14','pending'),(1493,35,15,153.00,153.00,'Second Semester','2025/2026','Auto-assigned outstanding balance carry forward','2026-04-14 21:38:49','2026-04-14','pending'),(1494,27,15,530.00,530.00,'Second Semester','2025/2026','Auto-assigned outstanding balance carry forward','2026-04-14 21:38:49','2026-04-14','pending'),(1495,88,15,530.00,530.00,'Second Semester','2025/2026','Auto-assigned outstanding balance carry forward','2026-04-14 21:38:50','2026-04-14','pending'),(1496,122,15,1.00,1.00,'Second Semester','2025/2026','Auto-assigned outstanding balance carry forward','2026-04-14 21:38:50','2026-04-14','pending'),(1497,42,15,128.00,228.00,'Second Semester','2025/2026','Auto-assigned outstanding balance carry forward','2026-04-14 21:38:49','2026-04-14','pending'),(1498,111,7,265.00,0.00,'Second Semester','2025/2026','','2025-12-24 17:46:13','2026-02-27','pending'),(1499,112,7,265.00,250.00,'Second Semester','2025/2026','','2025-12-24 17:46:13','2026-02-27','pending'),(1500,63,15,1018.00,1018.00,'Second Semester','2025/2026','Auto-assigned outstanding balance carry forward','2026-04-14 21:38:50','2026-04-14','pending'),(1501,49,10,65.00,0.00,'Second Semester','2025/2026','','2025-12-24 19:44:55','2026-02-27','pending'),(1502,56,10,250.00,250.00,'Second Semester','2025/2026','','2025-12-24 19:46:18','2026-02-27','paid'),(1503,4,15,1130.00,0.00,'Second Semester','2025/2026','Auto-assigned outstanding balance carry forward','2025-12-24 19:49:25','2025-12-24','pending'),(1504,16,15,2730.00,0.00,'Second Semester','2025/2026','Auto-assigned outstanding balance carry forward','2025-12-24 19:49:25','2025-12-24','pending'),(1505,17,15,3130.00,0.00,'Second Semester','2025/2026','Auto-assigned outstanding balance carry forward','2025-12-24 19:49:25','2025-12-24','pending'),(1506,31,15,2320.00,0.00,'Second Semester','2025/2026','Auto-assigned outstanding balance carry forward','2025-12-24 19:49:25','2025-12-24','pending'),(1507,87,15,1830.00,0.00,'Second Semester','2025/2026','Auto-assigned outstanding balance carry forward','2025-12-24 19:49:25','2025-12-24','pending'),(1508,94,15,980.00,0.00,'Second Semester','2025/2026','Auto-assigned outstanding balance carry forward','2025-12-24 19:49:25','2025-12-24','pending'),(1509,103,15,280.00,0.00,'Second Semester','2025/2026','Auto-assigned outstanding balance carry forward','2025-12-24 19:49:25','2025-12-24','pending'),(1510,123,15,500.00,0.00,'Second Semester','2025/2026','Auto-assigned outstanding balance carry forward','2025-12-24 19:49:25','2025-12-24','pending'),(1516,132,4,500.00,500.00,'Second Semester','2025/2026','','2026-01-22 07:29:45','2026-02-21','paid'),(1517,132,1,700.00,600.00,'Second Semester','2025/2026','','2026-01-22 07:29:45','2026-02-21','pending'),(1518,133,4,500.00,500.00,'Second Semester','2025/2026','','2026-01-22 07:29:45','2026-02-21','paid'),(1519,133,1,700.00,100.00,'Second Semester','2025/2026','','2026-01-22 07:29:45','2026-02-21','pending'),(1522,136,4,580.00,580.00,'Second Semester','2025/2026','','2026-01-22 07:29:45','2026-02-21','paid'),(1523,136,1,800.00,800.00,'Second Semester','2025/2026','','2026-01-22 07:29:45','2026-02-21','paid'),(1524,137,4,150.00,0.00,'Second Semester','2025/2026','','2026-01-22 07:29:45','2026-02-21','pending'),(1525,137,1,700.00,0.00,'Second Semester','2025/2026','','2026-01-22 07:29:45','2026-02-21','pending'),(1526,139,4,500.00,500.00,'Second Semester','2025/2026','','2026-01-22 07:29:45','2026-02-21','paid'),(1527,139,1,700.00,700.00,'Second Semester','2025/2026','','2026-01-22 07:29:45','2026-02-21','paid'),(1529,138,4,580.00,0.00,'Second Semester','2025/2026','','2026-01-22 20:14:35','2026-02-21','pending'),(1530,134,4,580.00,580.00,'Second Semester','2025/2026','','2026-01-22 20:17:08','2026-02-21','paid'),(1531,134,1,700.00,700.00,'Second Semester','2025/2026','','2026-01-22 20:17:08','2026-02-21','paid'),(1532,61,2,885.00,885.00,'Second Semester','2025/2026','','2026-01-22 20:34:20','2026-02-21','paid'),(1533,41,4,150.00,150.00,'Second Semester','2025/2026','','2026-01-22 20:40:48','2026-02-21','paid'),(1534,57,4,150.00,150.00,'Second Semester','2025/2026','','2026-01-22 20:40:48','2026-02-21','paid'),(1535,10,14,80.00,80.00,'Second Semester','2025/2026','','2026-01-22 20:42:06','2026-02-21','paid'),(1536,10,4,150.00,150.00,'Second Semester','2025/2026','','2026-01-22 20:42:06','2026-02-21','paid'),(1537,10,10,250.00,250.00,'Second Semester','2025/2026','','2026-01-22 20:42:06','2026-02-21','paid'),(1538,9,10,250.00,250.00,'Second Semester','2025/2026','','2026-01-22 20:43:22','2026-02-21','paid'),(1539,9,4,150.00,150.00,'Second Semester','2025/2026','','2026-01-22 20:43:22','2026-02-21','paid'),(1540,140,5,800.00,800.00,'Second Semester','2025/2026','','2026-01-22 21:00:49','2026-02-21','paid'),(1542,140,2,810.00,810.00,'Second Semester','2025/2026','','2026-01-22 21:00:49','2026-02-21','paid'),(1543,140,4,500.00,190.00,'Second Semester','2025/2026','','2026-01-22 21:02:32','2026-02-21','pending'),(1544,141,4,500.00,500.00,'Second Semester','2025/2026','','2026-01-30 07:25:41','2026-03-01','paid'),(1545,141,1,700.00,700.00,'Second Semester','2025/2026','','2026-01-30 07:25:41','2026-03-01','paid'),(1546,142,5,800.00,800.00,'Second Semester','2025/2026','Free Admission','2026-02-16 09:37:57','2026-03-18','paid'),(1548,99,10,250.00,0.00,'Second Semester','2025/2026','','2026-02-26 07:46:57','2026-03-28','pending'),(1549,25,10,250.00,0.00,'Second Semester','2025/2026','','2026-02-26 07:47:50','2026-03-28','pending'),(1550,25,14,80.00,0.00,'Second Semester','2025/2026','','2026-02-26 07:47:50','2026-03-28','pending'),(1551,59,14,80.00,0.00,'Second Semester','2025/2026','','2026-02-26 07:48:34','2026-03-28','pending'),(1552,92,14,80.00,80.00,'Second Semester','2025/2026','','2026-02-26 07:49:06','2026-03-28','paid'),(1553,45,14,80.00,0.00,'Second Semester','2025/2026','','2026-02-26 07:50:26','2026-03-28','pending'),(1554,45,10,250.00,0.00,'Second Semester','2025/2026','','2026-02-26 07:50:26','2026-03-28','pending'),(1555,15,14,80.00,0.00,'Second Semester','2025/2026','','2026-02-26 07:57:13','2026-03-28','pending'),(1557,43,2,1200.00,0.00,'First Semester','2025/2026','','2026-03-12 11:39:38','2026-04-11','pending'),(1558,9,15,380.00,0.00,'Third Semester','2025/2026','Auto-assigned outstanding balance carry forward','2026-04-09 01:53:27','2026-04-09','pending'),(1559,10,15,70.00,0.00,'Third Semester','2025/2026','Auto-assigned outstanding balance carry forward','2026-04-09 01:53:27','2026-04-09','pending'),(1560,15,15,110.00,0.00,'Third Semester','2025/2026','Auto-assigned outstanding balance carry forward','2026-04-09 01:53:27','2026-04-09','pending'),(1561,19,15,330.00,0.00,'Third Semester','2025/2026','Auto-assigned outstanding balance carry forward','2026-04-09 01:53:27','2026-04-09','pending'),(1562,24,15,160.00,0.00,'Third Semester','2025/2026','Auto-assigned outstanding balance carry forward','2026-04-09 01:53:27','2026-04-09','pending'),(1563,25,15,640.00,0.00,'Third Semester','2025/2026','Auto-assigned outstanding balance carry forward','2026-04-09 01:53:27','2026-04-09','pending'),(1565,35,15,83.00,0.00,'Third Semester','2025/2026','Auto-assigned outstanding balance carry forward','2026-04-09 01:53:27','2026-04-09','pending'),(1566,36,15,110.00,0.00,'Third Semester','2025/2026','Auto-assigned outstanding balance carry forward','2026-04-09 01:53:33','2026-04-09','pending'),(1568,41,15,410.00,0.00,'Third Semester','2025/2026','Auto-assigned outstanding balance carry forward','2026-04-09 01:53:27','2026-04-09','pending'),(1569,43,15,945.00,0.00,'Third Semester','2025/2026','Auto-assigned outstanding balance carry forward','2026-04-09 01:53:27','2026-04-09','pending'),(1570,45,15,330.00,0.00,'Third Semester','2025/2026','Auto-assigned outstanding balance carry forward','2026-04-09 01:53:27','2026-04-09','pending'),(1571,50,15,260.00,0.00,'Third Semester','2025/2026','Auto-assigned outstanding balance carry forward','2026-04-09 01:53:27','2026-04-09','pending'),(1572,55,15,130.00,0.00,'Third Semester','2025/2026','Auto-assigned outstanding balance carry forward','2026-04-09 01:53:27','2026-04-09','pending'),(1573,57,15,310.00,0.00,'Third Semester','2025/2026','Auto-assigned outstanding balance carry forward','2026-04-09 01:53:27','2026-04-09','pending'),(1574,58,15,365.00,0.00,'Third Semester','2025/2026','Auto-assigned outstanding balance carry forward','2026-04-09 01:53:27','2026-04-09','pending'),(1575,59,15,80.00,0.00,'Third Semester','2025/2026','Auto-assigned outstanding balance carry forward','2026-04-09 01:53:27','2026-04-09','pending'),(1576,61,15,315.00,0.00,'Third Semester','2025/2026','Auto-assigned outstanding balance carry forward','2026-04-09 01:53:27','2026-04-09','pending'),(1577,62,15,330.00,0.00,'Third Semester','2025/2026','Auto-assigned outstanding balance carry forward','2026-04-09 01:53:27','2026-04-09','pending'),(1578,63,15,433.00,0.00,'Third Semester','2025/2026','Auto-assigned outstanding balance carry forward','2026-04-09 01:53:27','2026-04-09','pending'),(1579,64,15,197.00,0.00,'Third Semester','2025/2026','Auto-assigned outstanding balance carry forward','2026-04-09 01:53:27','2026-04-09','pending'),(1580,67,15,1472.50,0.00,'Third Semester','2025/2026','Auto-assigned outstanding balance carry forward','2026-04-09 01:53:27','2026-04-09','pending'),(1581,75,15,60.00,0.00,'Third Semester','2025/2026','Auto-assigned outstanding balance carry forward','2026-04-09 01:53:27','2026-04-09','pending'),(1582,76,15,40.00,0.00,'Third Semester','2025/2026','Auto-assigned outstanding balance carry forward','2026-04-09 01:53:33','2026-04-09','pending'),(1583,77,15,1030.00,0.00,'Third Semester','2025/2026','Auto-assigned outstanding balance carry forward','2026-04-09 01:53:27','2026-04-09','pending'),(1584,78,15,1460.00,0.00,'Third Semester','2025/2026','Auto-assigned outstanding balance carry forward','2026-04-09 01:53:27','2026-04-09','pending'),(1585,79,15,1510.00,0.00,'Third Semester','2025/2026','Auto-assigned outstanding balance carry forward','2026-04-09 01:53:27','2026-04-09','pending'),(1586,86,15,15.00,0.00,'Third Semester','2025/2026','Auto-assigned outstanding balance carry forward','2026-04-09 01:53:27','2026-04-09','pending'),(1587,88,15,1495.00,0.00,'Third Semester','2025/2026','Auto-assigned outstanding balance carry forward','2026-04-09 01:53:27','2026-04-09','pending'),(1588,89,15,130.00,0.00,'Third Semester','2025/2026','Auto-assigned outstanding balance carry forward','2026-04-09 01:53:27','2026-04-09','pending'),(1589,93,15,151.00,0.00,'Third Semester','2025/2026','Auto-assigned outstanding balance carry forward','2026-04-09 01:53:27','2026-04-09','pending'),(1590,99,15,1322.50,0.00,'Third Semester','2025/2026','Auto-assigned outstanding balance carry forward','2026-04-09 01:53:27','2026-04-09','pending'),(1591,100,15,72.50,0.00,'Third Semester','2025/2026','Auto-assigned outstanding balance carry forward','2026-04-09 01:53:27','2026-04-09','pending'),(1592,102,15,90.00,0.00,'Third Semester','2025/2026','Auto-assigned outstanding balance carry forward','2026-04-09 01:53:27','2026-04-09','pending'),(1593,107,15,1447.00,0.00,'Third Semester','2025/2026','Auto-assigned outstanding balance carry forward','2026-04-09 01:53:27','2026-04-09','pending'),(1594,108,15,60.00,0.00,'Third Semester','2025/2026','Auto-assigned outstanding balance carry forward','2026-04-09 01:53:27','2026-04-09','pending'),(1595,117,15,915.00,0.00,'Third Semester','2025/2026','Auto-assigned outstanding balance carry forward','2026-04-09 01:53:27','2026-04-09','pending'),(1596,121,15,1330.00,0.00,'Third Semester','2025/2026','Auto-assigned outstanding balance carry forward','2026-04-09 01:53:27','2026-04-09','pending'),(1598,129,15,810.00,0.00,'Third Semester','2025/2026','Auto-assigned outstanding balance carry forward','2026-04-09 01:53:27','2026-04-09','pending'),(1599,130,15,910.00,0.00,'Third Semester','2025/2026','Auto-assigned outstanding balance carry forward','2026-04-09 01:53:27','2026-04-09','pending'),(1600,131,15,1010.00,0.00,'Third Semester','2025/2026','Auto-assigned outstanding balance carry forward','2026-04-09 01:53:27','2026-04-09','pending'),(1602,140,15,310.00,0.00,'Third Semester','2025/2026','Auto-assigned outstanding balance carry forward','2026-04-09 01:53:27','2026-04-09','pending'),(1603,2,6,100.00,0.00,'Third Semester','2025/2026',NULL,'2026-04-02 11:49:34','2026-05-30','pending'),(1605,2,18,100.00,0.00,'Third Semester','2025/2026',NULL,'2026-04-02 11:49:34','2026-05-30','pending'),(1606,2,1,800.00,0.00,'Third Semester','2025/2026',NULL,'2026-04-02 11:49:34','2026-05-30','pending'),(1607,2,11,70.00,0.00,'Third Semester','2025/2026',NULL,'2026-04-02 11:49:34','2026-05-30','pending'),(1608,2,9,30.00,0.00,'Third Semester','2025/2026',NULL,'2026-04-02 11:49:34','2026-05-30','pending'),(1609,110,6,100.00,0.00,'Third Semester','2025/2026',NULL,'2026-04-02 11:49:34','2026-05-30','pending'),(1611,110,18,100.00,0.00,'Third Semester','2025/2026',NULL,'2026-04-02 11:49:34','2026-05-30','pending'),(1612,110,1,800.00,0.00,'Third Semester','2025/2026',NULL,'2026-04-02 11:49:34','2026-05-30','pending'),(1613,110,11,70.00,0.00,'Third Semester','2025/2026',NULL,'2026-04-02 11:49:34','2026-05-30','pending'),(1614,110,9,30.00,0.00,'Third Semester','2025/2026',NULL,'2026-04-02 11:49:34','2026-05-30','pending'),(1615,13,6,100.00,0.00,'Third Semester','2025/2026',NULL,'2026-04-02 11:49:34','2026-05-30','pending'),(1617,13,18,100.00,0.00,'Third Semester','2025/2026',NULL,'2026-04-02 11:49:34','2026-05-30','pending'),(1618,13,1,800.00,0.00,'Third Semester','2025/2026',NULL,'2026-04-02 11:49:34','2026-05-30','pending'),(1619,13,11,70.00,0.00,'Third Semester','2025/2026',NULL,'2026-04-02 11:49:34','2026-05-30','pending'),(1620,13,9,30.00,0.00,'Third Semester','2025/2026',NULL,'2026-04-02 11:49:34','2026-05-30','pending'),(1621,23,6,100.00,0.00,'Third Semester','2025/2026',NULL,'2026-04-02 11:49:34','2026-05-30','pending'),(1623,23,18,100.00,0.00,'Third Semester','2025/2026',NULL,'2026-04-02 11:49:34','2026-05-30','pending'),(1624,23,1,800.00,0.00,'Third Semester','2025/2026',NULL,'2026-04-02 11:49:34','2026-05-30','pending'),(1625,23,11,70.00,0.00,'Third Semester','2025/2026',NULL,'2026-04-02 11:49:34','2026-05-30','pending'),(1626,23,9,30.00,0.00,'Third Semester','2025/2026',NULL,'2026-04-02 11:49:34','2026-05-30','pending'),(1627,36,6,100.00,0.00,'Third Semester','2025/2026',NULL,'2026-04-02 11:49:34','2026-05-30','pending'),(1629,36,18,100.00,0.00,'Third Semester','2025/2026',NULL,'2026-04-02 11:49:34','2026-05-30','pending'),(1630,36,1,800.00,0.00,'Third Semester','2025/2026',NULL,'2026-04-02 11:49:34','2026-05-30','pending'),(1631,36,11,70.00,0.00,'Third Semester','2025/2026',NULL,'2026-04-02 11:49:34','2026-05-30','pending'),(1632,36,9,30.00,0.00,'Third Semester','2025/2026',NULL,'2026-04-02 11:49:34','2026-05-30','pending'),(1633,56,6,100.00,0.00,'Third Semester','2025/2026',NULL,'2026-04-02 11:49:34','2026-05-30','pending'),(1635,56,18,100.00,0.00,'Third Semester','2025/2026',NULL,'2026-04-02 11:49:34','2026-05-30','pending'),(1636,56,1,800.00,0.00,'Third Semester','2025/2026',NULL,'2026-04-02 11:49:34','2026-05-30','pending'),(1637,56,11,70.00,0.00,'Third Semester','2025/2026',NULL,'2026-04-02 11:49:34','2026-05-30','pending'),(1638,56,9,30.00,0.00,'Third Semester','2025/2026',NULL,'2026-04-02 11:49:34','2026-05-30','pending'),(1639,73,6,100.00,0.00,'Third Semester','2025/2026',NULL,'2026-04-02 11:49:34','2026-05-30','pending'),(1641,73,18,100.00,0.00,'Third Semester','2025/2026',NULL,'2026-04-02 11:49:34','2026-05-30','pending'),(1642,73,1,800.00,0.00,'Third Semester','2025/2026',NULL,'2026-04-02 11:49:34','2026-05-30','pending'),(1643,73,11,70.00,0.00,'Third Semester','2025/2026',NULL,'2026-04-02 11:49:34','2026-05-30','pending'),(1644,73,9,30.00,0.00,'Third Semester','2025/2026',NULL,'2026-04-02 11:49:34','2026-05-30','pending'),(1645,76,6,100.00,0.00,'Third Semester','2025/2026',NULL,'2026-04-02 11:49:34','2026-05-30','pending'),(1647,76,18,100.00,0.00,'Third Semester','2025/2026',NULL,'2026-04-02 11:49:34','2026-05-30','pending'),(1648,76,1,800.00,0.00,'Third Semester','2025/2026',NULL,'2026-04-02 11:49:34','2026-05-30','pending'),(1649,76,11,70.00,0.00,'Third Semester','2025/2026',NULL,'2026-04-02 11:49:34','2026-05-30','pending'),(1650,76,9,30.00,0.00,'Third Semester','2025/2026',NULL,'2026-04-02 11:49:34','2026-05-30','pending'),(1651,81,6,100.00,0.00,'Third Semester','2025/2026',NULL,'2026-04-02 11:49:34','2026-05-30','pending'),(1653,81,18,100.00,0.00,'Third Semester','2025/2026',NULL,'2026-04-02 11:49:34','2026-05-30','pending'),(1654,81,1,800.00,0.00,'Third Semester','2025/2026',NULL,'2026-04-02 11:49:34','2026-05-30','pending'),(1655,81,11,70.00,0.00,'Third Semester','2025/2026',NULL,'2026-04-02 11:49:34','2026-05-30','pending'),(1656,81,9,30.00,0.00,'Third Semester','2025/2026',NULL,'2026-04-02 11:49:34','2026-05-30','pending'),(1657,84,6,100.00,0.00,'Third Semester','2025/2026',NULL,'2026-04-02 11:49:34','2026-05-30','pending'),(1659,84,18,100.00,0.00,'Third Semester','2025/2026',NULL,'2026-04-02 11:49:34','2026-05-30','pending'),(1660,84,1,800.00,0.00,'Third Semester','2025/2026',NULL,'2026-04-02 11:49:34','2026-05-30','pending'),(1661,84,11,70.00,0.00,'Third Semester','2025/2026',NULL,'2026-04-02 11:49:34','2026-05-30','pending'),(1662,84,9,30.00,0.00,'Third Semester','2025/2026',NULL,'2026-04-02 11:49:34','2026-05-30','pending'),(1663,9,6,100.00,0.00,'Third Semester','2025/2026',NULL,'2026-04-02 11:49:34','2026-05-30','pending'),(1665,9,18,100.00,0.00,'Third Semester','2025/2026',NULL,'2026-04-02 11:49:34','2026-05-30','pending'),(1666,9,1,800.00,0.00,'Third Semester','2025/2026',NULL,'2026-04-02 11:49:34','2026-05-30','pending'),(1667,9,11,70.00,0.00,'Third Semester','2025/2026',NULL,'2026-04-02 11:49:34','2026-05-30','pending'),(1668,9,9,30.00,0.00,'Third Semester','2025/2026',NULL,'2026-04-02 11:49:34','2026-05-30','pending'),(1669,15,6,100.00,0.00,'Third Semester','2025/2026',NULL,'2026-04-02 11:49:34','2026-05-30','pending'),(1671,15,18,100.00,0.00,'Third Semester','2025/2026',NULL,'2026-04-02 11:49:34','2026-05-30','pending'),(1672,15,1,800.00,0.00,'Third Semester','2025/2026',NULL,'2026-04-02 11:49:34','2026-05-30','pending'),(1673,15,11,70.00,0.00,'Third Semester','2025/2026',NULL,'2026-04-02 11:49:34','2026-05-30','pending'),(1674,15,9,30.00,0.00,'Third Semester','2025/2026',NULL,'2026-04-02 11:49:34','2026-05-30','pending'),(1675,21,6,100.00,0.00,'Third Semester','2025/2026',NULL,'2026-04-02 11:49:34','2026-05-30','pending'),(1677,21,18,100.00,0.00,'Third Semester','2025/2026',NULL,'2026-04-02 11:49:34','2026-05-30','pending'),(1678,21,1,800.00,0.00,'Third Semester','2025/2026',NULL,'2026-04-02 11:49:34','2026-05-30','pending'),(1679,21,11,70.00,0.00,'Third Semester','2025/2026',NULL,'2026-04-02 11:49:34','2026-05-30','pending'),(1680,21,9,30.00,0.00,'Third Semester','2025/2026',NULL,'2026-04-02 11:49:34','2026-05-30','pending'),(1681,24,6,100.00,0.00,'Third Semester','2025/2026',NULL,'2026-04-02 11:49:34','2026-05-30','pending'),(1683,24,18,100.00,0.00,'Third Semester','2025/2026',NULL,'2026-04-02 11:49:34','2026-05-30','pending'),(1684,24,1,800.00,0.00,'Third Semester','2025/2026',NULL,'2026-04-02 11:49:34','2026-05-30','pending'),(1685,24,11,70.00,0.00,'Third Semester','2025/2026',NULL,'2026-04-02 11:49:34','2026-05-30','pending'),(1686,24,9,30.00,0.00,'Third Semester','2025/2026',NULL,'2026-04-02 11:49:34','2026-05-30','pending'),(1687,120,6,100.00,0.00,'Third Semester','2025/2026',NULL,'2026-04-02 11:49:34','2026-05-30','pending'),(1689,120,18,100.00,0.00,'Third Semester','2025/2026',NULL,'2026-04-02 11:49:34','2026-05-30','pending'),(1690,120,1,800.00,0.00,'Third Semester','2025/2026',NULL,'2026-04-02 11:49:34','2026-05-30','pending'),(1691,120,11,70.00,0.00,'Third Semester','2025/2026',NULL,'2026-04-02 11:49:34','2026-05-30','pending'),(1692,120,9,30.00,0.00,'Third Semester','2025/2026',NULL,'2026-04-02 11:49:34','2026-05-30','pending'),(1693,38,6,100.00,0.00,'Third Semester','2025/2026',NULL,'2026-04-02 11:49:34','2026-05-30','pending'),(1695,38,18,100.00,0.00,'Third Semester','2025/2026',NULL,'2026-04-02 11:49:34','2026-05-30','pending'),(1696,38,1,800.00,0.00,'Third Semester','2025/2026',NULL,'2026-04-02 11:49:34','2026-05-30','pending'),(1697,38,11,70.00,0.00,'Third Semester','2025/2026',NULL,'2026-04-02 11:49:34','2026-05-30','pending'),(1698,38,9,30.00,0.00,'Third Semester','2025/2026',NULL,'2026-04-02 11:49:34','2026-05-30','pending'),(1699,47,6,100.00,0.00,'Third Semester','2025/2026',NULL,'2026-04-02 11:49:34','2026-05-30','pending'),(1701,47,18,100.00,0.00,'Third Semester','2025/2026',NULL,'2026-04-02 11:49:34','2026-05-30','pending'),(1702,47,1,800.00,0.00,'Third Semester','2025/2026',NULL,'2026-04-02 11:49:34','2026-05-30','pending'),(1703,47,11,70.00,0.00,'Third Semester','2025/2026',NULL,'2026-04-02 11:49:34','2026-05-30','pending'),(1704,47,9,30.00,0.00,'Third Semester','2025/2026',NULL,'2026-04-02 11:49:34','2026-05-30','pending'),(1705,52,6,100.00,0.00,'Third Semester','2025/2026',NULL,'2026-04-02 11:49:34','2026-05-30','pending'),(1707,52,18,100.00,0.00,'Third Semester','2025/2026',NULL,'2026-04-02 11:49:34','2026-05-30','pending'),(1708,52,1,800.00,0.00,'Third Semester','2025/2026',NULL,'2026-04-02 11:49:34','2026-05-30','pending'),(1709,52,11,70.00,0.00,'Third Semester','2025/2026',NULL,'2026-04-02 11:49:34','2026-05-30','pending'),(1710,52,9,30.00,0.00,'Third Semester','2025/2026',NULL,'2026-04-02 11:49:34','2026-05-30','pending'),(1711,54,6,100.00,0.00,'Third Semester','2025/2026',NULL,'2026-04-02 11:49:34','2026-05-30','pending'),(1713,54,18,100.00,0.00,'Third Semester','2025/2026',NULL,'2026-04-02 11:49:34','2026-05-30','pending'),(1714,54,1,800.00,0.00,'Third Semester','2025/2026',NULL,'2026-04-02 11:49:34','2026-05-30','pending'),(1715,54,11,70.00,0.00,'Third Semester','2025/2026',NULL,'2026-04-02 11:49:34','2026-05-30','pending'),(1716,54,9,30.00,0.00,'Third Semester','2025/2026',NULL,'2026-04-02 11:49:34','2026-05-30','pending'),(1717,108,6,100.00,0.00,'Third Semester','2025/2026',NULL,'2026-04-02 11:49:34','2026-05-30','pending'),(1719,108,18,100.00,0.00,'Third Semester','2025/2026',NULL,'2026-04-02 11:49:34','2026-05-30','pending'),(1720,108,1,800.00,0.00,'Third Semester','2025/2026',NULL,'2026-04-02 11:49:34','2026-05-30','pending'),(1721,108,11,70.00,0.00,'Third Semester','2025/2026',NULL,'2026-04-02 11:49:34','2026-05-30','pending'),(1722,108,9,30.00,0.00,'Third Semester','2025/2026',NULL,'2026-04-02 11:49:34','2026-05-30','pending'),(1723,78,6,100.00,0.00,'Third Semester','2025/2026',NULL,'2026-04-02 11:49:34','2026-05-30','pending'),(1725,78,18,100.00,0.00,'Third Semester','2025/2026',NULL,'2026-04-02 11:49:34','2026-05-30','pending'),(1726,78,1,800.00,0.00,'Third Semester','2025/2026',NULL,'2026-04-02 11:49:34','2026-05-30','pending'),(1727,78,11,70.00,0.00,'Third Semester','2025/2026',NULL,'2026-04-02 11:49:34','2026-05-30','pending'),(1728,78,9,30.00,0.00,'Third Semester','2025/2026',NULL,'2026-04-02 11:49:34','2026-05-30','pending'),(1729,11,6,100.00,0.00,'Third Semester','2025/2026',NULL,'2026-04-02 11:49:34','2026-05-30','pending'),(1731,11,18,100.00,0.00,'Third Semester','2025/2026',NULL,'2026-04-02 11:49:34','2026-05-30','pending'),(1732,11,1,800.00,0.00,'Third Semester','2025/2026',NULL,'2026-04-02 11:49:34','2026-05-30','pending'),(1733,11,11,70.00,0.00,'Third Semester','2025/2026',NULL,'2026-04-02 11:49:34','2026-05-30','pending'),(1734,11,9,30.00,0.00,'Third Semester','2025/2026',NULL,'2026-04-02 11:49:34','2026-05-30','pending'),(1735,14,6,100.00,0.00,'Third Semester','2025/2026',NULL,'2026-04-02 11:49:34','2026-05-30','pending'),(1737,14,18,100.00,0.00,'Third Semester','2025/2026',NULL,'2026-04-02 11:49:34','2026-05-30','pending'),(1738,14,1,800.00,0.00,'Third Semester','2025/2026',NULL,'2026-04-02 11:49:34','2026-05-30','pending'),(1739,14,11,70.00,0.00,'Third Semester','2025/2026',NULL,'2026-04-02 11:49:34','2026-05-30','pending'),(1740,14,9,30.00,0.00,'Third Semester','2025/2026',NULL,'2026-04-02 11:49:34','2026-05-30','pending'),(1741,140,6,100.00,0.00,'Third Semester','2025/2026',NULL,'2026-04-02 11:49:34','2026-05-30','pending'),(1743,140,18,100.00,0.00,'Third Semester','2025/2026',NULL,'2026-04-02 11:49:34','2026-05-30','pending'),(1744,140,1,800.00,0.00,'Third Semester','2025/2026',NULL,'2026-04-02 11:49:34','2026-05-30','pending'),(1745,140,11,70.00,0.00,'Third Semester','2025/2026',NULL,'2026-04-02 11:49:34','2026-05-30','pending'),(1746,140,9,30.00,0.00,'Third Semester','2025/2026',NULL,'2026-04-02 11:49:34','2026-05-30','pending'),(1747,1,6,100.00,0.00,'Third Semester','2025/2026',NULL,'2026-04-02 11:49:34','2026-05-30','pending'),(1749,1,18,100.00,0.00,'Third Semester','2025/2026',NULL,'2026-04-02 11:49:34','2026-05-30','pending'),(1750,1,1,800.00,0.00,'Third Semester','2025/2026',NULL,'2026-04-02 11:49:34','2026-05-30','pending'),(1751,1,11,70.00,0.00,'Third Semester','2025/2026',NULL,'2026-04-02 11:49:34','2026-05-30','pending'),(1752,1,9,30.00,0.00,'Third Semester','2025/2026',NULL,'2026-04-02 11:49:34','2026-05-30','pending'),(1753,111,6,100.00,0.00,'Third Semester','2025/2026',NULL,'2026-04-02 11:49:34','2026-05-30','pending'),(1755,111,18,100.00,0.00,'Third Semester','2025/2026',NULL,'2026-04-02 11:49:34','2026-05-30','pending'),(1756,111,1,800.00,0.00,'Third Semester','2025/2026',NULL,'2026-04-02 11:49:34','2026-05-30','pending'),(1757,111,11,70.00,0.00,'Third Semester','2025/2026',NULL,'2026-04-02 11:49:34','2026-05-30','pending'),(1758,111,9,30.00,0.00,'Third Semester','2025/2026',NULL,'2026-04-02 11:49:34','2026-05-30','pending'),(1759,28,6,100.00,0.00,'Third Semester','2025/2026',NULL,'2026-04-02 11:49:34','2026-05-30','pending'),(1761,28,18,100.00,0.00,'Third Semester','2025/2026',NULL,'2026-04-02 11:49:34','2026-05-30','pending'),(1762,28,1,800.00,0.00,'Third Semester','2025/2026',NULL,'2026-04-02 11:49:34','2026-05-30','pending'),(1763,28,11,70.00,0.00,'Third Semester','2025/2026',NULL,'2026-04-02 11:49:34','2026-05-30','pending'),(1764,28,9,30.00,0.00,'Third Semester','2025/2026',NULL,'2026-04-02 11:49:34','2026-05-30','pending'),(1765,34,6,100.00,0.00,'Third Semester','2025/2026',NULL,'2026-04-02 11:49:34','2026-05-30','pending'),(1767,34,18,100.00,0.00,'Third Semester','2025/2026',NULL,'2026-04-02 11:49:34','2026-05-30','pending'),(1768,34,1,800.00,0.00,'Third Semester','2025/2026',NULL,'2026-04-02 11:49:34','2026-05-30','pending'),(1769,34,11,70.00,0.00,'Third Semester','2025/2026',NULL,'2026-04-02 11:49:34','2026-05-30','pending'),(1770,34,9,30.00,0.00,'Third Semester','2025/2026',NULL,'2026-04-02 11:49:34','2026-05-30','pending'),(1771,44,6,100.00,0.00,'Third Semester','2025/2026',NULL,'2026-04-02 11:49:34','2026-05-30','pending'),(1773,44,18,100.00,0.00,'Third Semester','2025/2026',NULL,'2026-04-02 11:49:34','2026-05-30','pending'),(1774,44,1,800.00,0.00,'Third Semester','2025/2026',NULL,'2026-04-02 11:49:34','2026-05-30','pending'),(1775,44,11,70.00,0.00,'Third Semester','2025/2026',NULL,'2026-04-02 11:49:34','2026-05-30','pending'),(1776,44,9,30.00,0.00,'Third Semester','2025/2026',NULL,'2026-04-02 11:49:34','2026-05-30','pending'),(1777,77,6,100.00,0.00,'Third Semester','2025/2026',NULL,'2026-04-02 11:49:34','2026-05-30','pending'),(1779,77,18,100.00,0.00,'Third Semester','2025/2026',NULL,'2026-04-02 11:49:34','2026-05-30','pending'),(1780,77,1,800.00,0.00,'Third Semester','2025/2026',NULL,'2026-04-02 11:49:34','2026-05-30','pending'),(1781,77,11,70.00,0.00,'Third Semester','2025/2026',NULL,'2026-04-02 11:49:34','2026-05-30','pending'),(1782,77,9,30.00,0.00,'Third Semester','2025/2026',NULL,'2026-04-02 11:49:34','2026-05-30','pending'),(1783,92,6,100.00,0.00,'Third Semester','2025/2026',NULL,'2026-04-02 11:49:34','2026-05-30','pending'),(1785,92,18,100.00,0.00,'Third Semester','2025/2026',NULL,'2026-04-02 11:49:34','2026-05-30','pending'),(1786,92,1,800.00,0.00,'Third Semester','2025/2026',NULL,'2026-04-02 11:49:34','2026-05-30','pending'),(1787,92,11,70.00,0.00,'Third Semester','2025/2026',NULL,'2026-04-02 11:49:34','2026-05-30','pending'),(1788,92,9,30.00,0.00,'Third Semester','2025/2026',NULL,'2026-04-02 11:49:34','2026-05-30','pending'),(1789,112,6,100.00,0.00,'Third Semester','2025/2026',NULL,'2026-04-02 11:49:34','2026-05-30','pending'),(1791,112,18,100.00,0.00,'Third Semester','2025/2026',NULL,'2026-04-02 11:49:34','2026-05-30','pending'),(1792,112,1,800.00,0.00,'Third Semester','2025/2026',NULL,'2026-04-02 11:49:34','2026-05-30','pending'),(1793,112,11,70.00,0.00,'Third Semester','2025/2026',NULL,'2026-04-02 11:49:34','2026-05-30','pending'),(1794,112,9,30.00,0.00,'Third Semester','2025/2026',NULL,'2026-04-02 11:49:34','2026-05-30','pending'),(1795,10,6,100.00,0.00,'Third Semester','2025/2026',NULL,'2026-04-02 11:49:34','2026-05-30','pending'),(1797,10,18,100.00,0.00,'Third Semester','2025/2026',NULL,'2026-04-02 11:49:34','2026-05-30','pending'),(1798,10,1,800.00,0.00,'Third Semester','2025/2026',NULL,'2026-04-02 11:49:34','2026-05-30','pending'),(1799,10,11,70.00,0.00,'Third Semester','2025/2026',NULL,'2026-04-02 11:49:34','2026-05-30','pending'),(1800,10,9,30.00,0.00,'Third Semester','2025/2026',NULL,'2026-04-02 11:49:34','2026-05-30','pending'),(1801,41,6,100.00,0.00,'Third Semester','2025/2026',NULL,'2026-04-02 11:49:34','2026-05-30','pending'),(1803,41,18,100.00,0.00,'Third Semester','2025/2026',NULL,'2026-04-02 11:49:34','2026-05-30','pending'),(1804,41,1,800.00,0.00,'Third Semester','2025/2026',NULL,'2026-04-02 11:49:34','2026-05-30','pending'),(1805,41,11,70.00,0.00,'Third Semester','2025/2026',NULL,'2026-04-02 11:49:34','2026-05-30','pending'),(1806,41,9,30.00,0.00,'Third Semester','2025/2026',NULL,'2026-04-02 11:49:34','2026-05-30','pending'),(1807,48,6,100.00,0.00,'Third Semester','2025/2026',NULL,'2026-04-02 11:49:34','2026-05-30','pending'),(1809,48,18,100.00,0.00,'Third Semester','2025/2026',NULL,'2026-04-02 11:49:34','2026-05-30','pending'),(1810,48,1,800.00,0.00,'Third Semester','2025/2026',NULL,'2026-04-02 11:49:34','2026-05-30','pending'),(1811,48,11,70.00,0.00,'Third Semester','2025/2026',NULL,'2026-04-02 11:49:34','2026-05-30','pending'),(1812,48,9,30.00,0.00,'Third Semester','2025/2026',NULL,'2026-04-02 11:49:34','2026-05-30','pending'),(1813,99,6,100.00,0.00,'Third Semester','2025/2026',NULL,'2026-04-02 11:49:34','2026-05-30','pending'),(1815,99,18,100.00,0.00,'Third Semester','2025/2026',NULL,'2026-04-02 11:49:34','2026-05-30','pending'),(1816,99,1,400.00,0.00,'Third Semester','2025/2026','','2026-04-02 11:49:34','2026-05-30','pending'),(1817,99,11,70.00,0.00,'Third Semester','2025/2026',NULL,'2026-04-02 11:49:34','2026-05-30','pending'),(1818,99,9,30.00,0.00,'Third Semester','2025/2026',NULL,'2026-04-02 11:49:34','2026-05-30','pending'),(1819,3,6,100.00,0.00,'Third Semester','2025/2026',NULL,'2026-04-02 11:49:34','2026-05-30','pending'),(1821,3,18,250.00,0.00,'Third Semester','2025/2026',NULL,'2026-04-02 11:49:34','2026-05-30','pending'),(1822,3,1,800.00,0.00,'Third Semester','2025/2026',NULL,'2026-04-02 11:49:34','2026-05-30','pending'),(1823,3,11,70.00,0.00,'Third Semester','2025/2026',NULL,'2026-04-02 11:49:34','2026-05-30','pending'),(1824,3,9,30.00,0.00,'Third Semester','2025/2026',NULL,'2026-04-02 11:49:34','2026-05-30','pending'),(1825,37,6,100.00,0.00,'Third Semester','2025/2026',NULL,'2026-04-02 11:49:34','2026-05-30','pending'),(1827,37,18,250.00,0.00,'Third Semester','2025/2026',NULL,'2026-04-02 11:49:34','2026-05-30','pending'),(1828,37,1,800.00,0.00,'Third Semester','2025/2026',NULL,'2026-04-02 11:49:34','2026-05-30','pending'),(1829,37,11,70.00,0.00,'Third Semester','2025/2026',NULL,'2026-04-02 11:49:34','2026-05-30','pending'),(1830,37,9,30.00,0.00,'Third Semester','2025/2026',NULL,'2026-04-02 11:49:34','2026-05-30','pending'),(1831,43,6,100.00,0.00,'Third Semester','2025/2026',NULL,'2026-04-02 11:49:34','2026-05-30','pending'),(1833,43,18,250.00,0.00,'Third Semester','2025/2026',NULL,'2026-04-02 11:49:34','2026-05-30','pending'),(1834,43,1,800.00,0.00,'Third Semester','2025/2026',NULL,'2026-04-02 11:49:34','2026-05-30','pending'),(1835,43,11,70.00,0.00,'Third Semester','2025/2026',NULL,'2026-04-02 11:49:34','2026-05-30','pending'),(1836,43,9,30.00,0.00,'Third Semester','2025/2026',NULL,'2026-04-02 11:49:34','2026-05-30','pending'),(1837,58,6,100.00,0.00,'Third Semester','2025/2026',NULL,'2026-04-02 11:49:34','2026-05-30','pending'),(1839,58,18,250.00,0.00,'Third Semester','2025/2026',NULL,'2026-04-02 11:49:34','2026-05-30','pending'),(1840,58,1,800.00,0.00,'Third Semester','2025/2026',NULL,'2026-04-02 11:49:34','2026-05-30','pending'),(1841,58,11,70.00,0.00,'Third Semester','2025/2026',NULL,'2026-04-02 11:49:34','2026-05-30','pending'),(1842,58,9,30.00,0.00,'Third Semester','2025/2026',NULL,'2026-04-02 11:49:34','2026-05-30','pending'),(1843,142,6,100.00,0.00,'Third Semester','2025/2026',NULL,'2026-04-02 11:49:34','2026-05-30','pending'),(1845,142,18,250.00,0.00,'Third Semester','2025/2026',NULL,'2026-04-02 11:49:34','2026-05-30','pending'),(1846,142,1,800.00,0.00,'Third Semester','2025/2026',NULL,'2026-04-02 11:49:34','2026-05-30','pending'),(1847,142,11,70.00,0.00,'Third Semester','2025/2026',NULL,'2026-04-02 11:49:34','2026-05-30','pending'),(1848,142,9,30.00,0.00,'Third Semester','2025/2026',NULL,'2026-04-02 11:49:34','2026-05-30','pending'),(1849,79,6,100.00,0.00,'Third Semester','2025/2026',NULL,'2026-04-02 11:49:34','2026-05-30','pending'),(1851,79,18,250.00,0.00,'Third Semester','2025/2026',NULL,'2026-04-02 11:49:34','2026-05-30','pending'),(1852,79,1,800.00,0.00,'Third Semester','2025/2026',NULL,'2026-04-02 11:49:34','2026-05-30','pending'),(1853,79,11,70.00,0.00,'Third Semester','2025/2026',NULL,'2026-04-02 11:49:34','2026-05-30','pending'),(1854,79,9,30.00,0.00,'Third Semester','2025/2026',NULL,'2026-04-02 11:49:34','2026-05-30','pending'),(1855,117,6,100.00,0.00,'Third Semester','2025/2026',NULL,'2026-04-02 11:49:34','2026-05-30','pending'),(1857,117,18,100.00,0.00,'Third Semester','2025/2026',NULL,'2026-04-02 11:49:34','2026-05-30','pending'),(1858,117,1,800.00,0.00,'Third Semester','2025/2026',NULL,'2026-04-02 11:49:34','2026-05-30','pending'),(1859,117,11,70.00,0.00,'Third Semester','2025/2026',NULL,'2026-04-02 11:49:34','2026-05-30','pending'),(1860,117,9,30.00,0.00,'Third Semester','2025/2026',NULL,'2026-04-02 11:49:34','2026-05-30','pending'),(1861,30,6,100.00,0.00,'Third Semester','2025/2026',NULL,'2026-04-02 11:49:34','2026-05-30','pending'),(1863,30,18,100.00,0.00,'Third Semester','2025/2026',NULL,'2026-04-02 11:49:34','2026-05-30','pending'),(1864,30,1,800.00,0.00,'Third Semester','2025/2026',NULL,'2026-04-02 11:49:34','2026-05-30','pending'),(1865,30,11,70.00,0.00,'Third Semester','2025/2026',NULL,'2026-04-02 11:49:34','2026-05-30','pending'),(1866,30,9,30.00,0.00,'Third Semester','2025/2026',NULL,'2026-04-02 11:49:34','2026-05-30','pending'),(1867,70,6,100.00,0.00,'Third Semester','2025/2026',NULL,'2026-04-02 11:49:34','2026-05-30','pending'),(1869,70,18,100.00,0.00,'Third Semester','2025/2026',NULL,'2026-04-02 11:49:34','2026-05-30','pending'),(1870,70,1,800.00,0.00,'Third Semester','2025/2026',NULL,'2026-04-02 11:49:34','2026-05-30','pending'),(1871,70,11,70.00,0.00,'Third Semester','2025/2026',NULL,'2026-04-02 11:49:34','2026-05-30','pending'),(1872,70,9,30.00,0.00,'Third Semester','2025/2026',NULL,'2026-04-02 11:49:34','2026-05-30','pending'),(1873,100,6,100.00,0.00,'Third Semester','2025/2026',NULL,'2026-04-02 11:49:34','2026-05-30','pending'),(1875,100,18,100.00,0.00,'Third Semester','2025/2026',NULL,'2026-04-02 11:49:34','2026-05-30','pending'),(1876,100,1,400.00,0.00,'Third Semester','2025/2026','','2026-04-02 11:49:34','2026-05-30','pending'),(1877,100,11,70.00,0.00,'Third Semester','2025/2026',NULL,'2026-04-02 11:49:34','2026-05-30','pending'),(1878,100,9,30.00,0.00,'Third Semester','2025/2026',NULL,'2026-04-02 11:49:34','2026-05-30','pending'),(1880,134,18,100.00,0.00,'Third Semester','2025/2026',NULL,'2026-04-02 11:49:34','2026-05-30','pending'),(1881,134,1,700.00,0.00,'Third Semester','2025/2026',NULL,'2026-04-02 11:49:34','2026-05-30','pending'),(1882,134,11,70.00,0.00,'Third Semester','2025/2026',NULL,'2026-04-02 11:49:34','2026-05-30','pending'),(1883,134,9,30.00,0.00,'Third Semester','2025/2026',NULL,'2026-04-02 11:49:34','2026-05-30','pending'),(1885,136,18,100.00,0.00,'Third Semester','2025/2026',NULL,'2026-04-02 11:49:34','2026-05-30','pending'),(1886,136,1,700.00,0.00,'Third Semester','2025/2026',NULL,'2026-04-02 11:49:34','2026-05-30','pending'),(1887,136,11,70.00,0.00,'Third Semester','2025/2026',NULL,'2026-04-02 11:49:34','2026-05-30','pending'),(1888,136,9,30.00,0.00,'Third Semester','2025/2026',NULL,'2026-04-02 11:49:34','2026-05-30','pending'),(1890,114,18,100.00,0.00,'Third Semester','2025/2026',NULL,'2026-04-02 11:49:34','2026-05-30','pending'),(1891,114,1,700.00,0.00,'Third Semester','2025/2026',NULL,'2026-04-02 11:49:34','2026-05-30','pending'),(1892,114,11,70.00,0.00,'Third Semester','2025/2026',NULL,'2026-04-02 11:49:34','2026-05-30','pending'),(1893,114,9,30.00,0.00,'Third Semester','2025/2026',NULL,'2026-04-02 11:49:34','2026-05-30','pending'),(1895,132,18,100.00,0.00,'Third Semester','2025/2026',NULL,'2026-04-02 11:49:34','2026-05-30','pending'),(1896,132,1,700.00,0.00,'Third Semester','2025/2026',NULL,'2026-04-02 11:49:34','2026-05-30','pending'),(1897,132,11,70.00,0.00,'Third Semester','2025/2026',NULL,'2026-04-02 11:49:34','2026-05-30','pending'),(1898,132,9,30.00,0.00,'Third Semester','2025/2026',NULL,'2026-04-02 11:49:34','2026-05-30','pending'),(1900,20,18,100.00,0.00,'Third Semester','2025/2026',NULL,'2026-04-02 11:49:34','2026-05-30','pending'),(1901,20,1,700.00,0.00,'Third Semester','2025/2026',NULL,'2026-04-02 11:49:34','2026-05-30','pending'),(1902,20,11,70.00,0.00,'Third Semester','2025/2026',NULL,'2026-04-02 11:49:34','2026-05-30','pending'),(1903,20,9,30.00,0.00,'Third Semester','2025/2026',NULL,'2026-04-02 11:49:34','2026-05-30','pending'),(1905,129,18,100.00,0.00,'Third Semester','2025/2026',NULL,'2026-04-02 11:49:34','2026-05-30','pending'),(1906,129,1,700.00,0.00,'Third Semester','2025/2026',NULL,'2026-04-02 11:49:34','2026-05-30','pending'),(1907,129,11,70.00,0.00,'Third Semester','2025/2026',NULL,'2026-04-02 11:49:34','2026-05-30','pending'),(1908,129,9,30.00,0.00,'Third Semester','2025/2026',NULL,'2026-04-02 11:49:34','2026-05-30','pending'),(1910,26,18,100.00,0.00,'Third Semester','2025/2026',NULL,'2026-04-02 11:49:34','2026-05-30','pending'),(1911,26,1,700.00,0.00,'Third Semester','2025/2026',NULL,'2026-04-02 11:49:34','2026-05-30','pending'),(1912,26,11,70.00,0.00,'Third Semester','2025/2026',NULL,'2026-04-02 11:49:34','2026-05-30','pending'),(1913,26,9,30.00,0.00,'Third Semester','2025/2026',NULL,'2026-04-02 11:49:34','2026-05-30','pending'),(1915,128,18,100.00,0.00,'Third Semester','2025/2026',NULL,'2026-04-02 11:49:34','2026-05-30','pending'),(1916,128,1,700.00,0.00,'Third Semester','2025/2026',NULL,'2026-04-02 11:49:34','2026-05-30','pending'),(1917,128,11,70.00,0.00,'Third Semester','2025/2026',NULL,'2026-04-02 11:49:34','2026-05-30','pending'),(1918,128,9,30.00,0.00,'Third Semester','2025/2026',NULL,'2026-04-02 11:49:34','2026-05-30','pending'),(1920,39,18,100.00,0.00,'Third Semester','2025/2026',NULL,'2026-04-02 11:49:34','2026-05-30','pending'),(1921,39,1,700.00,0.00,'Third Semester','2025/2026',NULL,'2026-04-02 11:49:34','2026-05-30','pending'),(1922,39,11,70.00,0.00,'Third Semester','2025/2026',NULL,'2026-04-02 11:49:34','2026-05-30','pending'),(1923,39,9,30.00,0.00,'Third Semester','2025/2026',NULL,'2026-04-02 11:49:34','2026-05-30','pending'),(1925,144,18,100.00,0.00,'Third Semester','2025/2026',NULL,'2026-04-02 11:49:34','2026-05-30','pending'),(1926,144,1,700.00,0.00,'Third Semester','2025/2026',NULL,'2026-04-02 11:49:34','2026-05-30','pending'),(1927,144,11,70.00,0.00,'Third Semester','2025/2026',NULL,'2026-04-02 11:49:34','2026-05-30','pending'),(1928,144,9,30.00,0.00,'Third Semester','2025/2026',NULL,'2026-04-02 11:49:34','2026-05-30','pending'),(1930,124,18,100.00,0.00,'Third Semester','2025/2026',NULL,'2026-04-02 11:49:34','2026-05-30','pending'),(1931,124,1,700.00,0.00,'Third Semester','2025/2026',NULL,'2026-04-02 11:49:34','2026-05-30','pending'),(1932,124,11,70.00,0.00,'Third Semester','2025/2026',NULL,'2026-04-02 11:49:34','2026-05-30','pending'),(1933,124,9,30.00,0.00,'Third Semester','2025/2026',NULL,'2026-04-02 11:49:34','2026-05-30','pending'),(1935,62,18,100.00,0.00,'Third Semester','2025/2026',NULL,'2026-04-02 11:49:34','2026-05-30','pending'),(1936,62,1,700.00,0.00,'Third Semester','2025/2026',NULL,'2026-04-02 11:49:34','2026-05-30','pending'),(1937,62,11,70.00,0.00,'Third Semester','2025/2026',NULL,'2026-04-02 11:49:34','2026-05-30','pending'),(1938,62,9,30.00,0.00,'Third Semester','2025/2026',NULL,'2026-04-02 11:49:34','2026-05-30','pending'),(1940,116,18,100.00,0.00,'Third Semester','2025/2026',NULL,'2026-04-02 11:49:34','2026-05-30','pending'),(1941,116,1,700.00,0.00,'Third Semester','2025/2026',NULL,'2026-04-02 11:49:34','2026-05-30','pending'),(1942,116,11,70.00,0.00,'Third Semester','2025/2026',NULL,'2026-04-02 11:49:34','2026-05-30','pending'),(1943,116,9,30.00,0.00,'Third Semester','2025/2026',NULL,'2026-04-02 11:49:34','2026-05-30','pending'),(1945,69,18,100.00,0.00,'Third Semester','2025/2026',NULL,'2026-04-02 11:49:34','2026-05-30','pending'),(1946,69,1,700.00,0.00,'Third Semester','2025/2026',NULL,'2026-04-02 11:49:34','2026-05-30','pending'),(1947,69,11,70.00,0.00,'Third Semester','2025/2026',NULL,'2026-04-02 11:49:34','2026-05-30','pending'),(1948,69,9,30.00,0.00,'Third Semester','2025/2026',NULL,'2026-04-02 11:49:34','2026-05-30','pending'),(1950,141,18,100.00,0.00,'Third Semester','2025/2026',NULL,'2026-04-02 11:49:34','2026-05-30','pending'),(1951,141,1,700.00,0.00,'Third Semester','2025/2026',NULL,'2026-04-02 11:49:34','2026-05-30','pending'),(1952,141,11,70.00,0.00,'Third Semester','2025/2026',NULL,'2026-04-02 11:49:34','2026-05-30','pending'),(1953,141,9,30.00,0.00,'Third Semester','2025/2026',NULL,'2026-04-02 11:49:34','2026-05-30','pending'),(1955,139,18,100.00,0.00,'Third Semester','2025/2026',NULL,'2026-04-02 11:49:34','2026-05-30','pending'),(1956,139,1,700.00,0.00,'Third Semester','2025/2026',NULL,'2026-04-02 11:49:34','2026-05-30','pending'),(1957,139,11,70.00,0.00,'Third Semester','2025/2026',NULL,'2026-04-02 11:49:34','2026-05-30','pending'),(1958,139,9,30.00,0.00,'Third Semester','2025/2026',NULL,'2026-04-02 11:49:34','2026-05-30','pending'),(1960,143,18,100.00,0.00,'Third Semester','2025/2026',NULL,'2026-04-02 11:49:34','2026-05-30','pending'),(1961,143,1,700.00,0.00,'Third Semester','2025/2026',NULL,'2026-04-02 11:49:34','2026-05-30','pending'),(1962,143,11,70.00,0.00,'Third Semester','2025/2026',NULL,'2026-04-02 11:49:34','2026-05-30','pending'),(1963,143,9,30.00,0.00,'Third Semester','2025/2026',NULL,'2026-04-02 11:49:34','2026-05-30','pending'),(1965,133,18,100.00,0.00,'Third Semester','2025/2026',NULL,'2026-04-02 11:49:34','2026-05-30','pending'),(1966,133,1,700.00,0.00,'Third Semester','2025/2026',NULL,'2026-04-02 11:49:34','2026-05-30','pending'),(1967,133,11,70.00,0.00,'Third Semester','2025/2026',NULL,'2026-04-02 11:49:34','2026-05-30','pending'),(1968,133,9,30.00,0.00,'Third Semester','2025/2026',NULL,'2026-04-02 11:49:34','2026-05-30','pending'),(1970,115,18,100.00,0.00,'Third Semester','2025/2026',NULL,'2026-04-02 11:49:34','2026-05-30','pending'),(1971,115,1,700.00,0.00,'Third Semester','2025/2026',NULL,'2026-04-02 11:49:34','2026-05-30','pending'),(1972,115,11,70.00,0.00,'Third Semester','2025/2026',NULL,'2026-04-02 11:49:34','2026-05-30','pending'),(1973,115,9,30.00,0.00,'Third Semester','2025/2026',NULL,'2026-04-02 11:49:34','2026-05-30','pending'),(1975,135,18,100.00,0.00,'Third Semester','2025/2026',NULL,'2026-04-02 11:49:34','2026-05-30','pending'),(1976,135,1,700.00,0.00,'Third Semester','2025/2026',NULL,'2026-04-02 11:49:34','2026-05-30','pending'),(1977,135,11,70.00,0.00,'Third Semester','2025/2026',NULL,'2026-04-02 11:49:34','2026-05-30','pending'),(1978,135,9,30.00,0.00,'Third Semester','2025/2026',NULL,'2026-04-02 11:49:34','2026-05-30','pending'),(1980,106,18,100.00,0.00,'Third Semester','2025/2026',NULL,'2026-04-02 11:49:34','2026-05-30','pending'),(1981,106,1,700.00,0.00,'Third Semester','2025/2026',NULL,'2026-04-02 11:49:34','2026-05-30','pending'),(1982,106,11,70.00,0.00,'Third Semester','2025/2026',NULL,'2026-04-02 11:49:34','2026-05-30','pending'),(1983,106,9,30.00,0.00,'Third Semester','2025/2026',NULL,'2026-04-02 11:49:34','2026-05-30','pending'),(1985,105,18,100.00,0.00,'Third Semester','2025/2026',NULL,'2026-04-02 11:49:34','2026-05-30','pending'),(1986,105,1,700.00,0.00,'Third Semester','2025/2026',NULL,'2026-04-02 11:49:34','2026-05-30','pending'),(1987,105,11,70.00,0.00,'Third Semester','2025/2026',NULL,'2026-04-02 11:49:34','2026-05-30','pending'),(1988,105,9,30.00,0.00,'Third Semester','2025/2026',NULL,'2026-04-02 11:49:34','2026-05-30','pending'),(1990,107,18,100.00,0.00,'Third Semester','2025/2026',NULL,'2026-04-02 11:49:34','2026-05-30','pending'),(1991,107,1,700.00,0.00,'Third Semester','2025/2026',NULL,'2026-04-02 11:49:34','2026-05-30','pending'),(1992,107,11,70.00,0.00,'Third Semester','2025/2026',NULL,'2026-04-02 11:49:34','2026-05-30','pending'),(1993,107,9,30.00,0.00,'Third Semester','2025/2026',NULL,'2026-04-02 11:49:34','2026-05-30','pending'),(1995,5,18,100.00,0.00,'Third Semester','2025/2026',NULL,'2026-04-02 11:49:34','2026-05-30','pending'),(1996,5,1,700.00,0.00,'Third Semester','2025/2026',NULL,'2026-04-02 11:49:34','2026-05-30','pending'),(1997,5,11,70.00,0.00,'Third Semester','2025/2026',NULL,'2026-04-02 11:49:34','2026-05-30','pending'),(1998,5,9,30.00,0.00,'Third Semester','2025/2026',NULL,'2026-04-02 11:49:34','2026-05-30','pending'),(2000,8,18,100.00,0.00,'Third Semester','2025/2026',NULL,'2026-04-02 11:49:34','2026-05-30','pending'),(2001,8,1,700.00,0.00,'Third Semester','2025/2026',NULL,'2026-04-02 11:49:34','2026-05-30','pending'),(2002,8,11,70.00,0.00,'Third Semester','2025/2026',NULL,'2026-04-02 11:49:34','2026-05-30','pending'),(2003,8,9,30.00,0.00,'Third Semester','2025/2026',NULL,'2026-04-02 11:49:34','2026-05-30','pending'),(2005,18,18,100.00,0.00,'Third Semester','2025/2026',NULL,'2026-04-02 11:49:34','2026-05-30','pending'),(2006,18,1,700.00,0.00,'Third Semester','2025/2026',NULL,'2026-04-02 11:49:34','2026-05-30','pending'),(2007,18,11,70.00,0.00,'Third Semester','2025/2026',NULL,'2026-04-02 11:49:34','2026-05-30','pending'),(2008,18,9,30.00,0.00,'Third Semester','2025/2026',NULL,'2026-04-02 11:49:34','2026-05-30','pending'),(2010,25,18,100.00,0.00,'Third Semester','2025/2026',NULL,'2026-04-02 11:49:34','2026-05-30','pending'),(2011,25,1,700.00,0.00,'Third Semester','2025/2026',NULL,'2026-04-02 11:49:34','2026-05-30','pending'),(2012,25,11,70.00,0.00,'Third Semester','2025/2026',NULL,'2026-04-02 11:49:34','2026-05-30','pending'),(2013,25,9,30.00,0.00,'Third Semester','2025/2026',NULL,'2026-04-02 11:49:34','2026-05-30','pending'),(2015,33,18,100.00,0.00,'Third Semester','2025/2026',NULL,'2026-04-02 11:49:34','2026-05-30','pending'),(2016,33,1,700.00,0.00,'Third Semester','2025/2026',NULL,'2026-04-02 11:49:34','2026-05-30','pending'),(2017,33,11,70.00,0.00,'Third Semester','2025/2026',NULL,'2026-04-02 11:49:34','2026-05-30','pending'),(2018,33,9,30.00,0.00,'Third Semester','2025/2026',NULL,'2026-04-02 11:49:34','2026-05-30','pending'),(2020,35,18,100.00,0.00,'Third Semester','2025/2026',NULL,'2026-04-02 11:49:34','2026-05-30','pending'),(2021,35,1,700.00,0.00,'Third Semester','2025/2026',NULL,'2026-04-02 11:49:34','2026-05-30','pending'),(2022,35,11,70.00,0.00,'Third Semester','2025/2026',NULL,'2026-04-02 11:49:34','2026-05-30','pending'),(2023,35,9,30.00,0.00,'Third Semester','2025/2026',NULL,'2026-04-02 11:49:34','2026-05-30','pending'),(2025,121,18,100.00,0.00,'Third Semester','2025/2026',NULL,'2026-04-02 11:49:34','2026-05-30','pending'),(2026,121,1,700.00,0.00,'Third Semester','2025/2026',NULL,'2026-04-02 11:49:34','2026-05-30','pending'),(2027,121,11,70.00,0.00,'Third Semester','2025/2026',NULL,'2026-04-02 11:49:34','2026-05-30','pending'),(2028,121,9,30.00,0.00,'Third Semester','2025/2026',NULL,'2026-04-02 11:49:34','2026-05-30','pending'),(2030,45,18,100.00,0.00,'Third Semester','2025/2026',NULL,'2026-04-02 11:49:34','2026-05-30','pending'),(2031,45,1,700.00,0.00,'Third Semester','2025/2026',NULL,'2026-04-02 11:49:34','2026-05-30','pending'),(2032,45,11,70.00,0.00,'Third Semester','2025/2026',NULL,'2026-04-02 11:49:34','2026-05-30','pending'),(2033,45,9,30.00,0.00,'Third Semester','2025/2026',NULL,'2026-04-02 11:49:34','2026-05-30','pending'),(2035,49,18,100.00,0.00,'Third Semester','2025/2026',NULL,'2026-04-02 11:49:34','2026-05-30','pending'),(2036,49,1,700.00,0.00,'Third Semester','2025/2026',NULL,'2026-04-02 11:49:34','2026-05-30','pending'),(2037,49,11,70.00,0.00,'Third Semester','2025/2026',NULL,'2026-04-02 11:49:34','2026-05-30','pending'),(2038,49,9,30.00,0.00,'Third Semester','2025/2026',NULL,'2026-04-02 11:49:34','2026-05-30','pending'),(2040,59,18,100.00,0.00,'Third Semester','2025/2026',NULL,'2026-04-02 11:49:34','2026-05-30','pending'),(2041,59,1,700.00,0.00,'Third Semester','2025/2026',NULL,'2026-04-02 11:49:34','2026-05-30','pending'),(2042,59,11,70.00,0.00,'Third Semester','2025/2026',NULL,'2026-04-02 11:49:34','2026-05-30','pending'),(2043,59,9,30.00,0.00,'Third Semester','2025/2026',NULL,'2026-04-02 11:49:34','2026-05-30','pending'),(2045,60,18,100.00,0.00,'Third Semester','2025/2026',NULL,'2026-04-02 11:49:34','2026-05-30','pending'),(2046,60,1,700.00,0.00,'Third Semester','2025/2026',NULL,'2026-04-02 11:49:34','2026-05-30','pending'),(2047,60,11,70.00,0.00,'Third Semester','2025/2026',NULL,'2026-04-02 11:49:34','2026-05-30','pending'),(2048,60,9,30.00,0.00,'Third Semester','2025/2026',NULL,'2026-04-02 11:49:34','2026-05-30','pending'),(2050,127,18,100.00,0.00,'Third Semester','2025/2026',NULL,'2026-04-02 11:49:34','2026-05-30','pending'),(2051,127,1,700.00,0.00,'Third Semester','2025/2026',NULL,'2026-04-02 11:49:34','2026-05-30','pending'),(2052,127,11,70.00,0.00,'Third Semester','2025/2026',NULL,'2026-04-02 11:49:34','2026-05-30','pending'),(2053,127,9,30.00,0.00,'Third Semester','2025/2026',NULL,'2026-04-02 11:49:34','2026-05-30','pending'),(2055,130,18,100.00,0.00,'Third Semester','2025/2026',NULL,'2026-04-02 11:49:34','2026-05-30','pending'),(2056,130,1,700.00,0.00,'Third Semester','2025/2026',NULL,'2026-04-02 11:49:34','2026-05-30','pending'),(2057,130,11,70.00,0.00,'Third Semester','2025/2026',NULL,'2026-04-02 11:49:34','2026-05-30','pending'),(2058,130,9,30.00,0.00,'Third Semester','2025/2026',NULL,'2026-04-02 11:49:34','2026-05-30','pending'),(2060,85,18,100.00,0.00,'Third Semester','2025/2026',NULL,'2026-04-02 11:49:34','2026-05-30','pending'),(2061,85,1,700.00,0.00,'Third Semester','2025/2026',NULL,'2026-04-02 11:49:34','2026-05-30','pending'),(2062,85,11,70.00,0.00,'Third Semester','2025/2026',NULL,'2026-04-02 11:49:34','2026-05-30','pending'),(2063,85,9,30.00,0.00,'Third Semester','2025/2026',NULL,'2026-04-02 11:49:34','2026-05-30','pending'),(2065,86,18,100.00,0.00,'Third Semester','2025/2026',NULL,'2026-04-02 11:49:34','2026-05-30','pending'),(2066,86,1,700.00,0.00,'Third Semester','2025/2026',NULL,'2026-04-02 11:49:34','2026-05-30','pending'),(2067,86,11,70.00,0.00,'Third Semester','2025/2026',NULL,'2026-04-02 11:49:34','2026-05-30','pending'),(2068,86,9,30.00,0.00,'Third Semester','2025/2026',NULL,'2026-04-02 11:49:34','2026-05-30','pending'),(2070,90,18,100.00,0.00,'Third Semester','2025/2026',NULL,'2026-04-02 11:49:34','2026-05-30','pending'),(2071,90,1,700.00,0.00,'Third Semester','2025/2026',NULL,'2026-04-02 11:49:34','2026-05-30','pending'),(2072,90,11,70.00,0.00,'Third Semester','2025/2026',NULL,'2026-04-02 11:49:34','2026-05-30','pending'),(2073,90,9,30.00,0.00,'Third Semester','2025/2026',NULL,'2026-04-02 11:49:34','2026-05-30','pending'),(2075,91,18,100.00,0.00,'Third Semester','2025/2026',NULL,'2026-04-02 11:49:34','2026-05-30','pending'),(2076,91,1,700.00,0.00,'Third Semester','2025/2026',NULL,'2026-04-02 11:49:34','2026-05-30','pending'),(2077,91,11,70.00,0.00,'Third Semester','2025/2026',NULL,'2026-04-02 11:49:34','2026-05-30','pending'),(2078,91,9,30.00,0.00,'Third Semester','2025/2026',NULL,'2026-04-02 11:49:34','2026-05-30','pending'),(2079,6,6,100.00,0.00,'Third Semester','2025/2026',NULL,'2026-04-02 11:49:34','2026-05-30','pending'),(2081,6,18,250.00,0.00,'Third Semester','2025/2026',NULL,'2026-04-02 11:49:34','2026-05-30','pending'),(2082,6,1,700.00,0.00,'Third Semester','2025/2026',NULL,'2026-04-02 11:49:34','2026-05-30','pending'),(2083,6,11,70.00,0.00,'Third Semester','2025/2026',NULL,'2026-04-02 11:49:34','2026-05-30','pending'),(2084,6,9,30.00,0.00,'Third Semester','2025/2026',NULL,'2026-04-02 11:49:34','2026-05-30','pending'),(2085,12,6,100.00,0.00,'Third Semester','2025/2026',NULL,'2026-04-02 11:49:34','2026-05-30','pending'),(2087,12,18,250.00,0.00,'Third Semester','2025/2026',NULL,'2026-04-02 11:49:34','2026-05-30','pending'),(2088,12,1,700.00,0.00,'Third Semester','2025/2026',NULL,'2026-04-02 11:49:34','2026-05-30','pending'),(2089,12,11,70.00,0.00,'Third Semester','2025/2026',NULL,'2026-04-02 11:49:34','2026-05-30','pending'),(2090,12,9,30.00,0.00,'Third Semester','2025/2026',NULL,'2026-04-02 11:49:34','2026-05-30','pending'),(2091,22,6,100.00,0.00,'Third Semester','2025/2026',NULL,'2026-04-02 11:49:34','2026-05-30','pending'),(2093,22,18,250.00,0.00,'Third Semester','2025/2026',NULL,'2026-04-02 11:49:34','2026-05-30','pending'),(2094,22,1,700.00,0.00,'Third Semester','2025/2026',NULL,'2026-04-02 11:49:34','2026-05-30','pending'),(2095,22,11,70.00,0.00,'Third Semester','2025/2026',NULL,'2026-04-02 11:49:34','2026-05-30','pending'),(2096,22,9,30.00,0.00,'Third Semester','2025/2026',NULL,'2026-04-02 11:49:34','2026-05-30','pending'),(2097,27,6,100.00,0.00,'Third Semester','2025/2026',NULL,'2026-04-02 11:49:34','2026-05-30','pending'),(2099,27,18,250.00,0.00,'Third Semester','2025/2026',NULL,'2026-04-02 11:49:34','2026-05-30','pending'),(2100,27,1,700.00,0.00,'Third Semester','2025/2026',NULL,'2026-04-02 11:49:34','2026-05-30','pending'),(2101,27,11,70.00,0.00,'Third Semester','2025/2026',NULL,'2026-04-02 11:49:34','2026-05-30','pending'),(2102,27,9,30.00,0.00,'Third Semester','2025/2026',NULL,'2026-04-02 11:49:34','2026-05-30','pending'),(2103,113,6,100.00,0.00,'Third Semester','2025/2026',NULL,'2026-04-02 11:49:34','2026-05-30','pending'),(2105,113,18,250.00,0.00,'Third Semester','2025/2026',NULL,'2026-04-02 11:49:34','2026-05-30','pending'),(2106,113,1,700.00,0.00,'Third Semester','2025/2026',NULL,'2026-04-02 11:49:34','2026-05-30','pending'),(2107,113,11,70.00,0.00,'Third Semester','2025/2026',NULL,'2026-04-02 11:49:34','2026-05-30','pending'),(2108,113,9,30.00,0.00,'Third Semester','2025/2026',NULL,'2026-04-02 11:49:34','2026-05-30','pending'),(2109,50,6,100.00,0.00,'Third Semester','2025/2026',NULL,'2026-04-02 11:49:34','2026-05-30','pending'),(2111,50,18,250.00,0.00,'Third Semester','2025/2026',NULL,'2026-04-02 11:49:34','2026-05-30','pending'),(2112,50,1,700.00,0.00,'Third Semester','2025/2026',NULL,'2026-04-02 11:49:34','2026-05-30','pending'),(2113,50,11,70.00,0.00,'Third Semester','2025/2026',NULL,'2026-04-02 11:49:34','2026-05-30','pending'),(2114,50,9,30.00,0.00,'Third Semester','2025/2026',NULL,'2026-04-02 11:49:34','2026-05-30','pending'),(2115,53,6,100.00,0.00,'Third Semester','2025/2026',NULL,'2026-04-02 11:49:34','2026-05-30','pending'),(2117,53,18,250.00,0.00,'Third Semester','2025/2026',NULL,'2026-04-02 11:49:34','2026-05-30','pending'),(2118,53,1,700.00,0.00,'Third Semester','2025/2026',NULL,'2026-04-02 11:49:34','2026-05-30','pending'),(2119,53,11,70.00,0.00,'Third Semester','2025/2026',NULL,'2026-04-02 11:49:34','2026-05-30','pending'),(2120,53,9,30.00,0.00,'Third Semester','2025/2026',NULL,'2026-04-02 11:49:34','2026-05-30','pending'),(2121,55,6,100.00,0.00,'Third Semester','2025/2026',NULL,'2026-04-02 11:49:34','2026-05-30','pending'),(2123,55,18,250.00,0.00,'Third Semester','2025/2026',NULL,'2026-04-02 11:49:34','2026-05-30','pending'),(2124,55,1,700.00,0.00,'Third Semester','2025/2026',NULL,'2026-04-02 11:49:34','2026-05-30','pending'),(2125,55,11,70.00,0.00,'Third Semester','2025/2026',NULL,'2026-04-02 11:49:34','2026-05-30','pending'),(2126,55,9,30.00,0.00,'Third Semester','2025/2026',NULL,'2026-04-02 11:49:34','2026-05-30','pending'),(2127,57,6,100.00,0.00,'Third Semester','2025/2026',NULL,'2026-04-02 11:49:34','2026-05-30','pending'),(2129,57,18,250.00,0.00,'Third Semester','2025/2026',NULL,'2026-04-02 11:49:34','2026-05-30','pending'),(2130,57,1,700.00,0.00,'Third Semester','2025/2026',NULL,'2026-04-02 11:49:34','2026-05-30','pending'),(2131,57,11,70.00,0.00,'Third Semester','2025/2026',NULL,'2026-04-02 11:49:34','2026-05-30','pending'),(2132,57,9,30.00,0.00,'Third Semester','2025/2026',NULL,'2026-04-02 11:49:34','2026-05-30','pending'),(2133,61,6,100.00,0.00,'Third Semester','2025/2026',NULL,'2026-04-02 11:49:34','2026-05-30','pending'),(2135,61,18,250.00,0.00,'Third Semester','2025/2026',NULL,'2026-04-02 11:49:34','2026-05-30','pending'),(2136,61,1,700.00,0.00,'Third Semester','2025/2026',NULL,'2026-04-02 11:49:34','2026-05-30','pending'),(2137,61,11,70.00,0.00,'Third Semester','2025/2026',NULL,'2026-04-02 11:49:34','2026-05-30','pending'),(2138,61,9,30.00,0.00,'Third Semester','2025/2026',NULL,'2026-04-02 11:49:34','2026-05-30','pending'),(2139,63,6,100.00,0.00,'Third Semester','2025/2026',NULL,'2026-04-02 11:49:34','2026-05-30','pending'),(2141,63,18,250.00,0.00,'Third Semester','2025/2026',NULL,'2026-04-02 11:49:34','2026-05-30','pending'),(2142,63,1,700.00,0.00,'Third Semester','2025/2026',NULL,'2026-04-02 11:49:34','2026-05-30','pending'),(2143,63,11,70.00,0.00,'Third Semester','2025/2026',NULL,'2026-04-02 11:49:34','2026-05-30','pending'),(2144,63,9,30.00,0.00,'Third Semester','2025/2026',NULL,'2026-04-02 11:49:34','2026-05-30','pending'),(2145,67,6,100.00,0.00,'Third Semester','2025/2026',NULL,'2026-04-02 11:49:34','2026-05-30','pending'),(2147,67,18,250.00,0.00,'Third Semester','2025/2026',NULL,'2026-04-02 11:49:34','2026-05-30','pending'),(2148,67,1,700.00,0.00,'Third Semester','2025/2026',NULL,'2026-04-02 11:49:34','2026-05-30','pending'),(2149,67,11,70.00,0.00,'Third Semester','2025/2026',NULL,'2026-04-02 11:49:34','2026-05-30','pending'),(2150,67,9,30.00,0.00,'Third Semester','2025/2026',NULL,'2026-04-02 11:49:34','2026-05-30','pending'),(2151,88,6,100.00,0.00,'Third Semester','2025/2026',NULL,'2026-04-02 11:49:34','2026-05-30','pending'),(2153,88,18,250.00,0.00,'Third Semester','2025/2026',NULL,'2026-04-02 11:49:34','2026-05-30','pending'),(2154,88,1,700.00,0.00,'Third Semester','2025/2026',NULL,'2026-04-02 11:49:34','2026-05-30','pending'),(2155,88,11,70.00,0.00,'Third Semester','2025/2026',NULL,'2026-04-02 11:49:34','2026-05-30','pending'),(2156,88,9,30.00,0.00,'Third Semester','2025/2026',NULL,'2026-04-02 11:49:34','2026-05-30','pending'),(2157,89,6,100.00,0.00,'Third Semester','2025/2026',NULL,'2026-04-02 11:49:34','2026-05-30','pending'),(2159,89,18,250.00,0.00,'Third Semester','2025/2026',NULL,'2026-04-02 11:49:34','2026-05-30','pending'),(2160,89,1,700.00,0.00,'Third Semester','2025/2026',NULL,'2026-04-02 11:49:34','2026-05-30','pending'),(2161,89,11,70.00,0.00,'Third Semester','2025/2026',NULL,'2026-04-02 11:49:34','2026-05-30','pending'),(2162,89,9,30.00,0.00,'Third Semester','2025/2026',NULL,'2026-04-02 11:49:34','2026-05-30','pending'),(2163,109,6,100.00,0.00,'Third Semester','2025/2026',NULL,'2026-04-02 11:49:34','2026-05-30','pending'),(2165,109,18,250.00,0.00,'Third Semester','2025/2026',NULL,'2026-04-02 11:49:34','2026-05-30','pending'),(2166,109,1,700.00,0.00,'Third Semester','2025/2026',NULL,'2026-04-02 11:49:34','2026-05-30','pending'),(2167,109,11,70.00,0.00,'Third Semester','2025/2026',NULL,'2026-04-02 11:49:34','2026-05-30','pending'),(2168,109,9,30.00,0.00,'Third Semester','2025/2026',NULL,'2026-04-02 11:49:34','2026-05-30','pending'),(2170,104,18,100.00,0.00,'Third Semester','2025/2026',NULL,'2026-04-02 11:49:34','2026-05-30','pending'),(2171,104,1,700.00,0.00,'Third Semester','2025/2026',NULL,'2026-04-02 11:49:34','2026-05-30','pending'),(2172,104,11,70.00,0.00,'Third Semester','2025/2026',NULL,'2026-04-02 11:49:34','2026-05-30','pending'),(2173,104,9,30.00,0.00,'Third Semester','2025/2026',NULL,'2026-04-02 11:49:34','2026-05-30','pending'),(2175,122,18,100.00,0.00,'Third Semester','2025/2026',NULL,'2026-04-02 11:49:34','2026-05-30','pending'),(2176,122,1,700.00,0.00,'Third Semester','2025/2026',NULL,'2026-04-02 11:49:34','2026-05-30','pending'),(2177,122,11,70.00,0.00,'Third Semester','2025/2026',NULL,'2026-04-02 11:49:34','2026-05-30','pending'),(2178,122,9,30.00,0.00,'Third Semester','2025/2026',NULL,'2026-04-02 11:49:34','2026-05-30','pending'),(2180,118,18,100.00,0.00,'Third Semester','2025/2026',NULL,'2026-04-02 11:49:34','2026-05-30','pending'),(2181,118,1,700.00,0.00,'Third Semester','2025/2026',NULL,'2026-04-02 11:49:34','2026-05-30','pending'),(2182,118,11,70.00,0.00,'Third Semester','2025/2026',NULL,'2026-04-02 11:49:34','2026-05-30','pending'),(2183,118,9,30.00,0.00,'Third Semester','2025/2026',NULL,'2026-04-02 11:49:34','2026-05-30','pending'),(2185,32,18,100.00,0.00,'Third Semester','2025/2026',NULL,'2026-04-02 11:49:34','2026-05-30','pending'),(2186,32,1,700.00,0.00,'Third Semester','2025/2026',NULL,'2026-04-02 11:49:34','2026-05-30','pending'),(2187,32,11,70.00,0.00,'Third Semester','2025/2026',NULL,'2026-04-02 11:49:34','2026-05-30','pending'),(2188,32,9,30.00,0.00,'Third Semester','2025/2026',NULL,'2026-04-02 11:49:34','2026-05-30','pending'),(2190,46,18,100.00,0.00,'Third Semester','2025/2026',NULL,'2026-04-02 11:49:34','2026-05-30','pending'),(2191,46,1,700.00,0.00,'Third Semester','2025/2026',NULL,'2026-04-02 11:49:34','2026-05-30','pending'),(2192,46,11,70.00,0.00,'Third Semester','2025/2026',NULL,'2026-04-02 11:49:34','2026-05-30','pending'),(2193,46,9,30.00,0.00,'Third Semester','2025/2026',NULL,'2026-04-02 11:49:34','2026-05-30','pending'),(2195,65,18,100.00,0.00,'Third Semester','2025/2026',NULL,'2026-04-02 11:49:34','2026-05-30','pending'),(2196,65,1,700.00,0.00,'Third Semester','2025/2026',NULL,'2026-04-02 11:49:34','2026-05-30','pending'),(2197,65,11,70.00,0.00,'Third Semester','2025/2026',NULL,'2026-04-02 11:49:34','2026-05-30','pending'),(2198,65,9,30.00,0.00,'Third Semester','2025/2026',NULL,'2026-04-02 11:49:34','2026-05-30','pending'),(2200,131,18,100.00,0.00,'Third Semester','2025/2026',NULL,'2026-04-02 11:49:34','2026-05-30','pending'),(2201,131,1,700.00,0.00,'Third Semester','2025/2026',NULL,'2026-04-02 11:49:34','2026-05-30','pending'),(2202,131,11,70.00,0.00,'Third Semester','2025/2026',NULL,'2026-04-02 11:49:34','2026-05-30','pending'),(2203,131,9,30.00,0.00,'Third Semester','2025/2026',NULL,'2026-04-02 11:49:34','2026-05-30','pending'),(2205,71,18,100.00,0.00,'Third Semester','2025/2026',NULL,'2026-04-02 11:49:34','2026-05-30','pending'),(2206,71,1,700.00,0.00,'Third Semester','2025/2026',NULL,'2026-04-02 11:49:34','2026-05-30','pending'),(2207,71,11,70.00,0.00,'Third Semester','2025/2026',NULL,'2026-04-02 11:49:34','2026-05-30','pending'),(2208,71,9,30.00,0.00,'Third Semester','2025/2026',NULL,'2026-04-02 11:49:34','2026-05-30','pending'),(2210,75,18,100.00,0.00,'Third Semester','2025/2026',NULL,'2026-04-02 11:49:34','2026-05-30','pending'),(2211,75,1,700.00,0.00,'Third Semester','2025/2026',NULL,'2026-04-02 11:49:34','2026-05-30','pending'),(2212,75,11,70.00,0.00,'Third Semester','2025/2026',NULL,'2026-04-02 11:49:34','2026-05-30','pending'),(2213,75,9,30.00,0.00,'Third Semester','2025/2026',NULL,'2026-04-02 11:49:34','2026-05-30','pending'),(2215,126,18,100.00,0.00,'Third Semester','2025/2026',NULL,'2026-04-02 11:49:34','2026-05-30','pending'),(2216,126,1,700.00,0.00,'Third Semester','2025/2026',NULL,'2026-04-02 11:49:34','2026-05-30','pending'),(2217,126,11,70.00,0.00,'Third Semester','2025/2026',NULL,'2026-04-02 11:49:34','2026-05-30','pending'),(2218,126,9,30.00,0.00,'Third Semester','2025/2026',NULL,'2026-04-02 11:49:34','2026-05-30','pending'),(2220,93,18,100.00,0.00,'Third Semester','2025/2026',NULL,'2026-04-02 11:49:34','2026-05-30','pending'),(2221,93,1,700.00,0.00,'Third Semester','2025/2026',NULL,'2026-04-02 11:49:34','2026-05-30','pending'),(2222,93,11,70.00,0.00,'Third Semester','2025/2026',NULL,'2026-04-02 11:49:34','2026-05-30','pending'),(2223,93,9,30.00,0.00,'Third Semester','2025/2026',NULL,'2026-04-02 11:49:34','2026-05-30','pending'),(2225,97,18,100.00,0.00,'Third Semester','2025/2026',NULL,'2026-04-02 11:49:34','2026-05-30','pending'),(2226,97,1,700.00,0.00,'Third Semester','2025/2026',NULL,'2026-04-02 11:49:34','2026-05-30','pending'),(2227,97,11,70.00,0.00,'Third Semester','2025/2026',NULL,'2026-04-02 11:49:34','2026-05-30','pending'),(2228,97,9,30.00,0.00,'Third Semester','2025/2026',NULL,'2026-04-02 11:49:34','2026-05-30','pending'),(2230,7,18,250.00,0.00,'Third Semester','2025/2026',NULL,'2026-04-02 11:49:34','2026-05-30','pending'),(2231,7,1,700.00,0.00,'Third Semester','2025/2026',NULL,'2026-04-02 11:49:34','2026-05-30','pending'),(2232,7,11,70.00,0.00,'Third Semester','2025/2026',NULL,'2026-04-02 11:49:34','2026-05-30','pending'),(2233,7,9,30.00,0.00,'Third Semester','2025/2026',NULL,'2026-04-02 11:49:34','2026-05-30','pending'),(2235,19,18,250.00,0.00,'Third Semester','2025/2026',NULL,'2026-04-02 11:49:34','2026-05-30','pending'),(2236,19,1,700.00,0.00,'Third Semester','2025/2026',NULL,'2026-04-02 11:49:34','2026-05-30','pending'),(2237,19,11,70.00,0.00,'Third Semester','2025/2026',NULL,'2026-04-02 11:49:34','2026-05-30','pending'),(2238,19,9,30.00,0.00,'Third Semester','2025/2026',NULL,'2026-04-02 11:49:34','2026-05-30','pending'),(2240,29,18,250.00,0.00,'Third Semester','2025/2026',NULL,'2026-04-02 11:49:34','2026-05-30','pending'),(2241,29,1,700.00,0.00,'Third Semester','2025/2026',NULL,'2026-04-02 11:49:34','2026-05-30','pending'),(2242,29,11,70.00,0.00,'Third Semester','2025/2026',NULL,'2026-04-02 11:49:34','2026-05-30','pending'),(2243,29,9,30.00,0.00,'Third Semester','2025/2026',NULL,'2026-04-02 11:49:34','2026-05-30','pending'),(2245,119,18,250.00,0.00,'Third Semester','2025/2026',NULL,'2026-04-02 11:49:34','2026-05-30','pending'),(2246,119,1,700.00,0.00,'Third Semester','2025/2026',NULL,'2026-04-02 11:49:34','2026-05-30','pending'),(2247,119,11,70.00,0.00,'Third Semester','2025/2026',NULL,'2026-04-02 11:49:34','2026-05-30','pending'),(2248,119,9,30.00,0.00,'Third Semester','2025/2026',NULL,'2026-04-02 11:49:34','2026-05-30','pending'),(2250,40,18,250.00,0.00,'Third Semester','2025/2026',NULL,'2026-04-02 11:49:34','2026-05-30','pending'),(2251,40,1,700.00,0.00,'Third Semester','2025/2026',NULL,'2026-04-02 11:49:34','2026-05-30','pending'),(2252,40,11,70.00,0.00,'Third Semester','2025/2026',NULL,'2026-04-02 11:49:34','2026-05-30','pending'),(2253,40,9,30.00,0.00,'Third Semester','2025/2026',NULL,'2026-04-02 11:49:34','2026-05-30','pending'),(2255,42,18,250.00,0.00,'Third Semester','2025/2026',NULL,'2026-04-02 11:49:34','2026-05-30','pending'),(2256,42,1,700.00,0.00,'Third Semester','2025/2026',NULL,'2026-04-02 11:49:34','2026-05-30','pending'),(2257,42,11,70.00,0.00,'Third Semester','2025/2026',NULL,'2026-04-02 11:49:34','2026-05-30','pending'),(2258,42,9,30.00,0.00,'Third Semester','2025/2026',NULL,'2026-04-02 11:49:34','2026-05-30','pending'),(2260,51,18,250.00,0.00,'Third Semester','2025/2026',NULL,'2026-04-02 11:49:34','2026-05-30','pending'),(2261,51,1,700.00,0.00,'Third Semester','2025/2026',NULL,'2026-04-02 11:49:34','2026-05-30','pending'),(2262,51,11,70.00,0.00,'Third Semester','2025/2026',NULL,'2026-04-02 11:49:34','2026-05-30','pending'),(2263,51,9,30.00,0.00,'Third Semester','2025/2026',NULL,'2026-04-02 11:49:34','2026-05-30','pending'),(2265,64,18,250.00,0.00,'Third Semester','2025/2026',NULL,'2026-04-02 11:49:34','2026-05-30','pending'),(2266,64,1,700.00,0.00,'Third Semester','2025/2026',NULL,'2026-04-02 11:49:34','2026-05-30','pending'),(2267,64,11,70.00,0.00,'Third Semester','2025/2026',NULL,'2026-04-02 11:49:34','2026-05-30','pending'),(2268,64,9,30.00,0.00,'Third Semester','2025/2026',NULL,'2026-04-02 11:49:34','2026-05-30','pending'),(2270,80,18,250.00,0.00,'Third Semester','2025/2026',NULL,'2026-04-02 11:49:34','2026-05-30','pending'),(2271,80,1,700.00,0.00,'Third Semester','2025/2026',NULL,'2026-04-02 11:49:34','2026-05-30','pending'),(2272,80,11,70.00,0.00,'Third Semester','2025/2026',NULL,'2026-04-02 11:49:34','2026-05-30','pending'),(2273,80,9,30.00,0.00,'Third Semester','2025/2026',NULL,'2026-04-02 11:49:34','2026-05-30','pending'),(2275,102,18,250.00,0.00,'Third Semester','2025/2026',NULL,'2026-04-02 11:49:34','2026-05-30','pending'),(2276,102,1,700.00,0.00,'Third Semester','2025/2026',NULL,'2026-04-02 11:49:34','2026-05-30','pending'),(2277,102,11,70.00,0.00,'Third Semester','2025/2026',NULL,'2026-04-02 11:49:34','2026-05-30','pending'),(2278,102,9,30.00,0.00,'Third Semester','2025/2026',NULL,'2026-04-02 11:49:34','2026-05-30','pending'),(2279,2,8,30.00,0.00,'Third Semester','2025/2026',NULL,'2026-04-02 11:50:37','2026-05-30','pending'),(2280,110,8,30.00,0.00,'Third Semester','2025/2026',NULL,'2026-04-02 11:50:37','2026-05-30','pending'),(2281,13,8,30.00,0.00,'Third Semester','2025/2026',NULL,'2026-04-02 11:50:37','2026-05-30','pending'),(2282,23,8,30.00,0.00,'Third Semester','2025/2026',NULL,'2026-04-02 11:50:37','2026-05-30','pending'),(2283,36,8,30.00,0.00,'Third Semester','2025/2026',NULL,'2026-04-02 11:50:37','2026-05-30','pending'),(2284,56,8,30.00,0.00,'Third Semester','2025/2026',NULL,'2026-04-02 11:50:37','2026-05-30','pending'),(2285,73,8,30.00,0.00,'Third Semester','2025/2026',NULL,'2026-04-02 11:50:37','2026-05-30','pending'),(2286,76,8,30.00,0.00,'Third Semester','2025/2026',NULL,'2026-04-02 11:50:37','2026-05-30','pending'),(2287,81,8,30.00,0.00,'Third Semester','2025/2026',NULL,'2026-04-02 11:50:37','2026-05-30','pending'),(2288,84,8,30.00,0.00,'Third Semester','2025/2026',NULL,'2026-04-02 11:50:37','2026-05-30','pending'),(2289,9,8,30.00,0.00,'Third Semester','2025/2026',NULL,'2026-04-02 11:50:37','2026-05-30','pending'),(2290,15,8,30.00,0.00,'Third Semester','2025/2026',NULL,'2026-04-02 11:50:37','2026-05-30','pending'),(2291,21,8,30.00,0.00,'Third Semester','2025/2026',NULL,'2026-04-02 11:50:37','2026-05-30','pending'),(2292,24,8,30.00,0.00,'Third Semester','2025/2026',NULL,'2026-04-02 11:50:37','2026-05-30','pending'),(2293,120,8,30.00,0.00,'Third Semester','2025/2026',NULL,'2026-04-02 11:50:37','2026-05-30','pending'),(2294,38,8,30.00,0.00,'Third Semester','2025/2026',NULL,'2026-04-02 11:50:37','2026-05-30','pending'),(2295,47,8,30.00,0.00,'Third Semester','2025/2026',NULL,'2026-04-02 11:50:37','2026-05-30','pending'),(2296,52,8,30.00,0.00,'Third Semester','2025/2026',NULL,'2026-04-02 11:50:37','2026-05-30','pending'),(2297,54,8,30.00,0.00,'Third Semester','2025/2026',NULL,'2026-04-02 11:50:37','2026-05-30','pending'),(2298,108,8,30.00,0.00,'Third Semester','2025/2026',NULL,'2026-04-02 11:50:37','2026-05-30','pending'),(2299,78,8,30.00,0.00,'Third Semester','2025/2026',NULL,'2026-04-02 11:50:37','2026-05-30','pending'),(2300,11,8,30.00,0.00,'Third Semester','2025/2026',NULL,'2026-04-02 11:50:37','2026-05-30','pending'),(2301,14,8,30.00,0.00,'Third Semester','2025/2026',NULL,'2026-04-02 11:50:37','2026-05-30','pending'),(2302,140,8,30.00,0.00,'Third Semester','2025/2026',NULL,'2026-04-02 11:50:37','2026-05-30','pending'),(2303,1,8,30.00,0.00,'Third Semester','2025/2026',NULL,'2026-04-02 11:50:37','2026-05-30','pending'),(2304,111,8,30.00,0.00,'Third Semester','2025/2026',NULL,'2026-04-02 11:50:37','2026-05-30','pending'),(2305,28,8,30.00,0.00,'Third Semester','2025/2026',NULL,'2026-04-02 11:50:37','2026-05-30','pending'),(2306,34,8,30.00,0.00,'Third Semester','2025/2026',NULL,'2026-04-02 11:50:37','2026-05-30','pending'),(2307,44,8,30.00,0.00,'Third Semester','2025/2026',NULL,'2026-04-02 11:50:37','2026-05-30','pending'),(2308,77,8,30.00,0.00,'Third Semester','2025/2026',NULL,'2026-04-02 11:50:37','2026-05-30','pending'),(2309,92,8,30.00,0.00,'Third Semester','2025/2026',NULL,'2026-04-02 11:50:37','2026-05-30','pending'),(2310,112,8,30.00,0.00,'Third Semester','2025/2026',NULL,'2026-04-02 11:50:37','2026-05-30','pending'),(2311,10,8,30.00,0.00,'Third Semester','2025/2026',NULL,'2026-04-02 11:50:37','2026-05-30','pending'),(2312,41,8,30.00,0.00,'Third Semester','2025/2026',NULL,'2026-04-02 11:50:37','2026-05-30','pending'),(2313,48,8,30.00,0.00,'Third Semester','2025/2026',NULL,'2026-04-02 11:50:37','2026-05-30','pending'),(2314,99,8,30.00,0.00,'Third Semester','2025/2026',NULL,'2026-04-02 11:50:37','2026-05-30','pending'),(2315,3,8,30.00,0.00,'Third Semester','2025/2026',NULL,'2026-04-02 11:50:37','2026-05-30','pending'),(2316,37,8,30.00,0.00,'Third Semester','2025/2026',NULL,'2026-04-02 11:50:37','2026-05-30','pending'),(2317,43,8,30.00,0.00,'Third Semester','2025/2026',NULL,'2026-04-02 11:50:37','2026-05-30','pending'),(2318,58,8,30.00,0.00,'Third Semester','2025/2026',NULL,'2026-04-02 11:50:37','2026-05-30','pending'),(2319,142,8,30.00,0.00,'Third Semester','2025/2026',NULL,'2026-04-02 11:50:37','2026-05-30','pending'),(2320,79,8,30.00,0.00,'Third Semester','2025/2026',NULL,'2026-04-02 11:50:37','2026-05-30','pending'),(2321,117,8,30.00,0.00,'Third Semester','2025/2026',NULL,'2026-04-02 11:50:37','2026-05-30','pending'),(2322,30,8,30.00,0.00,'Third Semester','2025/2026',NULL,'2026-04-02 11:50:37','2026-05-30','pending'),(2323,70,8,30.00,0.00,'Third Semester','2025/2026',NULL,'2026-04-02 11:50:37','2026-05-30','pending'),(2324,100,8,30.00,0.00,'Third Semester','2025/2026',NULL,'2026-04-02 11:50:37','2026-05-30','pending'),(2325,134,8,30.00,0.00,'Third Semester','2025/2026',NULL,'2026-04-02 11:50:37','2026-05-30','pending'),(2326,136,8,30.00,0.00,'Third Semester','2025/2026',NULL,'2026-04-02 11:50:37','2026-05-30','pending'),(2327,114,8,30.00,0.00,'Third Semester','2025/2026',NULL,'2026-04-02 11:50:37','2026-05-30','pending'),(2328,132,8,30.00,0.00,'Third Semester','2025/2026',NULL,'2026-04-02 11:50:37','2026-05-30','pending'),(2329,20,8,30.00,0.00,'Third Semester','2025/2026',NULL,'2026-04-02 11:50:37','2026-05-30','pending'),(2330,129,8,30.00,0.00,'Third Semester','2025/2026',NULL,'2026-04-02 11:50:37','2026-05-30','pending'),(2331,26,8,30.00,0.00,'Third Semester','2025/2026',NULL,'2026-04-02 11:50:37','2026-05-30','pending'),(2332,128,8,30.00,0.00,'Third Semester','2025/2026',NULL,'2026-04-02 11:50:37','2026-05-30','pending'),(2333,39,8,30.00,0.00,'Third Semester','2025/2026',NULL,'2026-04-02 11:50:37','2026-05-30','pending'),(2334,144,8,30.00,0.00,'Third Semester','2025/2026',NULL,'2026-04-02 11:50:37','2026-05-30','pending'),(2335,124,8,30.00,0.00,'Third Semester','2025/2026',NULL,'2026-04-02 11:50:37','2026-05-30','pending'),(2336,62,8,30.00,0.00,'Third Semester','2025/2026',NULL,'2026-04-02 11:50:37','2026-05-30','pending'),(2337,116,8,30.00,0.00,'Third Semester','2025/2026',NULL,'2026-04-02 11:50:37','2026-05-30','pending'),(2338,69,8,30.00,0.00,'Third Semester','2025/2026',NULL,'2026-04-02 11:50:37','2026-05-30','pending'),(2339,141,8,30.00,0.00,'Third Semester','2025/2026',NULL,'2026-04-02 11:50:37','2026-05-30','pending'),(2340,139,8,30.00,0.00,'Third Semester','2025/2026',NULL,'2026-04-02 11:50:37','2026-05-30','pending'),(2341,143,8,30.00,0.00,'Third Semester','2025/2026',NULL,'2026-04-02 11:50:37','2026-05-30','pending'),(2342,133,8,30.00,0.00,'Third Semester','2025/2026',NULL,'2026-04-02 11:50:37','2026-05-30','pending'),(2343,115,8,30.00,0.00,'Third Semester','2025/2026',NULL,'2026-04-02 11:50:37','2026-05-30','pending'),(2344,135,8,30.00,0.00,'Third Semester','2025/2026',NULL,'2026-04-02 11:50:37','2026-05-30','pending'),(2345,106,8,30.00,0.00,'Third Semester','2025/2026',NULL,'2026-04-02 11:50:37','2026-05-30','pending'),(2346,105,8,30.00,0.00,'Third Semester','2025/2026',NULL,'2026-04-02 11:50:37','2026-05-30','pending'),(2347,107,8,30.00,0.00,'Third Semester','2025/2026',NULL,'2026-04-02 11:50:37','2026-05-30','pending'),(2348,5,8,30.00,0.00,'Third Semester','2025/2026',NULL,'2026-04-02 11:50:37','2026-05-30','pending'),(2349,8,8,30.00,0.00,'Third Semester','2025/2026',NULL,'2026-04-02 11:50:37','2026-05-30','pending'),(2350,18,8,30.00,0.00,'Third Semester','2025/2026',NULL,'2026-04-02 11:50:37','2026-05-30','pending'),(2351,25,8,30.00,0.00,'Third Semester','2025/2026',NULL,'2026-04-02 11:50:37','2026-05-30','pending'),(2352,33,8,30.00,0.00,'Third Semester','2025/2026',NULL,'2026-04-02 11:50:37','2026-05-30','pending'),(2353,35,8,30.00,0.00,'Third Semester','2025/2026',NULL,'2026-04-02 11:50:37','2026-05-30','pending'),(2354,121,8,30.00,0.00,'Third Semester','2025/2026',NULL,'2026-04-02 11:50:37','2026-05-30','pending'),(2355,45,8,30.00,0.00,'Third Semester','2025/2026',NULL,'2026-04-02 11:50:37','2026-05-30','pending'),(2356,49,8,30.00,0.00,'Third Semester','2025/2026',NULL,'2026-04-02 11:50:37','2026-05-30','pending'),(2357,59,8,30.00,0.00,'Third Semester','2025/2026',NULL,'2026-04-02 11:50:37','2026-05-30','pending'),(2358,60,8,30.00,0.00,'Third Semester','2025/2026',NULL,'2026-04-02 11:50:37','2026-05-30','pending'),(2359,127,8,30.00,0.00,'Third Semester','2025/2026',NULL,'2026-04-02 11:50:37','2026-05-30','pending'),(2360,130,8,30.00,0.00,'Third Semester','2025/2026',NULL,'2026-04-02 11:50:37','2026-05-30','pending'),(2361,85,8,30.00,0.00,'Third Semester','2025/2026',NULL,'2026-04-02 11:50:37','2026-05-30','pending'),(2362,86,8,30.00,0.00,'Third Semester','2025/2026',NULL,'2026-04-02 11:50:37','2026-05-30','pending'),(2363,90,8,30.00,0.00,'Third Semester','2025/2026',NULL,'2026-04-02 11:50:37','2026-05-30','pending'),(2364,91,8,30.00,0.00,'Third Semester','2025/2026',NULL,'2026-04-02 11:50:37','2026-05-30','pending'),(2365,6,8,30.00,0.00,'Third Semester','2025/2026',NULL,'2026-04-02 11:50:37','2026-05-30','pending'),(2366,12,8,30.00,0.00,'Third Semester','2025/2026',NULL,'2026-04-02 11:50:37','2026-05-30','pending'),(2367,22,8,30.00,0.00,'Third Semester','2025/2026',NULL,'2026-04-02 11:50:37','2026-05-30','pending'),(2368,27,8,30.00,0.00,'Third Semester','2025/2026',NULL,'2026-04-02 11:50:37','2026-05-30','pending'),(2369,113,8,30.00,0.00,'Third Semester','2025/2026',NULL,'2026-04-02 11:50:37','2026-05-30','pending'),(2370,50,8,30.00,0.00,'Third Semester','2025/2026',NULL,'2026-04-02 11:50:37','2026-05-30','pending'),(2371,53,8,30.00,0.00,'Third Semester','2025/2026',NULL,'2026-04-02 11:50:37','2026-05-30','pending'),(2372,55,8,30.00,0.00,'Third Semester','2025/2026',NULL,'2026-04-02 11:50:37','2026-05-30','pending'),(2373,57,8,30.00,0.00,'Third Semester','2025/2026',NULL,'2026-04-02 11:50:37','2026-05-30','pending'),(2374,61,8,30.00,0.00,'Third Semester','2025/2026',NULL,'2026-04-02 11:50:37','2026-05-30','pending'),(2375,63,8,30.00,0.00,'Third Semester','2025/2026',NULL,'2026-04-02 11:50:37','2026-05-30','pending'),(2376,67,8,30.00,0.00,'Third Semester','2025/2026',NULL,'2026-04-02 11:50:37','2026-05-30','pending'),(2377,88,8,30.00,0.00,'Third Semester','2025/2026',NULL,'2026-04-02 11:50:37','2026-05-30','pending'),(2378,89,8,30.00,0.00,'Third Semester','2025/2026',NULL,'2026-04-02 11:50:37','2026-05-30','pending'),(2379,109,8,30.00,0.00,'Third Semester','2025/2026',NULL,'2026-04-02 11:50:37','2026-05-30','pending'),(2380,104,8,30.00,0.00,'Third Semester','2025/2026',NULL,'2026-04-02 11:50:37','2026-05-30','pending'),(2381,122,8,30.00,0.00,'Third Semester','2025/2026',NULL,'2026-04-02 11:50:37','2026-05-30','pending'),(2382,118,8,30.00,0.00,'Third Semester','2025/2026',NULL,'2026-04-02 11:50:37','2026-05-30','pending'),(2383,32,8,30.00,0.00,'Third Semester','2025/2026',NULL,'2026-04-02 11:50:37','2026-05-30','pending'),(2384,46,8,30.00,0.00,'Third Semester','2025/2026',NULL,'2026-04-02 11:50:37','2026-05-30','pending'),(2385,65,8,30.00,0.00,'Third Semester','2025/2026',NULL,'2026-04-02 11:50:37','2026-05-30','pending'),(2386,131,8,30.00,0.00,'Third Semester','2025/2026',NULL,'2026-04-02 11:50:37','2026-05-30','pending'),(2387,71,8,30.00,0.00,'Third Semester','2025/2026',NULL,'2026-04-02 11:50:37','2026-05-30','pending'),(2388,75,8,30.00,0.00,'Third Semester','2025/2026',NULL,'2026-04-02 11:50:37','2026-05-30','pending'),(2389,126,8,30.00,0.00,'Third Semester','2025/2026',NULL,'2026-04-02 11:50:37','2026-05-30','pending'),(2390,93,8,30.00,0.00,'Third Semester','2025/2026',NULL,'2026-04-02 11:50:37','2026-05-30','pending'),(2391,97,8,30.00,0.00,'Third Semester','2025/2026',NULL,'2026-04-02 11:50:37','2026-05-30','pending'),(2392,7,8,30.00,0.00,'Third Semester','2025/2026',NULL,'2026-04-02 11:50:37','2026-05-30','pending'),(2393,19,8,30.00,0.00,'Third Semester','2025/2026',NULL,'2026-04-02 11:50:37','2026-05-30','pending'),(2394,29,8,30.00,0.00,'Third Semester','2025/2026',NULL,'2026-04-02 11:50:37','2026-05-30','pending'),(2395,119,8,30.00,0.00,'Third Semester','2025/2026',NULL,'2026-04-02 11:50:37','2026-05-30','pending'),(2396,40,8,30.00,0.00,'Third Semester','2025/2026',NULL,'2026-04-02 11:50:37','2026-05-30','pending'),(2397,42,8,30.00,0.00,'Third Semester','2025/2026',NULL,'2026-04-02 11:50:37','2026-05-30','pending'),(2398,51,8,30.00,0.00,'Third Semester','2025/2026',NULL,'2026-04-02 11:50:37','2026-05-30','pending'),(2399,64,8,30.00,0.00,'Third Semester','2025/2026',NULL,'2026-04-02 11:50:37','2026-05-30','pending'),(2400,80,8,30.00,0.00,'Third Semester','2025/2026',NULL,'2026-04-02 11:50:37','2026-05-30','pending'),(2401,102,8,30.00,0.00,'Third Semester','2025/2026',NULL,'2026-04-02 11:50:37','2026-05-30','pending'),(2402,2,2,1065.00,0.00,'Third Semester','2025/2026',NULL,'2026-04-04 07:56:43','2026-05-31','pending'),(2403,110,2,1065.00,0.00,'Third Semester','2025/2026',NULL,'2026-04-04 07:56:43','2026-05-31','pending'),(2404,13,2,1065.00,0.00,'Third Semester','2025/2026',NULL,'2026-04-04 07:56:43','2026-05-31','pending'),(2405,23,2,1065.00,0.00,'Third Semester','2025/2026',NULL,'2026-04-04 07:56:43','2026-05-31','pending'),(2406,36,2,1065.00,0.00,'Third Semester','2025/2026',NULL,'2026-04-04 07:56:43','2026-05-31','pending'),(2407,56,2,1065.00,0.00,'Third Semester','2025/2026',NULL,'2026-04-04 07:56:43','2026-05-31','pending'),(2408,73,2,1065.00,0.00,'Third Semester','2025/2026',NULL,'2026-04-04 07:56:43','2026-05-31','pending'),(2409,76,2,1065.00,0.00,'Third Semester','2025/2026',NULL,'2026-04-04 07:56:43','2026-05-31','pending'),(2410,81,2,1065.00,0.00,'Third Semester','2025/2026',NULL,'2026-04-04 07:56:43','2026-05-31','pending'),(2411,84,2,1065.00,0.00,'Third Semester','2025/2026',NULL,'2026-04-04 07:56:43','2026-05-31','pending'),(2412,9,2,1065.00,0.00,'Third Semester','2025/2026',NULL,'2026-04-04 07:56:43','2026-05-31','pending'),(2413,15,2,1065.00,0.00,'Third Semester','2025/2026',NULL,'2026-04-04 07:56:43','2026-05-31','pending'),(2414,21,2,1065.00,0.00,'Third Semester','2025/2026',NULL,'2026-04-04 07:56:43','2026-05-31','pending'),(2415,24,2,1065.00,0.00,'Third Semester','2025/2026',NULL,'2026-04-04 07:56:43','2026-05-31','pending'),(2416,120,2,1065.00,0.00,'Third Semester','2025/2026',NULL,'2026-04-04 07:56:43','2026-05-31','pending'),(2417,38,2,1065.00,0.00,'Third Semester','2025/2026',NULL,'2026-04-04 07:56:43','2026-05-31','pending'),(2418,47,2,1065.00,0.00,'Third Semester','2025/2026',NULL,'2026-04-04 07:56:43','2026-05-31','pending'),(2419,52,2,1065.00,0.00,'Third Semester','2025/2026',NULL,'2026-04-04 07:56:43','2026-05-31','pending'),(2420,54,2,1065.00,0.00,'Third Semester','2025/2026',NULL,'2026-04-04 07:56:43','2026-05-31','pending'),(2421,108,2,1065.00,0.00,'Third Semester','2025/2026',NULL,'2026-04-04 07:56:43','2026-05-31','pending'),(2422,78,2,1065.00,0.00,'Third Semester','2025/2026',NULL,'2026-04-04 07:56:43','2026-05-31','pending'),(2423,11,2,1065.00,0.00,'Third Semester','2025/2026',NULL,'2026-04-04 07:56:43','2026-05-31','pending'),(2424,14,2,1065.00,0.00,'Third Semester','2025/2026',NULL,'2026-04-04 07:56:43','2026-05-31','pending'),(2425,140,2,1065.00,0.00,'Third Semester','2025/2026',NULL,'2026-04-04 07:56:43','2026-05-31','pending'),(2426,1,2,1065.00,0.00,'Third Semester','2025/2026',NULL,'2026-04-04 07:56:43','2026-05-31','pending'),(2427,111,2,1065.00,0.00,'Third Semester','2025/2026',NULL,'2026-04-04 07:56:43','2026-05-31','pending'),(2428,28,2,1065.00,0.00,'Third Semester','2025/2026',NULL,'2026-04-04 07:56:43','2026-05-31','pending'),(2429,34,2,1065.00,0.00,'Third Semester','2025/2026',NULL,'2026-04-04 07:56:43','2026-05-31','pending'),(2430,44,2,1065.00,0.00,'Third Semester','2025/2026',NULL,'2026-04-04 07:56:43','2026-05-31','pending'),(2431,77,2,1065.00,0.00,'Third Semester','2025/2026',NULL,'2026-04-04 07:56:43','2026-05-31','pending'),(2432,92,2,1065.00,0.00,'Third Semester','2025/2026',NULL,'2026-04-04 07:56:43','2026-05-31','pending'),(2433,112,2,1065.00,0.00,'Third Semester','2025/2026',NULL,'2026-04-04 07:56:43','2026-05-31','pending'),(2434,10,2,1065.00,0.00,'Third Semester','2025/2026',NULL,'2026-04-04 07:56:43','2026-05-31','pending'),(2435,41,2,1065.00,0.00,'Third Semester','2025/2026',NULL,'2026-04-04 07:56:43','2026-05-31','pending'),(2436,48,2,1065.00,0.00,'Third Semester','2025/2026',NULL,'2026-04-04 07:56:43','2026-05-31','pending'),(2437,99,2,532.50,0.00,'Third Semester','2025/2026','','2026-04-04 07:56:43','2026-05-31','pending'),(2438,3,2,1065.00,0.00,'Third Semester','2025/2026',NULL,'2026-04-04 07:56:43','2026-05-31','pending'),(2439,37,2,1065.00,0.00,'Third Semester','2025/2026',NULL,'2026-04-04 07:56:43','2026-05-31','pending'),(2440,43,2,1065.00,0.00,'Third Semester','2025/2026',NULL,'2026-04-04 07:56:43','2026-05-31','pending'),(2441,58,2,1065.00,0.00,'Third Semester','2025/2026',NULL,'2026-04-04 07:56:43','2026-05-31','pending'),(2442,142,2,1065.00,0.00,'Third Semester','2025/2026',NULL,'2026-04-04 07:56:43','2026-05-31','pending'),(2443,79,2,1065.00,0.00,'Third Semester','2025/2026',NULL,'2026-04-04 07:56:43','2026-05-31','pending'),(2444,117,2,1065.00,0.00,'Third Semester','2025/2026',NULL,'2026-04-04 07:56:43','2026-05-31','pending'),(2445,30,2,1065.00,0.00,'Third Semester','2025/2026',NULL,'2026-04-04 07:56:43','2026-05-31','pending'),(2446,70,2,1065.00,0.00,'Third Semester','2025/2026',NULL,'2026-04-04 07:56:43','2026-05-31','pending'),(2447,100,2,532.50,0.00,'Third Semester','2025/2026','','2026-04-04 07:56:43','2026-05-31','pending'),(2448,134,2,923.00,0.00,'Third Semester','2025/2026',NULL,'2026-04-04 07:56:43','2026-05-31','pending'),(2450,114,2,923.00,0.00,'Third Semester','2025/2026',NULL,'2026-04-04 07:56:43','2026-05-31','pending'),(2451,132,2,923.00,0.00,'Third Semester','2025/2026',NULL,'2026-04-04 07:56:43','2026-05-31','pending'),(2452,20,2,923.00,0.00,'Third Semester','2025/2026',NULL,'2026-04-04 07:56:43','2026-05-31','pending'),(2454,26,2,923.00,0.00,'Third Semester','2025/2026',NULL,'2026-04-04 07:56:43','2026-05-31','pending'),(2455,128,2,923.00,0.00,'Third Semester','2025/2026',NULL,'2026-04-04 07:56:43','2026-05-31','pending'),(2456,39,2,923.00,0.00,'Third Semester','2025/2026',NULL,'2026-04-04 07:56:43','2026-05-31','pending'),(2457,144,2,923.00,0.00,'Third Semester','2025/2026',NULL,'2026-04-04 07:56:43','2026-05-31','pending'),(2458,124,2,923.00,0.00,'Third Semester','2025/2026',NULL,'2026-04-04 07:56:43','2026-05-31','pending'),(2459,62,2,923.00,0.00,'Third Semester','2025/2026',NULL,'2026-04-04 07:56:43','2026-05-31','pending'),(2460,116,2,923.00,0.00,'Third Semester','2025/2026',NULL,'2026-04-04 07:56:43','2026-05-31','pending'),(2461,69,2,923.00,0.00,'Third Semester','2025/2026',NULL,'2026-04-04 07:56:43','2026-05-31','pending'),(2462,141,2,923.00,0.00,'Third Semester','2025/2026',NULL,'2026-04-04 07:56:43','2026-05-31','pending'),(2463,139,2,923.00,0.00,'Third Semester','2025/2026',NULL,'2026-04-04 07:56:43','2026-05-31','pending'),(2464,143,2,923.00,0.00,'Third Semester','2025/2026',NULL,'2026-04-04 07:56:43','2026-05-31','pending'),(2465,133,2,923.00,0.00,'Third Semester','2025/2026',NULL,'2026-04-04 07:56:43','2026-05-31','pending'),(2467,135,2,923.00,0.00,'Third Semester','2025/2026',NULL,'2026-04-04 07:56:43','2026-05-31','pending'),(2468,106,2,923.00,0.00,'Third Semester','2025/2026',NULL,'2026-04-04 07:56:43','2026-05-31','pending'),(2469,105,2,923.00,0.00,'Third Semester','2025/2026',NULL,'2026-04-04 07:56:43','2026-05-31','pending'),(2470,107,2,923.00,0.00,'Third Semester','2025/2026',NULL,'2026-04-04 07:56:43','2026-05-31','pending'),(2471,5,2,1065.00,0.00,'Third Semester','2025/2026',NULL,'2026-04-04 07:56:43','2026-05-31','pending'),(2472,8,2,1065.00,0.00,'Third Semester','2025/2026',NULL,'2026-04-04 07:56:43','2026-05-31','pending'),(2473,18,2,1065.00,0.00,'Third Semester','2025/2026',NULL,'2026-04-04 07:56:43','2026-05-31','pending'),(2474,25,2,1065.00,0.00,'Third Semester','2025/2026',NULL,'2026-04-04 07:56:43','2026-05-31','pending'),(2475,33,2,1065.00,0.00,'Third Semester','2025/2026',NULL,'2026-04-04 07:56:43','2026-05-31','pending'),(2476,35,2,1065.00,0.00,'Third Semester','2025/2026',NULL,'2026-04-04 07:56:43','2026-05-31','pending'),(2477,121,2,1065.00,0.00,'Third Semester','2025/2026',NULL,'2026-04-04 07:56:43','2026-05-31','pending'),(2478,45,2,1065.00,0.00,'Third Semester','2025/2026',NULL,'2026-04-04 07:56:43','2026-05-31','pending'),(2479,49,2,1065.00,0.00,'Third Semester','2025/2026',NULL,'2026-04-04 07:56:43','2026-05-31','pending'),(2480,59,2,1065.00,0.00,'Third Semester','2025/2026',NULL,'2026-04-04 07:56:43','2026-05-31','pending'),(2481,60,2,1065.00,0.00,'Third Semester','2025/2026',NULL,'2026-04-04 07:56:43','2026-05-31','pending'),(2482,127,2,1065.00,0.00,'Third Semester','2025/2026',NULL,'2026-04-04 07:56:43','2026-05-31','pending'),(2484,85,2,1065.00,0.00,'Third Semester','2025/2026',NULL,'2026-04-04 07:56:43','2026-05-31','pending'),(2485,86,2,1065.00,0.00,'Third Semester','2025/2026',NULL,'2026-04-04 07:56:43','2026-05-31','pending'),(2486,90,2,1065.00,0.00,'Third Semester','2025/2026',NULL,'2026-04-04 07:56:43','2026-05-31','pending'),(2487,91,2,1065.00,0.00,'Third Semester','2025/2026',NULL,'2026-04-04 07:56:43','2026-05-31','pending'),(2488,6,2,1065.00,0.00,'Third Semester','2025/2026',NULL,'2026-04-04 07:56:43','2026-05-31','pending'),(2489,12,2,1065.00,0.00,'Third Semester','2025/2026',NULL,'2026-04-04 07:56:43','2026-05-31','pending'),(2490,22,2,1065.00,0.00,'Third Semester','2025/2026',NULL,'2026-04-04 07:56:43','2026-05-31','pending'),(2491,27,2,1065.00,0.00,'Third Semester','2025/2026',NULL,'2026-04-04 07:56:43','2026-05-31','pending'),(2492,113,2,1065.00,0.00,'Third Semester','2025/2026',NULL,'2026-04-04 07:56:43','2026-05-31','pending'),(2493,50,2,1065.00,0.00,'Third Semester','2025/2026',NULL,'2026-04-04 07:56:43','2026-05-31','pending'),(2494,53,2,1065.00,0.00,'Third Semester','2025/2026',NULL,'2026-04-04 07:56:43','2026-05-31','pending'),(2495,55,2,1065.00,0.00,'Third Semester','2025/2026',NULL,'2026-04-04 07:56:43','2026-05-31','pending'),(2496,57,2,1065.00,0.00,'Third Semester','2025/2026',NULL,'2026-04-04 07:56:43','2026-05-31','pending'),(2497,61,2,1065.00,0.00,'Third Semester','2025/2026',NULL,'2026-04-04 07:56:43','2026-05-31','pending'),(2498,63,2,1065.00,0.00,'Third Semester','2025/2026',NULL,'2026-04-04 07:56:43','2026-05-31','pending'),(2499,67,2,1065.00,0.00,'Third Semester','2025/2026',NULL,'2026-04-04 07:56:43','2026-05-31','pending'),(2500,88,2,1065.00,0.00,'Third Semester','2025/2026',NULL,'2026-04-04 07:56:43','2026-05-31','pending'),(2501,89,2,1065.00,0.00,'Third Semester','2025/2026',NULL,'2026-04-04 07:56:43','2026-05-31','pending'),(2502,109,2,1065.00,0.00,'Third Semester','2025/2026',NULL,'2026-04-04 07:56:43','2026-05-31','pending'),(2503,104,2,923.00,0.00,'Third Semester','2025/2026',NULL,'2026-04-04 07:56:43','2026-05-31','pending'),(2504,122,2,923.00,0.00,'Third Semester','2025/2026',NULL,'2026-04-04 07:56:43','2026-05-31','pending'),(2505,118,2,923.00,0.00,'Third Semester','2025/2026',NULL,'2026-04-04 07:56:43','2026-05-31','pending'),(2506,32,2,923.00,0.00,'Third Semester','2025/2026',NULL,'2026-04-04 07:56:43','2026-05-31','pending'),(2507,46,2,923.00,0.00,'Third Semester','2025/2026',NULL,'2026-04-04 07:56:43','2026-05-31','pending'),(2508,65,2,923.00,0.00,'Third Semester','2025/2026',NULL,'2026-04-04 07:56:43','2026-05-31','pending'),(2510,71,2,923.00,0.00,'Third Semester','2025/2026',NULL,'2026-04-04 07:56:43','2026-05-31','pending'),(2511,75,2,923.00,0.00,'Third Semester','2025/2026',NULL,'2026-04-04 07:56:43','2026-05-31','pending'),(2512,126,2,923.00,0.00,'Third Semester','2025/2026',NULL,'2026-04-04 07:56:43','2026-05-31','pending'),(2513,93,2,923.00,0.00,'Third Semester','2025/2026',NULL,'2026-04-04 07:56:43','2026-05-31','pending'),(2514,97,2,923.00,0.00,'Third Semester','2025/2026',NULL,'2026-04-04 07:56:43','2026-05-31','pending'),(2515,7,2,923.00,0.00,'Third Semester','2025/2026',NULL,'2026-04-04 07:56:43','2026-05-31','pending'),(2516,19,2,923.00,0.00,'Third Semester','2025/2026',NULL,'2026-04-04 07:56:43','2026-05-31','pending'),(2517,29,2,923.00,0.00,'Third Semester','2025/2026',NULL,'2026-04-04 07:56:43','2026-05-31','pending'),(2518,119,2,923.00,0.00,'Third Semester','2025/2026',NULL,'2026-04-04 07:56:43','2026-05-31','pending'),(2519,40,2,923.00,0.00,'Third Semester','2025/2026',NULL,'2026-04-04 07:56:43','2026-05-31','pending'),(2520,42,2,923.00,0.00,'Third Semester','2025/2026',NULL,'2026-04-04 07:56:43','2026-05-31','pending'),(2521,51,2,923.00,0.00,'Third Semester','2025/2026',NULL,'2026-04-04 07:56:43','2026-05-31','pending'),(2522,64,2,923.00,0.00,'Third Semester','2025/2026',NULL,'2026-04-04 07:56:43','2026-05-31','pending'),(2523,80,2,923.00,0.00,'Third Semester','2025/2026',NULL,'2026-04-04 07:56:43','2026-05-31','pending'),(2524,102,2,923.00,0.00,'Third Semester','2025/2026',NULL,'2026-04-04 07:56:43','2026-05-31','pending'),(2525,58,19,100.00,0.00,'Third Semester','2025/2026','','2026-04-06 14:56:20','2026-05-06','pending'),(2526,58,14,80.00,0.00,'Third Semester','2025/2026','','2026-04-06 14:56:20','2026-05-06','pending'),(2527,145,2,923.00,0.00,'Third Semester','2025/2026','','2026-04-13 01:24:58','2026-05-13','pending'),(2528,145,18,100.00,0.00,'Third Semester','2025/2026','','2026-04-13 01:24:58','2026-05-13','pending'),(2529,145,11,70.00,0.00,'Third Semester','2025/2026','','2026-04-13 01:24:58','2026-05-13','pending'),(2530,145,1,700.00,0.00,'Third Semester','2025/2026','','2026-04-13 01:24:58','2026-05-13','pending'),(2531,145,9,30.00,0.00,'Third Semester','2025/2026','','2026-04-13 01:24:58','2026-05-13','pending');
/*!40000 ALTER TABLE `student_fees` ENABLE KEYS */;
UNLOCK TABLES;

--
-- Table structure for table `student_parents`
--

DROP TABLE IF EXISTS `student_parents`;
/*!40101 SET @saved_cs_client     = @@character_set_client */;
/*!40101 SET character_set_client = utf8 */;
CREATE TABLE `student_parents` (
  `id` int NOT NULL AUTO_INCREMENT,
  `student_id` int NOT NULL,
  `parent_id` int NOT NULL,
  `created_at` timestamp NULL DEFAULT CURRENT_TIMESTAMP,
  PRIMARY KEY (`id`),
  UNIQUE KEY `unique_student_parent` (`student_id`,`parent_id`),
  KEY `idx_student_id` (`student_id`),
  KEY `idx_parent_id` (`parent_id`),
  CONSTRAINT `student_parents_ibfk_1` FOREIGN KEY (`student_id`) REFERENCES `students` (`id`) ON DELETE CASCADE,
  CONSTRAINT `student_parents_ibfk_2` FOREIGN KEY (`parent_id`) REFERENCES `parents` (`id`) ON DELETE CASCADE
) ENGINE=InnoDB DEFAULT CHARSET=utf8mb4 COLLATE=utf8mb4_unicode_ci;
/*!40101 SET character_set_client = @saved_cs_client */;

--
-- Dumping data for table `student_parents`
--

LOCK TABLES `student_parents` WRITE;
/*!40000 ALTER TABLE `student_parents` DISABLE KEYS */;
/*!40000 ALTER TABLE `student_parents` ENABLE KEYS */;
UNLOCK TABLES;

--
-- Table structure for table `student_semester_remarks`
--

DROP TABLE IF EXISTS `student_semester_remarks`;
/*!40101 SET @saved_cs_client     = @@character_set_client */;
/*!40101 SET character_set_client = utf8 */;
CREATE TABLE `student_semester_remarks` (
  `id` int NOT NULL AUTO_INCREMENT,
  `student_id` int NOT NULL,
  `academic_year` varchar(20) NOT NULL,
  `semester` varchar(20) NOT NULL,
  `talent_and_interest` text,
  `attitude` text,
  `conduct` text,
  `teacher_remarks` text,
  `teacher_id` int DEFAULT NULL,
  `supervisor_remarks` text,
  `supervisor_id` int DEFAULT NULL,
  `updated_at` timestamp NULL DEFAULT CURRENT_TIMESTAMP ON UPDATE CURRENT_TIMESTAMP,
  PRIMARY KEY (`id`),
  UNIQUE KEY `student_id` (`student_id`,`academic_year`,`semester`)
) ENGINE=InnoDB AUTO_INCREMENT=3 DEFAULT CHARSET=utf8mb4 COLLATE=utf8mb4_0900_ai_ci;
/*!40101 SET character_set_client = @saved_cs_client */;

--
-- Dumping data for table `student_semester_remarks`
--

LOCK TABLES `student_semester_remarks` WRITE;
/*!40000 ALTER TABLE `student_semester_remarks` DISABLE KEYS */;
INSERT INTO `student_semester_remarks` VALUES (1,2,'2025/2026','Third Semesters','sdfsajdfkas','sdfaskfd','dfasjklfjdas','sfjaskkfkaslfd',1,'sdfoasjdfosl;g',1,'2026-04-16 01:28:46'),(2,74,'2025/2026','Third Semesters','FOOTBALL','GOOD','RESPECTFUL','MORE ROOM FOR IMPROVEMENT',9,'',9,'2026-04-16 01:28:46');
/*!40000 ALTER TABLE `student_semester_remarks` ENABLE KEYS */;
UNLOCK TABLES;

--
-- Table structure for table `student_term_remarks`
--

DROP TABLE IF EXISTS `student_term_remarks`;
/*!40101 SET @saved_cs_client     = @@character_set_client */;
/*!40101 SET character_set_client = utf8 */;
CREATE TABLE `student_term_remarks` (
  `id` int NOT NULL AUTO_INCREMENT,
  `student_id` int NOT NULL,
  `academic_year` varchar(20) NOT NULL,
  `semester` varchar(50) NOT NULL,
  `attitude` text,
  `conduct` text,
  `talent_and_interest` text,
  `teacher_remarks` text,
  `teacher_id` int DEFAULT NULL,
  `supervisor_remarks` text,
  `supervisor_id` int DEFAULT NULL,
  `created_at` timestamp NULL DEFAULT CURRENT_TIMESTAMP,
  `updated_at` timestamp NULL DEFAULT CURRENT_TIMESTAMP ON UPDATE CURRENT_TIMESTAMP,
  PRIMARY KEY (`id`),
  UNIQUE KEY `student_id` (`student_id`,`academic_year`,`semester`)
) ENGINE=InnoDB AUTO_INCREMENT=2 DEFAULT CHARSET=utf8mb4 COLLATE=utf8mb4_0900_ai_ci;
/*!40101 SET character_set_client = @saved_cs_client */;

--
-- Dumping data for table `student_term_remarks`
--

LOCK TABLES `student_term_remarks` WRITE;
/*!40000 ALTER TABLE `student_term_remarks` DISABLE KEYS */;
INSERT INTO `student_term_remarks` VALUES (1,2,'2025/2026','First Semester','Respectful','Good','Playing Football','More Room for employment',10,'Keep it yrruriyfkyukgju',11,'2026-04-16 03:01:29','2026-04-16 13:39:34');
/*!40000 ALTER TABLE `student_term_remarks` ENABLE KEYS */;
UNLOCK TABLES;

--
-- Table structure for table `students`
--

DROP TABLE IF EXISTS `students`;
/*!40101 SET @saved_cs_client     = @@character_set_client */;
/*!40101 SET character_set_client = utf8 */;
CREATE TABLE `students` (
  `id` int NOT NULL AUTO_INCREMENT,
  `first_name` varchar(100) CHARACTER SET utf8mb4 COLLATE utf8mb4_unicode_ci NOT NULL,
  `last_name` varchar(100) CHARACTER SET utf8mb4 COLLATE utf8mb4_unicode_ci NOT NULL,
  `class` varchar(50) CHARACTER SET utf8mb4 COLLATE utf8mb4_unicode_ci DEFAULT NULL,
  `date_of_birth` date DEFAULT NULL,
  `parent_contact` varchar(100) CHARACTER SET utf8mb4 COLLATE utf8mb4_unicode_ci DEFAULT NULL,
  `created_at` timestamp NOT NULL DEFAULT CURRENT_TIMESTAMP,
  `status` enum('active','inactive') CHARACTER SET utf8mb4 COLLATE utf8mb4_unicode_ci NOT NULL DEFAULT 'active',
  PRIMARY KEY (`id`)
) ENGINE=InnoDB AUTO_INCREMENT=146 DEFAULT CHARSET=utf8mb4 COLLATE=utf8mb4_unicode_ci;
/*!40101 SET character_set_client = @saved_cs_client */;

--
-- Dumping data for table `students`
--

LOCK TABLES `students` WRITE;
/*!40000 ALTER TABLE `students` DISABLE KEYS */;
INSERT INTO `students` VALUES (1,'FIRDAUS','ABDALLAH','Basic 4',NULL,NULL,'2025-09-29 01:46:08','active'),(2,'TIPAYA','ABDALLAH MOHAMMED','Basic 1',NULL,NULL,'2025-09-29 01:46:08','active'),(3,'MARIAM','ABDALLA','Basic 6',NULL,NULL,'2025-09-29 01:46:08','active'),(4,'RAHMAN','ABDUL','KG 2',NULL,NULL,'2025-09-29 01:46:08','inactive'),(5,'JANELLE','ACHEAMPONGMAA ASIEDU','KG 1',NULL,NULL,'2025-09-29 01:46:08','active'),(6,'BRIAN','ADAMS','KG 2',NULL,NULL,'2025-09-29 01:46:08','active'),(7,'JESHURUN','ADAMS','NURSERY 2',NULL,NULL,'2025-09-29 01:46:08','active'),(8,'OSAE','ADIEPENA ANUMWAA','KG 1',NULL,NULL,'2025-09-29 01:46:08','active'),(9,'DAVID','ADOBOE EYIRAM','Basic 2',NULL,NULL,'2025-09-29 01:46:08','active'),(10,'RANSFORD','ADOBOE WOMA','Basic 5',NULL,NULL,'2025-09-29 01:46:08','active'),(11,'CHEALSEA','OWUSU AGYAPONG','Basic 3',NULL,NULL,'2025-09-29 01:46:08','active'),(12,'GLENDA OWUSU AGYAPONG','AGYAPONG','KG 2',NULL,NULL,'2025-09-29 01:46:08','active'),(13,'DONALD','ASAFO-ADJEI','Basic 1',NULL,NULL,'2025-09-29 01:46:08','active'),(14,'GERALD','ASAFO-ADJEI','Basic 3',NULL,NULL,'2025-09-29 01:46:08','active'),(15,'CHRISTIAN','AKITAH K','Basic 2',NULL,NULL,'2025-09-29 01:46:08','active'),(16,'JEREMY','ALOAYE','KG 2',NULL,NULL,'2025-09-29 01:46:08','inactive'),(17,'TESTIMONY','ALOAYE','Basic 4',NULL,NULL,'2025-09-29 01:46:08','inactive'),(18,'CANDACE','AMANKWAAH YAA MENSAH','KG 1',NULL,NULL,'2025-09-29 01:46:08','active'),(19,'MICALY','AMANKWAH OWUSU GYAMFUAH','NURSERY 2',NULL,NULL,'2025-09-29 01:46:08','active'),(20,'ADEPA','AMEYAW ESI','CRECHE',NULL,NULL,'2025-09-29 01:46:08','active'),(21,'AMA','AMEYAW NANA','Basic 2',NULL,NULL,'2025-09-29 01:46:08','active'),(22,'NUTIFAFA','AMEYAW','KG 2',NULL,NULL,'2025-09-29 01:46:08','active'),(23,'AFIA','AMOAKOA','Basic 1',NULL,NULL,'2025-09-29 01:46:08','active'),(24,'PRINCE','ANGEL ANIM','Basic 2',NULL,NULL,'2025-09-29 01:46:08','active'),(25,'RAYMOND','ANKRAH','KG 1',NULL,NULL,'2025-09-29 01:46:08','active'),(26,'LIZABETH','APHRIPHA','Creche',NULL,NULL,'2025-09-29 01:46:08','active'),(27,'JAHAZIEL','APPIAH','KG 2',NULL,NULL,'2025-09-29 01:46:08','active'),(28,'JOCHEBED','APPIAH','Basic 4',NULL,NULL,'2025-09-29 01:46:08','active'),(29,'MORIAH','APPIAH','NURSERY 2',NULL,NULL,'2025-09-29 01:46:08','active'),(30,'OTHNIELTA','APPIAH','Basic 7',NULL,NULL,'2025-09-29 01:46:08','active'),(31,'MAJOLA','ARKHURST KLENAM SAWYERR','NURSERY 1',NULL,NULL,'2025-09-29 01:46:08','inactive'),(32,'MAJOLA','ARKHURST KLENAM SAWYERR','NURSERY 1',NULL,NULL,'2025-09-29 01:46:08','active'),(33,'FOH','ARKHURST KWEKU','KG 1',NULL,NULL,'2025-09-29 01:46:08','active'),(34,'AMOBIA','ARKHURST NAA','Basic 4',NULL,NULL,'2025-09-29 01:46:08','active'),(35,'ABA','ARKOH ADELAIDE MAMAE','KG 1',NULL,NULL,'2025-09-29 01:46:08','active'),(36,'MIRABEL','ARMAH','Basic 1',NULL,NULL,'2025-09-29 01:46:08','active'),(37,'AMELEY','ARMAH THEODOSIAH NAA MIISHEE','Basic 6',NULL,NULL,'2025-09-29 01:46:08','active'),(38,'ARYEE','ARYEEQUAYE ABDUL SALEEM NII','Basic 2',NULL,NULL,'2025-09-29 01:46:08','active'),(39,'MARIAM DEDE ARMAH','ARYEEQUAYE','Creche',NULL,NULL,'2025-09-29 01:46:08','active'),(40,'ARMAH','ARYEEQUAYE DAWUD','NURSERY 2',NULL,NULL,'2025-09-29 01:46:08','active'),(41,'JULIOUS','ARYEETEY','Basic 5',NULL,NULL,'2025-09-29 01:46:08','active'),(42,'REINA','ASAMOAH YEBOAH MAXWELLA','NURSERY 2',NULL,NULL,'2025-09-29 01:46:08','active'),(43,'DEANGIL','ASIRIFI','Basic 6',NULL,NULL,'2025-09-29 01:46:08','active'),(44,'JULIET','AWUAH','Basic 4',NULL,NULL,'2025-09-29 01:46:08','active'),(45,'ARKOH','BAAH MANUEL AFRIYIE','KG 1',NULL,NULL,'2025-09-29 01:46:08','active'),(46,'EDGARDO','BAIDOO','NURSERY 1',NULL,NULL,'2025-09-29 01:46:08','active'),(47,'ENYAMA','BANNIE GODSGIFT NANA','Basic 2',NULL,NULL,'2025-09-29 01:46:08','active'),(48,'SAMAABA','BANNIE GODSWILL NANA','Basic 5',NULL,NULL,'2025-09-29 01:46:08','active'),(49,'MARVIN','BEDZRAH','KG 1',NULL,NULL,'2025-09-29 01:46:08','active'),(50,'SIAW','BEMPOE EMMANUEL','KG 2',NULL,NULL,'2025-09-29 01:46:08','active'),(51,'ARIEL','BENTIL','NURSERY 2',NULL,NULL,'2025-09-29 01:46:08','active'),(52,'FOSUAA','BENTIL CHARISMA','Basic 2',NULL,NULL,'2025-09-29 01:46:08','active'),(53,'ABAYAA','BERMUDEZ','KG 2',NULL,NULL,'2025-09-29 01:46:08','active'),(54,'RAFAEL','BERMUDEZ','Basic 2',NULL,NULL,'2025-09-29 01:46:08','active'),(55,'GEORGINA','BLACKWELL OBENG','KG 2',NULL,NULL,'2025-09-29 01:46:08','active'),(56,'ALVIN','BOATENG','Basic 1',NULL,NULL,'2025-09-29 01:46:08','active'),(57,'NANA','BOATENG JETHRO','KG 2',NULL,NULL,'2025-09-29 01:46:08','active'),(58,'AFRIRYIE','BOATENG PRINCE','Basic 6',NULL,NULL,'2025-09-29 01:46:08','active'),(59,'BLESSING','DANSO','KG 1',NULL,NULL,'2025-09-29 01:46:08','active'),(60,'KYEKYEKU','DAPAAH ZION OPPONG','KG 1',NULL,NULL,'2025-09-29 01:46:08','active'),(61,'JESSE','DOE','KG 2',NULL,NULL,'2025-09-29 01:46:08','active'),(62,'JOEL','DOTSE','CRECHE',NULL,NULL,'2025-09-29 01:46:08','active'),(63,'NANA','FILSON EKOW','KG 2',NULL,NULL,'2025-09-29 01:46:08','active'),(64,'EMERALDIA','FILSON','NURSERY 2',NULL,NULL,'2025-09-29 01:46:08','active'),(65,'OSEI','FRIMPONG JADEN','NURSERY 1',NULL,NULL,'2025-09-29 01:46:08','active'),(66,'ELIANA','GAVI AMENUVEVE','Nursery 1',NULL,NULL,'2025-09-29 01:46:08','inactive'),(67,'JEFFREY','HINI','KG 2',NULL,NULL,'2025-09-29 01:46:08','active'),(68,'AGYEMANG','KODUAH YOUNGMONEY','KG 1',NULL,NULL,'2025-09-29 01:46:08','inactive'),(69,'MAWUENA','KPORMEGBEY RYAN KOJO','Creche',NULL,NULL,'2025-09-29 01:46:08','active'),(70,'KWAME','KWAANSAH NANA','Basic 7',NULL,NULL,'2025-09-29 01:46:08','active'),(71,'ADELA','KWOFIE BRIANNA NANA','NURSERY 1',NULL,NULL,'2025-09-29 01:46:08','active'),(72,'BROOKLYN','KYEI LOLA AKOSUA','Basic 2',NULL,NULL,'2025-09-29 01:46:08','inactive'),(73,'TAWFIQ','MAHMUD DREAM RYAN','Basic 1',NULL,NULL,'2025-09-29 01:46:08','active'),(74,'JAYSON','MANTE-SARFO','Basic 6',NULL,NULL,'2025-09-29 01:46:08','inactive'),(75,'JOYCE','MENSAH','NURSERY 1',NULL,NULL,'2025-09-29 01:46:08','active'),(76,'JULIOUS','MENSAH','Basic 1',NULL,NULL,'2025-09-29 01:46:08','active'),(77,'OPARE','MINTAH CHLOE','Basic 4',NULL,NULL,'2025-09-29 01:46:08','active'),(78,'OPARE','MINTAH ETHEN','Basic 2',NULL,NULL,'2025-09-29 01:46:08','active'),(79,'OPARE','MINTAH SABASTIAN','Basic 6',NULL,NULL,'2025-09-29 01:46:08','active'),(80,'ANAT','MOHAMMAD','NURSERY 2',NULL,NULL,'2025-09-29 01:46:08','active'),(81,'RAHEEMA','MOHAMMED','Basic 1',NULL,NULL,'2025-09-29 01:46:08','active'),(82,'GABRIELLA','NIZER','Basic 6',NULL,NULL,'2025-09-29 01:46:08','inactive'),(83,'JIBRIL','NIZER JANAT','NURSERY 2',NULL,NULL,'2025-09-29 01:46:08','inactive'),(84,'DANIELLA','NYARKO','Basic 1',NULL,NULL,'2025-09-29 01:46:08','active'),(85,'SAMUEL','NYARKO','KG 1',NULL,NULL,'2025-09-29 01:46:08','active'),(86,'LAMPTEY','ODARTEI HARRISSON NII','KG 1',NULL,NULL,'2025-09-29 01:46:08','active'),(87,'MONDAY','ODUM','Basic 4',NULL,NULL,'2025-09-29 01:46:08','inactive'),(88,'PRECIOUS','ODUM','KG 2',NULL,NULL,'2025-09-29 01:46:08','active'),(89,'NHYIRA','OFORI DONATELLA','KG 2',NULL,NULL,'2025-09-29 01:46:08','active'),(90,'SAMUEL','OFOSU','KG 1',NULL,NULL,'2025-09-29 01:46:08','active'),(91,'ELIANA','OPPONG BOADUWAA','KG 1',NULL,NULL,'2025-09-29 01:46:08','active'),(92,'JAYDEN','OSEI QUAYE','Basic 4',NULL,NULL,'2025-09-29 01:46:08','active'),(93,'NYAMEKYE','OTOO JAIDAH','NURSERY 1',NULL,NULL,'2025-09-29 01:46:08','active'),(94,'OKAINSIE','OTUMFUO MARY','KG 1',NULL,NULL,'2025-09-29 01:46:08','inactive'),(95,'ADOM','TETTEH GODWIN','Basic 5',NULL,NULL,'2025-09-29 01:46:08','inactive'),(96,'MAXWELL','TETTEH','Basic 2',NULL,NULL,'2025-09-29 01:46:08','inactive'),(97,'RAYMOND','TETTEH','NURSERY 1',NULL,NULL,'2025-09-29 01:46:08','active'),(98,'TRUDILOVE','TETTEH','Basic 4',NULL,NULL,'2025-09-29 01:46:08','inactive'),(99,'BLESSING','THOMAS-SAM','Basic 5',NULL,NULL,'2025-09-29 01:46:08','active'),(100,'MERCY','THOMAS-SAM','Basic 7',NULL,NULL,'2025-09-29 01:46:08','active'),(101,'VAVA','TSIDI VALERIE','Basic 6',NULL,NULL,'2025-09-29 01:46:08','inactive'),(102,'DANSO','YAMOAH QUEENSTER ABENA','NURSERY 2',NULL,NULL,'2025-09-29 01:46:08','active'),(103,'MALTITI','AISHA','NURSERY 2',NULL,NULL,'2025-09-29 01:46:08','inactive'),(104,'AWINDIN-DAVID','ABANGA','Nursery 1',NULL,NULL,'2025-09-29 01:46:08','active'),(105,'CHRISTODIA','OTOO MERYGOLD','CRECHE',NULL,NULL,'2025-09-29 01:46:08','active'),(106,'OKATAKYIE','OSAE','CRECHE',NULL,NULL,'2025-09-29 01:46:08','active'),(107,'TEIKO','TAGOE JYLAN NII','CRECHE',NULL,NULL,'2025-09-29 01:46:08','active'),(108,'APPIAH','KELVIN','Basic 2',NULL,NULL,'2025-09-29 01:46:08','active'),(109,'BOATENG','YEBOAH KESTER','KG 2',NULL,NULL,'2025-09-29 01:46:08','active'),(110,'RAHMAN','ABDUL','Basic 1',NULL,NULL,'2025-09-30 04:50:03','active'),(111,'GERHARD KEKELI WOLARNYO YAW','ABLORDE','Basic 4',NULL,NULL,'2025-09-30 14:57:46','active'),(112,'GERHARDINE KLENAM ESI','ABLORDE','Basic 5',NULL,NULL,'2025-09-30 14:58:19','active'),(113,'RYAN','AWUDE','KG 2',NULL,NULL,'2025-09-30 14:59:09','active'),(114,'ELSIE','ADOBOE','Creche',NULL,NULL,'2025-09-30 14:59:37','active'),(115,'AUSTIN','NANA WIAFE BROWN','Creche',NULL,NULL,'2025-09-30 15:00:12','active'),(116,'AASIYA NAANA','JAFAR','Creche',NULL,NULL,'2025-09-30 15:00:58','active'),(117,'MATILDA','ABOGLE','Basic 7',NULL,NULL,'2025-09-30 15:01:43','active'),(118,'YVONNE NUNOO','ADDAI','Nursery 1',NULL,NULL,'2025-09-30 16:09:38','active'),(119,'JADIDIAH CHRISTODIA OHEMAA','ARTHUR','Nursery 2',NULL,NULL,'2025-10-02 05:34:57','active'),(120,'ELIKEM KWEKU AMOAH','ARKHURST','Basic 2',NULL,NULL,'2025-10-04 20:01:42','active'),(121,'Andrella','Ator','KG 1',NULL,NULL,'2025-10-05 17:40:31','active'),(122,'YOCHANA NYAMAA BOADI MENSAH','ABANKWAH','Nursery 1',NULL,NULL,'2025-10-06 10:06:37','active'),(123,'GLENDA','ARMAH','Creche',NULL,NULL,'2025-10-14 13:42:53','inactive'),(124,'LISA EVELYN','DARKOA KISIEDU','Creche',NULL,NULL,'2025-10-14 13:44:39','active'),(125,'LUXURY OHEMAA','TETTEH','Creche',NULL,NULL,'2025-10-14 13:45:25','inactive'),(126,'MALTITI AISHA','MUBARIK','Nursery 1',NULL,NULL,'2025-10-14 13:50:48','active'),(127,'QUEENSTAR','KNOX ENNINFUL','KG 1',NULL,NULL,'2025-10-15 07:45:18','active'),(128,'Glenda Naa Deede','Armah','Creche','2023-09-18',NULL,'2025-11-18 06:56:06','active'),(129,'Jude Worlanyo','Anyrator','Creche',NULL,NULL,'2025-12-02 16:37:08','active'),(130,'JESSE','KRAMPAH','KG 1',NULL,NULL,'2025-12-03 12:59:09','active'),(131,'PRINCESS','KRAMPAH','Nursery 1',NULL,NULL,'2025-12-03 12:59:27','active'),(132,'Daniel Nana Adjei','Agyekem-Hene','Creche','2024-01-08','0249645056','2026-01-14 08:46:14','active'),(133,'FAWAZ WUNPINI','MUBARIK','Creche',NULL,NULL,'2026-01-14 08:47:54','active'),(134,'JIMMY AWINSUAD','ABANGA','Creche',NULL,NULL,'2026-01-19 14:55:43','active'),(135,'Josephine','Nyarko','Creche',NULL,NULL,'2026-01-19 14:56:54','active'),(136,'GISELE KAFUI KEENO AKU ABLORDE','ABLORDE','Creche',NULL,NULL,'2026-01-19 14:58:50','active'),(137,'PAULINE','ATOR','Creche',NULL,NULL,'2026-01-19 14:59:23','inactive'),(138,'PAULINE','ATOR','Creche',NULL,NULL,'2026-01-19 15:02:13','inactive'),(139,'ELIANA AFI','MENSAH','Creche',NULL,NULL,'2026-01-19 15:02:42','active'),(140,'ANGELLA','MANSA','Basic 3',NULL,NULL,'2026-01-22 20:24:02','active'),(141,'Kendra Abena Adepa','Kwofie','Creche','2024-07-02','054929729','2026-01-30 07:18:38','active'),(142,'FELICITY','GASU','Basic 6','2012-03-24',NULL,'2026-02-16 09:35:31','active'),(143,'Bethel','Mohammad','Creche',NULL,NULL,'2026-02-16 10:06:39','active'),(144,'Nhyiraba','Asante Duncan','Creche',NULL,NULL,'2026-02-16 10:07:44','active'),(145,'Hazel','Takyiwaa Affawuah Dapaah','Creche','2024-08-14','0549243690','2026-04-13 01:22:04','active');
/*!40000 ALTER TABLE `students` ENABLE KEYS */;
UNLOCK TABLES;

--
-- Table structure for table `subjects`
--

DROP TABLE IF EXISTS `subjects`;
/*!40101 SET @saved_cs_client     = @@character_set_client */;
/*!40101 SET character_set_client = utf8 */;
CREATE TABLE `subjects` (
  `id` int NOT NULL AUTO_INCREMENT,
  `name` varchar(100) NOT NULL,
  `code` varchar(20) DEFAULT NULL,
  `description` text,
  `created_at` timestamp NULL DEFAULT CURRENT_TIMESTAMP,
  `updated_at` timestamp NULL DEFAULT CURRENT_TIMESTAMP ON UPDATE CURRENT_TIMESTAMP,
  PRIMARY KEY (`id`)
) ENGINE=InnoDB AUTO_INCREMENT=41 DEFAULT CHARSET=utf8mb4 COLLATE=utf8mb4_0900_ai_ci;
/*!40101 SET character_set_client = @saved_cs_client */;

--
-- Dumping data for table `subjects`
--

LOCK TABLES `subjects` WRITE;
/*!40000 ALTER TABLE `subjects` DISABLE KEYS */;
INSERT INTO `subjects` VALUES (1,'MATHEMATICS','MATH','','2026-04-13 13:16:00','2026-04-13 13:16:00'),(8,'ENGLISH LANGUAGE','ENG','','2026-04-13 13:17:29','2026-04-13 13:17:29'),(11,'SCIENCE','SCI','','2026-04-13 13:20:32','2026-04-13 13:20:32'),(14,'RELIGIOUS AND MORAL EDUCATION','RME','','2026-04-13 13:21:06','2026-04-17 00:46:35'),(17,'CREATIVE ARTS','','','2026-04-13 13:21:19','2026-04-13 13:21:19'),(20,'CAREER TECHNOLOGY','CTECH','','2026-04-13 13:21:49','2026-04-13 13:21:49'),(21,'HISTORY','HIST','','2026-04-13 13:22:08','2026-04-13 13:22:08'),(23,'COMPUTING','COMP','','2026-04-13 13:22:30','2026-04-13 13:22:30'),(26,'FRENCH','FRN','','2026-04-13 13:23:09','2026-04-13 13:23:09'),(29,'ABACUS','ABC','','2026-04-13 13:24:10','2026-04-13 13:24:10'),(31,'SOCIAL STUDIES','SOC','','2026-04-13 13:25:04','2026-04-13 13:25:04'),(32,'PHONICS','PHN','','2026-04-17 00:42:53','2026-04-17 00:42:53'),(33,'NUMERACY','NUM','','2026-04-17 00:43:05','2026-04-17 00:43:05'),(34,'CREATIVITY','CRT','','2026-04-17 00:43:16','2026-04-17 00:43:16'),(35,'LITERACY','LIT','','2026-04-17 00:43:28','2026-04-17 00:43:28'),(36,'GEORGRAPHY','GEOG','','2026-04-17 00:43:52','2026-04-17 00:43:52'),(37,'ENVIRONMENTAL STUDIES','ENV','','2026-04-17 00:44:04','2026-04-17 00:44:04'),(38,'SCRIBBLING','SCRB','','2026-04-17 00:44:15','2026-04-17 00:44:15'),(39,'COLORING','COL','','2026-04-17 00:44:26','2026-04-17 00:44:26'),(40,'WITTING','WRT','','2026-04-17 00:44:38','2026-04-17 00:44:38');
/*!40000 ALTER TABLE `subjects` ENABLE KEYS */;
UNLOCK TABLES;

--
-- Table structure for table `system_settings`
--

DROP TABLE IF EXISTS `system_settings`;
/*!40101 SET @saved_cs_client     = @@character_set_client */;
/*!40101 SET character_set_client = utf8 */;
CREATE TABLE `system_settings` (
  `id` int NOT NULL AUTO_INCREMENT,
  `setting_key` varchar(100) CHARACTER SET utf8mb4 COLLATE utf8mb4_unicode_ci NOT NULL,
  `setting_value` text CHARACTER SET utf8mb4 COLLATE utf8mb4_unicode_ci,
  `description` varchar(255) CHARACTER SET utf8mb4 COLLATE utf8mb4_unicode_ci DEFAULT NULL,
  `updated_at` timestamp NULL DEFAULT CURRENT_TIMESTAMP ON UPDATE CURRENT_TIMESTAMP,
  `updated_by` varchar(100) CHARACTER SET utf8mb4 COLLATE utf8mb4_unicode_ci DEFAULT NULL,
  PRIMARY KEY (`id`),
  UNIQUE KEY `setting_key` (`setting_key`)
) ENGINE=InnoDB AUTO_INCREMENT=53 DEFAULT CHARSET=utf8mb4 COLLATE=utf8mb4_unicode_ci;
/*!40101 SET character_set_client = @saved_cs_client */;

--
-- Dumping data for table `system_settings`
--

LOCK TABLES `system_settings` WRITE;
/*!40000 ALTER TABLE `system_settings` DISABLE KEYS */;
INSERT INTO `system_settings` VALUES (2,'academic_year','2025/2026',NULL,'2026-04-09 10:43:08','admin_Eric'),(3,'academic_year_format','full',NULL,'2026-04-09 10:43:08','admin_Eric'),(4,'academic_year_start_month','09',NULL,'2026-04-09 10:43:08','admin_Eric'),(5,'academic_year_start_day','01',NULL,'2026-04-09 10:43:08','admin_Eric'),(6,'payment_allocation_scope','global',NULL,'2026-04-09 10:43:08','admin_Eric'),(7,'school_name','SALBA MONTESSORI SCHOOL ',NULL,'2026-04-09 10:43:08','admin_Eric'),(8,'school_address','No 4 Crown Flower Street ',NULL,'2026-04-09 10:43:08','admin_Eric'),(9,'school_phone','0598872309',NULL,'2026-04-09 10:43:08','admin_Eric'),(10,'school_email','sms@edu.gh',NULL,'2026-04-09 10:43:08','admin_Eric'),(51,'current_semester','Second Semester',NULL,'2026-04-17 05:05:25','Migration');
/*!40000 ALTER TABLE `system_settings` ENABLE KEYS */;
UNLOCK TABLES;

--
-- Table structure for table `teacher_allocations`
--

DROP TABLE IF EXISTS `teacher_allocations`;
/*!40101 SET @saved_cs_client     = @@character_set_client */;
/*!40101 SET character_set_client = utf8 */;
CREATE TABLE `teacher_allocations` (
  `id` int NOT NULL AUTO_INCREMENT,
  `teacher_id` int NOT NULL,
  `teacher_name` varchar(100) DEFAULT NULL,
  `class_id` int DEFAULT NULL,
  `class_name` varchar(100) DEFAULT NULL,
  `subject_id` int DEFAULT NULL,
  `subject_name` varchar(100) DEFAULT NULL,
  `role` varchar(50) DEFAULT NULL,
  `academic_level` varchar(50) DEFAULT NULL,
  `semester` varchar(50) DEFAULT NULL,
  `year` varchar(10) DEFAULT NULL,
  `status` enum('active','inactive') DEFAULT 'active',
  `notes` text,
  `assigned_by` int DEFAULT NULL,
  `assigned_at` timestamp NULL DEFAULT CURRENT_TIMESTAMP,
  `updated_at` timestamp NULL DEFAULT CURRENT_TIMESTAMP ON UPDATE CURRENT_TIMESTAMP,
  `is_class_teacher` tinyint(1) DEFAULT '0',
  `is_subject_teacher` tinyint(1) DEFAULT '0',
  PRIMARY KEY (`id`),
  UNIQUE KEY `unique_allocation` (`teacher_id`,`class_id`,`subject_id`,`semester`,`year`),
  KEY `idx_teacher` (`teacher_id`),
  KEY `idx_class` (`class_id`),
  KEY `idx_subject` (`subject_id`),
  KEY `idx_role` (`role`),
  KEY `idx_level` (`academic_level`)
) ENGINE=InnoDB AUTO_INCREMENT=43 DEFAULT CHARSET=utf8mb4 COLLATE=utf8mb4_0900_ai_ci;
/*!40101 SET character_set_client = @saved_cs_client */;

--
-- Dumping data for table `teacher_allocations`
--

LOCK TABLES `teacher_allocations` WRITE;
/*!40000 ALTER TABLE `teacher_allocations` DISABLE KEYS */;
INSERT INTO `teacher_allocations` VALUES (21,17,NULL,NULL,'Basic 1',0,NULL,NULL,NULL,NULL,'2025/2026','active',NULL,NULL,'2026-04-17 00:47:37','2026-04-17 00:47:37',1,0),(22,26,NULL,NULL,'Basic 2',0,NULL,NULL,NULL,NULL,'2025/2026','active',NULL,NULL,'2026-04-17 00:47:51','2026-04-17 00:47:51',1,0),(23,40,NULL,NULL,'Basic 4',0,NULL,NULL,NULL,NULL,'2025/2026','active',NULL,NULL,'2026-04-17 00:48:37','2026-04-17 00:48:37',1,0),(24,29,NULL,NULL,'NURSERY 2',0,NULL,NULL,NULL,NULL,'2025/2026','active',NULL,NULL,'2026-04-17 00:48:51','2026-04-17 00:48:51',1,0),(25,30,NULL,NULL,'KG 1',0,NULL,NULL,NULL,NULL,'2025/2026','active',NULL,NULL,'2026-04-17 00:49:11','2026-04-17 00:49:11',1,0),(26,37,NULL,NULL,'NURSERY 1',0,NULL,NULL,NULL,NULL,'2025/2026','active',NULL,NULL,'2026-04-17 00:49:26','2026-04-17 00:49:26',1,0),(27,35,NULL,NULL,'Basic 5',20,NULL,NULL,NULL,NULL,'2025/2026','active',NULL,NULL,'2026-04-17 00:50:09','2026-04-17 00:50:09',0,1),(28,35,NULL,NULL,'Basic 6',20,NULL,NULL,NULL,NULL,'2025/2026','active',NULL,NULL,'2026-04-17 00:50:09','2026-04-17 00:50:09',0,1),(29,35,NULL,NULL,'Basic 7',20,NULL,NULL,NULL,NULL,'2025/2026','active',NULL,NULL,'2026-04-17 00:50:09','2026-04-17 00:50:09',0,1),(30,39,NULL,NULL,'Basic 5',14,NULL,NULL,NULL,NULL,'2025/2026','active',NULL,NULL,'2026-04-17 00:50:32','2026-04-17 00:50:32',0,1),(31,39,NULL,NULL,'Basic 6',14,NULL,NULL,NULL,NULL,'2025/2026','active',NULL,NULL,'2026-04-17 00:50:32','2026-04-17 00:50:32',0,1),(32,39,NULL,NULL,'Basic 7',14,NULL,NULL,NULL,NULL,'2025/2026','active',NULL,NULL,'2026-04-17 00:50:32','2026-04-17 00:50:32',0,1),(33,39,NULL,NULL,'Basic 5',21,NULL,NULL,NULL,NULL,'2025/2026','active',NULL,NULL,'2026-04-17 00:51:04','2026-04-17 00:51:04',0,1),(34,39,NULL,NULL,'Basic 6',21,NULL,NULL,NULL,NULL,'2025/2026','active',NULL,NULL,'2026-04-17 00:51:04','2026-04-17 00:51:04',0,1),(35,39,NULL,NULL,'Basic 7',31,NULL,NULL,NULL,NULL,'2025/2026','active',NULL,NULL,'2026-04-17 00:51:23','2026-04-17 00:51:23',0,1),(36,31,NULL,NULL,'Basic 1',26,NULL,NULL,NULL,NULL,'2025/2026','active',NULL,NULL,'2026-04-17 01:00:10','2026-04-17 01:00:10',0,1),(37,31,NULL,NULL,'Basic 2',26,NULL,NULL,NULL,NULL,'2025/2026','active',NULL,NULL,'2026-04-17 01:00:10','2026-04-17 01:00:10',0,1),(38,31,NULL,NULL,'Basic 3',26,NULL,NULL,NULL,NULL,'2025/2026','active',NULL,NULL,'2026-04-17 01:00:10','2026-04-17 01:00:10',0,1),(39,31,NULL,NULL,'Basic 4',26,NULL,NULL,NULL,NULL,'2025/2026','active',NULL,NULL,'2026-04-17 01:00:10','2026-04-17 01:00:10',0,1),(40,31,NULL,NULL,'Basic 5',26,NULL,NULL,NULL,NULL,'2025/2026','active',NULL,NULL,'2026-04-17 01:00:10','2026-04-17 01:00:10',0,1),(41,31,NULL,NULL,'Basic 6',26,NULL,NULL,NULL,NULL,'2025/2026','active',NULL,NULL,'2026-04-17 01:00:10','2026-04-17 01:00:10',0,1),(42,31,NULL,NULL,'Basic 7',26,NULL,NULL,NULL,NULL,'2025/2026','active',NULL,NULL,'2026-04-17 01:00:10','2026-04-17 01:00:10',0,1);
/*!40000 ALTER TABLE `teacher_allocations` ENABLE KEYS */;
UNLOCK TABLES;

--
-- Table structure for table `term_budget_items`
--

DROP TABLE IF EXISTS `term_budget_items`;
/*!40101 SET @saved_cs_client     = @@character_set_client */;
/*!40101 SET character_set_client = utf8 */;
CREATE TABLE `term_budget_items` (
  `id` int NOT NULL AUTO_INCREMENT,
  `term_budget_id` int NOT NULL,
  `type` enum('income','expense') CHARACTER SET utf8mb4 COLLATE utf8mb4_unicode_ci NOT NULL DEFAULT 'expense',
  `category` varchar(255) CHARACTER SET utf8mb4 COLLATE utf8mb4_unicode_ci NOT NULL,
  `amount` decimal(12,2) NOT NULL DEFAULT '0.00',
  `created_at` timestamp NULL DEFAULT CURRENT_TIMESTAMP,
  PRIMARY KEY (`id`),
  KEY `idx_budget_id` (`term_budget_id`),
  KEY `idx_type` (`type`),
  CONSTRAINT `term_budget_items_ibfk_1` FOREIGN KEY (`term_budget_id`) REFERENCES `term_budgets` (`id`) ON DELETE CASCADE
) ENGINE=InnoDB AUTO_INCREMENT=241 DEFAULT CHARSET=utf8mb4 COLLATE=utf8mb4_unicode_ci;
/*!40101 SET character_set_client = @saved_cs_client */;

--
-- Dumping data for table `term_budget_items`
--

LOCK TABLES `term_budget_items` WRITE;
/*!40000 ALTER TABLE `term_budget_items` DISABLE KEYS */;
INSERT INTO `term_budget_items` VALUES (213,1,'income','ABACUS',6100.00,'2026-04-14 03:54:41'),(214,1,'income','ABACUS ( REGISTRATION , MATERIALS AND TRAINING)',700.00,'2026-04-14 03:54:41'),(215,1,'income','CUSTOMIZED UNIFORM ( SCHOOL  PRINT)',500.00,'2026-04-14 03:54:41'),(216,1,'income','Examination Fee',3540.00,'2026-04-14 03:54:41'),(217,1,'income','Feeding Fee',97527.00,'2026-04-14 03:54:41'),(218,1,'income','LACOST',480.00,'2026-04-14 03:54:41'),(219,1,'income','Outstanding Balance',42926.00,'2026-04-14 03:54:41'),(220,1,'income','REGULAR UNIFORM',4260.00,'2026-04-14 03:54:41'),(221,1,'income','TEXTBOOKS',1600.00,'2026-04-14 03:54:41'),(222,1,'income','TOILETERIES',8260.00,'2026-04-14 03:54:41'),(223,1,'income','TUITION FEE',86650.00,'2026-04-14 03:54:41'),(224,1,'income','VACATION PARTY',3540.00,'2026-04-14 03:54:41'),(225,1,'expense','ABACUS',3850.00,'2026-04-14 03:54:41'),(226,1,'expense','BOOK SUPPLIES',16000.00,'2026-04-14 03:54:41'),(227,1,'expense','CERTIFICATIONS AND REGISTRATIONS',600.00,'2026-04-14 03:54:41'),(228,1,'expense','Educational Materials',500.00,'2026-04-14 03:54:41'),(229,1,'expense','Food & Catering',30000.00,'2026-04-14 03:54:41'),(230,1,'expense','JANITORY',2000.00,'2026-04-14 03:54:41'),(231,1,'expense','LOANS',1.00,'2026-04-14 03:54:41'),(232,1,'expense','Maintenance',8000.00,'2026-04-14 03:54:41'),(233,1,'expense','MISCELLANEOUS',3000.00,'2026-04-14 03:54:41'),(234,1,'expense','Office Supplies',1.00,'2026-04-14 03:54:41'),(235,1,'expense','SSNIT',7000.00,'2026-04-14 03:54:41'),(236,1,'expense','Staff Salaries',99260.00,'2026-04-14 03:54:41'),(237,1,'expense','STATIONERY',500.00,'2026-04-14 03:54:41'),(238,1,'expense','Transportation',7200.00,'2026-04-14 03:54:41'),(239,1,'expense','UNIFORM COST',3000.00,'2026-04-14 03:54:41'),(240,1,'expense','Utilities',4800.00,'2026-04-14 03:54:41');
/*!40000 ALTER TABLE `term_budget_items` ENABLE KEYS */;
UNLOCK TABLES;

--
-- Table structure for table `term_budgets`
--

DROP TABLE IF EXISTS `term_budgets`;
/*!40101 SET @saved_cs_client     = @@character_set_client */;
/*!40101 SET character_set_client = utf8 */;
CREATE TABLE `term_budgets` (
  `id` int NOT NULL AUTO_INCREMENT,
  `term` varchar(50) CHARACTER SET utf8mb4 COLLATE utf8mb4_unicode_ci NOT NULL,
  `academic_year` varchar(50) CHARACTER SET utf8mb4 COLLATE utf8mb4_unicode_ci NOT NULL,
  `expected_income` decimal(12,2) NOT NULL DEFAULT '0.00',
  `created_at` timestamp NULL DEFAULT CURRENT_TIMESTAMP,
  `updated_at` timestamp NULL DEFAULT CURRENT_TIMESTAMP ON UPDATE CURRENT_TIMESTAMP,
  `status` enum('draft','approved','locked') CHARACTER SET utf8mb4 COLLATE utf8mb4_unicode_ci DEFAULT 'draft',
  `locked_at` datetime DEFAULT NULL,
  `locked_by` varchar(100) CHARACTER SET utf8mb4 COLLATE utf8mb4_unicode_ci DEFAULT NULL,
  PRIMARY KEY (`id`),
  UNIQUE KEY `unique_term_year` (`term`,`academic_year`),
  KEY `idx_term_year` (`term`,`academic_year`),
  KEY `idx_status` (`status`)
) ENGINE=InnoDB AUTO_INCREMENT=2 DEFAULT CHARSET=utf8mb4 COLLATE=utf8mb4_unicode_ci;
/*!40101 SET character_set_client = @saved_cs_client */;

--
-- Dumping data for table `term_budgets`
--

LOCK TABLES `term_budgets` WRITE;
/*!40000 ALTER TABLE `term_budgets` DISABLE KEYS */;
INSERT INTO `term_budgets` VALUES (1,'Second Term','2025/2026',256083.00,'2026-01-05 07:15:00','2026-04-14 03:54:41','draft',NULL,NULL);
/*!40000 ALTER TABLE `term_budgets` ENABLE KEYS */;
UNLOCK TABLES;

--
-- Table structure for table `users`
--

DROP TABLE IF EXISTS `users`;
/*!40101 SET @saved_cs_client     = @@character_set_client */;
/*!40101 SET character_set_client = utf8 */;
CREATE TABLE `users` (
  `id` int NOT NULL AUTO_INCREMENT,
  `username` varchar(50) CHARACTER SET utf8mb4 COLLATE utf8mb4_unicode_ci NOT NULL,
  `password` varchar(255) CHARACTER SET utf8mb4 COLLATE utf8mb4_unicode_ci NOT NULL,
  `role` enum('admin','staff') CHARACTER SET utf8mb4 COLLATE utf8mb4_unicode_ci DEFAULT 'admin',
  `created_at` timestamp NOT NULL DEFAULT CURRENT_TIMESTAMP,
  PRIMARY KEY (`id`),
  UNIQUE KEY `username` (`username`)
) ENGINE=InnoDB AUTO_INCREMENT=2 DEFAULT CHARSET=utf8mb4 COLLATE=utf8mb4_unicode_ci;
/*!40101 SET character_set_client = @saved_cs_client */;

--
-- Dumping data for table `users`
--

LOCK TABLES `users` WRITE;
/*!40000 ALTER TABLE `users` DISABLE KEYS */;
INSERT INTO `users` VALUES (1,'Admin_Eric','$2y$10$FxSnLFKb5g7.ch6fMEsuguB2gOdpfkkuFyoHOoEdS2CyLecUhc3je','admin','2025-10-01 16:59:56');
/*!40000 ALTER TABLE `users` ENABLE KEYS */;
UNLOCK TABLES;

--
-- Temporary table structure for view `v_fee_assignments`
--

DROP TABLE IF EXISTS `v_fee_assignments`;
/*!50001 DROP VIEW IF EXISTS `v_fee_assignments`*/;
SET @saved_cs_client     = @@character_set_client;
SET character_set_client = utf8;
/*!50001 CREATE VIEW `v_fee_assignments` AS SELECT
 1 AS `assignment_id`,
  1 AS `student_name`,
  1 AS `student_class`,
  1 AS `fee_name`,
  1 AS `fee_type`,
  1 AS `amount`,
  1 AS `due_date`,
  1 AS `semester`,
  1 AS `assigned_date`,
  1 AS `status`,
  1 AS `notes`,
  1 AS `days_to_due`,
  1 AS `payment_status` */;
SET character_set_client = @saved_cs_client;

--
-- Final view structure for view `v_fee_assignments`
--

/*!50001 DROP VIEW IF EXISTS `v_fee_assignments`*/;
/*!50001 SET @saved_cs_client          = @@character_set_client */;
/*!50001 SET @saved_cs_results         = @@character_set_results */;
/*!50001 SET @saved_col_connection     = @@collation_connection */;
/*!50001 SET character_set_client      = cp850 */;
/*!50001 SET character_set_results     = cp850 */;
/*!50001 SET collation_connection      = cp850_general_ci */;
/*!50001 CREATE ALGORITHM=UNDEFINED */
/*!50013  SQL SECURITY DEFINER */
/*!50001 VIEW `v_fee_assignments` AS select `sf`.`id` AS `assignment_id`,concat(`s`.`first_name`,' ',`s`.`last_name`) AS `student_name`,`s`.`class` AS `student_class`,`f`.`name` AS `fee_name`,`f`.`fee_type` AS `fee_type`,`sf`.`amount` AS `amount`,`sf`.`due_date` AS `due_date`,`sf`.`semester` AS `semester`,`sf`.`assigned_date` AS `assigned_date`,`sf`.`status` AS `status`,`sf`.`notes` AS `notes`,(to_days(`sf`.`due_date`) - to_days(curdate())) AS `days_to_due`,(case when (`sf`.`status` = 'paid') then 'Paid' when ((`sf`.`due_date` < curdate()) and (`sf`.`status` = 'pending')) then 'Overdue' when (((to_days(`sf`.`due_date`) - to_days(curdate())) <= 7) and (`sf`.`status` = 'pending')) then 'Due Soon' else 'Pending' end) AS `payment_status` from ((`student_fees` `sf` join `students` `s` on((`sf`.`student_id` = `s`.`id`))) join `fees` `f` on((`sf`.`fee_id` = `f`.`id`))) where (`sf`.`status` <> 'cancelled') order by `sf`.`due_date` desc,`s`.`class`,`s`.`first_name` */;
/*!50001 SET character_set_client      = @saved_cs_client */;
/*!50001 SET character_set_results     = @saved_cs_results */;
/*!50001 SET collation_connection      = @saved_col_connection */;
/*!40103 SET TIME_ZONE=@OLD_TIME_ZONE */;

/*!40101 SET SQL_MODE=@OLD_SQL_MODE */;
/*!40014 SET FOREIGN_KEY_CHECKS=@OLD_FOREIGN_KEY_CHECKS */;
/*!40014 SET UNIQUE_CHECKS=@OLD_UNIQUE_CHECKS */;
/*!40101 SET CHARACTER_SET_CLIENT=@OLD_CHARACTER_SET_CLIENT */;
/*!40101 SET CHARACTER_SET_RESULTS=@OLD_CHARACTER_SET_RESULTS */;
/*!40101 SET COLLATION_CONNECTION=@OLD_COLLATION_CONNECTION */;
/*!40111 SET SQL_NOTES=@OLD_SQL_NOTES */;

-- Dump completed on 2026-04-17  5:59:07
