-- phpMyAdmin SQL Dump
-- version 5.2.2
-- https://www.phpmyadmin.net/
--
-- Host: 127.0.0.1:3306
-- Generation Time: Dec 23, 2025 at 05:24 PM
-- Server version: 11.8.3-MariaDB-log
-- PHP Version: 7.2.34

SET SQL_MODE = "NO_AUTO_VALUE_ON_ZERO";
START TRANSACTION;
SET time_zone = "+00:00";


/*!40101 SET @OLD_CHARACTER_SET_CLIENT=@@CHARACTER_SET_CLIENT */;
/*!40101 SET @OLD_CHARACTER_SET_RESULTS=@@CHARACTER_SET_RESULTS */;
/*!40101 SET @OLD_COLLATION_CONNECTION=@@COLLATION_CONNECTION */;
/*!40101 SET NAMES utf8mb4 */;

--
-- Database: `u420775839_salba_acc`
--

-- --------------------------------------------------------

--
-- Table structure for table `classes`
--

CREATE TABLE `classes` (
  `id` int(11) NOT NULL,
  `name` varchar(50) DEFAULT NULL,
  `Level` varchar(255) DEFAULT NULL,
  `created_at` timestamp NOT NULL DEFAULT current_timestamp()
) ENGINE=InnoDB DEFAULT CHARSET=utf8mb4 COLLATE=utf8mb4_unicode_ci;

--
-- Dumping data for table `classes`
--

INSERT INTO `classes` (`id`, `name`, `Level`, `created_at`) VALUES
(1, 'Creche', 'Early Years', '2025-10-01 16:59:28'),
(2, 'Nursery 1', 'Early Years', '2025-10-01 16:59:28'),
(3, 'Nursery 2', 'Early Years', '2025-10-01 16:59:28'),
(4, 'KG 1', 'Early Years', '2025-10-01 16:59:28'),
(5, 'KG 2', 'Early Years', '2025-10-01 16:59:28'),
(6, 'Basic 1', 'Primary', '2025-10-01 16:59:28'),
(7, 'Basic 2', 'Primary', '2025-10-01 16:59:28'),
(8, 'Basic 3', 'Primary', '2025-10-01 16:59:28'),
(9, 'Basic 4', 'Primary', '2025-10-01 16:59:28'),
(10, 'Basic 5', 'Primary', '2025-10-01 16:59:28'),
(11, 'Basic 6', 'Primary', '2025-10-01 16:59:28'),
(12, 'Basic 7', 'Primary', '2025-10-01 16:59:28');

-- --------------------------------------------------------

--
-- Table structure for table `expenses`
--

CREATE TABLE `expenses` (
  `id` int(11) NOT NULL,
  `category_id` int(11) DEFAULT NULL,
  `amount` decimal(10,2) NOT NULL,
  `expense_date` date NOT NULL,
  `description` text DEFAULT NULL
) ENGINE=InnoDB DEFAULT CHARSET=utf8mb4 COLLATE=utf8mb4_unicode_ci;

--
-- Dumping data for table `expenses`
--

INSERT INTO `expenses` (`id`, `category_id`, `amount`, `expense_date`, `description`) VALUES
(1, 6, 250.00, '2025-10-02', 'Cost of 5kg of chicken'),
(2, 4, 20400.00, '2025-10-29', 'Staff salaries for October'),
(3, 6, 945.00, '2025-10-03', 'Cost of monthly food items'),
(4, 3, 100.00, '2025-10-03', 'Cost of light bulbs'),
(5, 8, 350.00, '2025-10-03', 'Cost of uniforms sown'),
(6, 9, 100.00, '2025-10-06', 'Books'),
(7, 1, 250.00, '2025-10-05', 'Cost of Electricity'),
(8, 3, 100.00, '2025-10-05', 'Cost of disposing trash'),
(9, 3, 300.00, '2025-10-08', 'Cost of leauver blades amd ceiling joint for work on the crèche windows'),
(10, 10, 20.00, '2025-10-08', 'Amount given to the cleaner as transportation by Dr Bermudez'),
(11, 3, 520.00, '2025-10-08', 'Cost of relocating sink to accommodate the new gas stove'),
(12, 3, 1860.00, '2025-09-03', 'Plywood and nails'),
(13, 3, 250.00, '2025-09-04', 'Deluxe, thinner, roller, brush'),
(14, 7, 500.00, '2025-09-23', 'Refill ink, marker'),
(15, 3, 120.00, '2025-10-07', 'Gas tube'),
(16, 2, 1390.00, '2025-10-07', 'System unit core, wired keyboard, wired mouse, Bluetooth dongle'),
(17, 7, 1000.00, '2025-09-10', 'Laminated board'),
(18, 3, 100.00, '2025-09-03', 'Bulbs'),
(19, 2, 75.00, '2025-09-18', 'Drugs'),
(20, 2, 130.00, '2025-09-15', 'Drugs'),
(21, 11, 3000.00, '2025-10-01', 'Books supplied'),
(22, 11, 3000.00, '2025-09-10', 'part payment made  to annointed publications for preschool books supplies'),
(23, 11, 2000.00, '2025-09-15', 'Books supplied'),
(24, 11, 1692.00, '2025-09-02', 'Part payment made to riverside publications for preschool books'),
(25, 7, 323.00, '2025-09-06', 'Pens, registers, dusters, staplers, staple pins'),
(26, 11, 3754.70, '2025-09-05', 'Books'),
(27, 3, 250.00, '2025-09-09', 'Broom sticks, mop bucket'),
(28, 6, 640.00, '2025-09-03', 'Rice'),
(29, 2, 40.00, '2025-09-03', 'Balloon'),
(30, 2, 63.00, '2025-09-03', 'Printing'),
(31, 3, 30.00, '2025-09-09', 'Plugs, tester,'),
(32, 3, 30.00, '2025-10-06', 'Dustbin bags'),
(33, 7, 200.00, '2025-10-09', 'Cost of Note 1 (5) and Note 3 (25)'),
(34, 8, 1000.00, '2025-09-04', 'Amount paid to Mr. Glover for balance of uniforms produce'),
(35, 8, 1410.00, '2025-09-04', 'Cost of producing 20 PE uniform and alterations on 10 extra once'),
(36, 8, 1000.00, '2025-09-04', 'Part payment for Basic one and  new admission uniform sewn by Anutie Adjoa BA( Otua)'),
(37, 3, 600.00, '2025-09-08', 'Payment to Mr. Asamoah, electrician, for a wiring work on the last floor'),
(38, 3, 500.00, '2025-09-08', 'Payment made to Mr. Sammy Mason as part payment of constructing the classroom block'),
(39, 3, 300.00, '2025-09-08', 'Payment to the carpenter Joe , for work done'),
(40, 12, 500.00, '2025-10-09', 'Cost of renewing DAY CARE Certificate'),
(41, 6, 5842.00, '2025-10-09', 'Cost of 5 bags of rice,tomaot paste, 2 gallons of oil, maggie'),
(42, 13, 3000.00, '2025-10-09', 'Amount given to Ms Emmanuella as a loan for her rent.'),
(43, 10, 150.00, '2025-10-10', 'Cost of medication for the cook'),
(44, 3, 1430.00, '2025-10-13', 'Cost of 15 bags of cement with transportation'),
(45, 6, 190.00, '2025-10-13', 'Cost of corn dough, fresh tomatoe, wooden spatular'),
(46, 6, 200.00, '2025-10-13', 'Cost of Beans, Vegetables, fish and waakye leaves'),
(47, 6, 250.00, '2025-10-13', 'Chicken -5kg'),
(48, 5, 30.00, '2025-10-13', 'Cost of transporting food items'),
(49, 6, 250.00, '2025-10-14', 'Chicken'),
(50, 10, 80.00, '2025-10-14', 'Disposal of refuse'),
(51, 5, 30.00, '2025-10-14', 'Transportation for food items'),
(52, 14, 90.00, '2025-10-13', 'Exercise book for new admitted student as part of the discount bill'),
(53, 6, 630.00, '2025-10-12', 'Bag of Rice'),
(54, 5, 30.00, '2025-10-12', 'Transportation for bag of Rice'),
(55, 6, 240.00, '2025-09-08', 'Chicken cost'),
(56, 6, 250.00, '2025-09-08', 'Corn dough,Fresh tomatoes,Groundnut paste'),
(57, 6, 250.00, '2025-10-09', 'Chicken cost'),
(58, 6, 90.00, '2025-09-10', 'Egg and vegetables'),
(59, 6, 630.00, '2025-09-10', 'Beans, Plantain,Red oil,Transport for food supplies'),
(60, 6, 147.00, '2025-09-11', 'Groundnut paste, Tomato paste,Fresh tomatoes'),
(61, 6, 250.00, '2025-09-15', 'Chicken cost'),
(62, 6, 250.00, '2025-09-15', 'Corn dough,Fresh tomatoes, Groundnut paste'),
(63, 6, 250.00, '2025-09-16', 'Chicken cost'),
(64, 6, 90.00, '2025-09-17', 'Vegetables and egg'),
(65, 6, 630.00, '2025-09-17', 'Beans, plantain,Red oil, Transportation for food items'),
(66, 6, 147.00, '2025-09-18', 'Groundnut paste, Tomato paste,Fresh tomatoes'),
(67, 6, 250.00, '2025-09-22', 'Chicken cost'),
(68, 6, 250.00, '2025-09-22', 'Corn dough,fresh tomatoes, Groundnut paste'),
(69, 6, 250.00, '2025-09-23', 'Chicken cost'),
(70, 6, 90.00, '2025-09-24', 'Egg and vegetables'),
(71, 6, 630.00, '2025-09-24', 'Beans, plantain,Red oil, Transportation for food items'),
(72, 6, 147.00, '2025-09-25', 'Groundnut paste, tomato paste,Fresh tomatoes'),
(73, 6, 250.00, '2025-09-29', 'Chicken cost'),
(74, 6, 250.00, '2025-09-29', 'Corn dough,fresh tomatoes, Groundnut paste'),
(75, 6, 250.00, '2025-09-30', 'Chicken cost'),
(76, 6, 90.00, '2025-10-01', 'Egg and vegetables'),
(77, 6, 630.00, '2025-10-01', 'Beans, plantain,Red oil, transportation for food items'),
(78, 6, 147.00, '2025-10-02', 'Groundnut paste, tomato paste, fresh tomatoes'),
(79, 6, 250.00, '2025-10-06', 'Chicken costr'),
(80, 6, 250.00, '2025-10-06', 'Corn dough, fresh tomatoes, Groundnut paste'),
(81, 6, 250.00, '2025-10-07', 'Chicken cost'),
(82, 6, 90.00, '2025-10-08', 'Egg and vegetables'),
(83, 6, 630.00, '2025-10-08', 'Beans, plantain,Red oil, transportation fee for food'),
(84, 6, 147.00, '2025-10-09', 'Groundnut paste, Tomato paste,Fresh tomatoes'),
(85, 6, 250.00, '2025-10-14', 'Chicken cost'),
(86, 5, 30.00, '2025-10-14', 'Transportation for food items'),
(87, 5, 20.00, '2025-09-03', 'Transportation for Abeiku'),
(88, 15, 110.00, '2025-09-04', 'Mop for Madam Sallah'),
(89, 3, 790.00, '2025-09-08', 'Partition by Carpenter and workmanship'),
(90, 3, 690.00, '2025-09-09', 'Cost of.making short doors plus carpenter\'s workmanship'),
(91, 3, 520.00, '2025-10-08', 'Cost of relocating sink to accommodate the new gas stove'),
(92, 4, 500.00, '2025-09-16', 'Extra classes for Teachers'),
(93, 10, 50.00, '2025-09-19', 'Doctor Bermudez for official'),
(94, 3, 650.00, '2025-09-19', 'Mr.Felix (Tiler ) by Doctor Bermudez'),
(95, 4, 500.00, '2025-09-19', 'Classes for Teachers'),
(96, 6, 150.00, '2025-09-19', 'Popcorn 🍿'),
(97, 4, 110.00, '2025-10-28', 'Amount given to Ms Emmanuella as September salary amd 100 cedis for transportation to hospital'),
(98, 11, 4000.00, '2025-10-14', 'Part payment for York series'),
(99, 14, 200.00, '2025-10-14', 'Cost of notebooks for the teachers and replacing Klenams lost books'),
(100, 3, 2000.00, '2025-10-13', 'Part payment for Tiling work'),
(101, 3, 1500.00, '2025-09-19', 'Final Payment made to Mr Sammy mason for construction work done'),
(102, 6, 95.00, '2025-10-15', 'Eggs and vegetables'),
(103, 6, 790.00, '2025-10-15', 'Cost of 2 buckets of groundnut paste with transportation'),
(104, 15, 800.00, '2025-10-13', 'Cost of 11 gallons of liquid soap and 5 bleach'),
(105, 2, 600.00, '2025-10-03', 'Cost of 20 receipt books'),
(106, 8, 4545.00, '2025-08-04', 'Student lacost -81, teachers lacost-20'),
(107, 10, 1000.00, '2025-10-15', 'Part payment for graduation pictures  to Sir Jerry'),
(108, 6, 180.00, '2025-10-16', 'Sausage for waakye'),
(109, 5, 30.00, '2025-10-16', 'Transportation for food items'),
(110, 6, 250.00, '2025-09-12', 'Chicken cost'),
(111, 6, 10.00, '2025-09-12', 'Fresh tomatoes for soup'),
(112, 6, 250.00, '2025-09-19', 'Chicken cost'),
(113, 6, 10.00, '2025-09-19', 'Fresh tomatoes'),
(114, 6, 250.00, '2025-09-26', 'Chicken cost'),
(115, 6, 10.00, '2025-09-26', 'Fresh tomatoes'),
(116, 6, 250.00, '2025-10-03', 'Chicken cost'),
(117, 6, 10.00, '2025-10-03', 'Fresh tomatoes cost'),
(118, 6, 250.00, '2025-10-10', 'Chicken cost'),
(119, 6, 10.00, '2025-10-10', 'Fresh tomatoes cost'),
(120, 6, 250.00, '2025-10-17', 'Chicken cost'),
(121, 6, 10.00, '2025-10-17', 'Fresh tomatoes cost'),
(122, 3, 574.00, '2025-10-16', 'Cement 32.5R'),
(123, 5, 100.00, '2025-10-16', 'Transportation for cement'),
(124, 6, 620.00, '2025-10-17', 'Creed rice 50 Kg'),
(125, 6, 250.00, '2025-10-20', 'Chicken cost'),
(126, 3, 278.00, '2025-10-20', 'LPG-19kg'),
(127, 6, 560.00, '2025-10-20', 'Oil for cooking'),
(128, 3, 17.50, '2025-10-20', 'PVC chips'),
(129, 6, 150.00, '2025-10-20', 'Corn dough and fresh tomatoes'),
(130, 6, 250.00, '2025-10-21', 'Chicken cost'),
(131, 10, 70.00, '2025-10-20', 'Refuse (bola)'),
(132, 10, 50.00, '2025-10-20', 'Screws'),
(133, 5, 30.00, '2025-10-21', 'Transportation for food items'),
(134, 6, 160.00, '2025-10-21', 'Four packs of bottled water'),
(135, 6, 90.00, '2025-10-22', 'crate of eggs'),
(136, 8, 100.00, '2025-10-21', 'Uniform'),
(137, 2, 50.00, '2025-10-22', 'Medication for Jerry'),
(138, 3, 60.00, '2025-10-22', 'Cost of fixing the sink tube'),
(139, 10, 650.00, '2025-09-18', 'Amount sent to Felix ,Tiler ordered by Dr Bermudez'),
(140, 10, 1500.00, '2025-09-04', 'Amount given to the mason for a work done at Gbawe ordered by Sr Bermudez'),
(141, 6, 990.00, '2025-09-04', 'Monthly expenditure on food items'),
(142, 6, 950.00, '2025-10-03', 'Monthly expenditure on food items'),
(143, 3, 1000.00, '2025-10-22', 'Part payment as workman’s for the tiling work in the conference room'),
(144, 3, 3500.00, '2025-09-30', 'Cost of Gas cylinder, burner and cooking pot'),
(145, 6, 145.00, '2025-10-22', 'Cost of Beans and waakye leaves'),
(146, 5, 30.00, '2025-10-23', 'Transportation for food items'),
(147, 6, 200.00, '2025-10-23', '10 pack of Sausage'),
(148, 4, 200.00, '2025-10-24', 'Amount given to Asempa as pocket money'),
(149, 4, 100.00, '2025-10-17', 'Amount given to Asempa as pocket money'),
(150, 12, 600.00, '2025-10-27', 'Renewal is NASIA license'),
(151, 3, 1350.00, '2025-10-27', 'Cost of 3 fans'),
(152, 3, 600.00, '2025-10-27', 'Cost of maintenance on the pick up'),
(153, 6, 250.00, '2025-10-27', 'Cost of 5kg chicken'),
(154, 6, 150.00, '2025-10-27', 'Cost of corn dough and and fresh tomatoes'),
(155, 4, 200.00, '2025-10-07', 'Amount given to Sir Asempa as pocket money'),
(156, 6, 650.00, '2025-10-26', 'Cost of Rice with transportation'),
(157, 3, 500.00, '2025-11-02', 'Payment for tilling the kitchen wall'),
(158, 14, 28.00, '2025-11-04', 'Cost of printing CAT2'),
(159, 2, 5.00, '2025-11-04', 'Cost of printing Nss letter'),
(160, 5, 600.00, '2025-11-04', 'Cost of fuel for the pick up car'),
(161, 10, 200.00, '2025-09-14', 'Amount sent to Janet Essuman ordered by Dr for the grand daughter'),
(162, 8, 500.00, '2025-11-05', 'Part payment new uniforms sown'),
(163, 6, 175.00, '2025-11-05', 'Beans and waakye leaves'),
(164, 4, 1200.00, '2025-10-03', 'Me Boaky’s send off money'),
(165, 16, 729.00, '2025-09-17', 'SNNIT contribution'),
(166, 16, 729.00, '2025-11-06', 'SSNIT contribution'),
(167, 16, 729.00, '2025-11-06', 'September SSNIT contribution'),
(168, 14, 115.00, '2025-11-06', 'Cost of printing CAT2 second set of question and fruit day pictures'),
(169, 10, 600.00, '2025-11-06', 'Amount sent to Dr Bermudez for official use'),
(170, 6, 15.00, '2025-11-06', 'Cost of spices and salt'),
(171, 6, 180.00, '2025-11-06', 'Cost of sausage'),
(172, 3, 300.00, '2025-11-02', 'Filling of Gas with transportation'),
(173, 9, 2000.00, '2025-11-06', 'Abacus payment'),
(174, 6, 650.00, '2025-11-03', 'Cost of rice'),
(175, 6, 250.00, '2025-11-03', 'Cost of chicken'),
(176, 6, 250.00, '2025-11-04', 'Cost of chicken'),
(177, 6, 30.00, '2025-11-04', 'Cost of transportation for cook'),
(178, 6, 30.00, '2025-11-04', 'Cost of transportation for cook'),
(179, 6, 180.00, '2025-11-06', 'Cost of sausage'),
(180, 11, 2000.00, '2025-11-06', 'Riverside books'),
(181, 6, 90.00, '2025-11-05', 'Cost of Living Egg and spices'),
(182, 14, 56.00, '2025-11-07', 'Cost of printing art work for KG2'),
(183, 6, 250.00, '2025-11-11', '5 kg of chicken'),
(184, 6, 38.00, '2025-11-11', 'Cost of a sachet of tomato paste'),
(185, 6, 980.00, '2025-11-12', 'Cost of foodstuff during the month of November'),
(186, 6, 90.00, '2025-11-12', ''),
(187, 6, 37.00, '2025-11-12', 'Tomato paste'),
(188, 5, 30.00, '2025-11-12', 'Transportation'),
(189, 6, 1124.00, '2025-11-10', 'Foodstuff (rice ,oil and chicken)'),
(190, 15, 20.00, '2025-11-13', 'Cost of washing'),
(191, 6, 180.00, '2025-11-13', 'Cost of sausages'),
(192, 6, 30.00, '2025-11-13', 'Cost of transportation for cook'),
(193, 6, 10.00, '2025-11-13', 'Cost of fish powder'),
(194, 6, 37.00, '2025-11-13', 'Cost of sachet of tomato paste'),
(195, 6, 250.00, '2025-11-14', 'Cost of chicken'),
(196, 6, 37.00, '2025-11-14', 'Cost of sachet of tomato paste'),
(197, 6, 10.00, '2025-11-14', 'Cost of fresh tomatoes'),
(198, 2, 550.00, '2025-11-14', 'Domain for Salba'),
(199, 3, 500.00, '2025-11-13', 'Amount sent to Mr David( Plubmer) for a work done at Gbawe'),
(200, 3, 300.00, '2025-11-14', 'Cost of filling the gas cylinder'),
(201, 4, 18200.00, '2025-11-27', 'Staff Salaries for October 2025'),
(202, 3, 35.00, '2025-11-14', 'Cost of  a hoe'),
(203, 7, 500.00, '2025-10-09', 'Ink and markers'),
(204, 6, 350.00, '2025-11-17', 'Cost of box of tomato paste'),
(205, 15, 100.00, '2025-11-17', 'Cost of 2 standing brooms'),
(206, 6, 250.00, '2025-11-17', 'Cost of chicken'),
(207, 15, 30.00, '2025-11-17', 'Cost of waste disposal'),
(208, 3, 250.00, '2025-11-18', 'Cost of materials and workmanship for plumber'),
(209, 6, 250.00, '2025-11-18', 'Cost for chicken'),
(210, 6, 30.00, '2025-11-18', 'Cost of transportation for cook'),
(211, 7, 192.00, '2025-11-18', 'Cost for push pins, correction pen, pen tonic, pen, laminating films'),
(212, 10, 100.00, '2025-10-10', 'Payment to Dr Bermudez for official use'),
(213, 10, 500.00, '2025-10-13', 'Payment to Dr Bermudez for official use'),
(214, 6, 90.00, '2025-11-19', 'Cost of egg, and vegetables'),
(215, 6, 630.00, '2025-11-19', '45 kg rice'),
(216, 6, 250.00, '2025-11-24', 'Cost of chicken'),
(217, 15, 50.00, '2025-11-24', 'Cost for disposal of waste'),
(218, 3, 100.00, '2025-11-24', 'Cost of workmanship for repair of electrical fault'),
(219, 1, 300.00, '2025-11-25', 'Cost of LPG for the kitchen'),
(220, 10, 800.00, '2025-11-25', 'Sent to Pastor Benjamin Ordered by Dr Bermudez'),
(221, 15, 170.00, '2025-11-25', '7 packs of toiletries'),
(222, 6, 10.00, '2025-11-25', 'Cost of fresh tomatoes'),
(223, 6, 250.00, '2025-11-25', 'Cost of chicken'),
(224, 6, 30.00, '2025-11-25', 'Cost of transportation for cook'),
(225, 6, 140.00, '2025-11-25', 'Cost of ingredients for banku'),
(226, 6, 90.00, '2025-11-26', 'Cost of crate of eggs'),
(227, 6, 145.00, '2025-11-26', 'Cost of foodstuffs for waakye'),
(228, 3, 100.00, '2025-11-29', 'Cost of fixing fan'),
(229, 5, 100.00, '2025-11-29', 'Fuel for the pick up car'),
(230, 2, 50.00, '2025-11-28', 'Cost of pendrive'),
(231, 14, 40.00, '2025-11-28', 'Cost of printing CAT 3 exams'),
(232, 11, 1000.00, '2025-12-02', 'Fun Series'),
(233, 11, 2000.00, '2025-12-02', 'York series'),
(234, 11, 2000.00, '2025-11-21', 'NAKY pub. Creative Arts'),
(235, 6, 114.00, '2025-12-02', 'Cost of 2 creates of egg'),
(236, 11, 20.00, '2025-12-02', 'Cost of groundnut paste'),
(237, 5, 30.00, '2025-12-02', 'Cost of transportation for food items'),
(238, 11, 151.00, '2025-12-02', 'Cost of corn Dough and tomatoe'),
(239, 6, 30.00, '2025-11-27', 'Cost of transportation for foodstuffs'),
(240, 6, 190.00, '2025-11-27', 'Cost of sausages and fish powder'),
(241, 6, 650.00, '2025-11-27', 'Cost of bag of rice'),
(242, 6, 260.00, '2025-11-28', 'Cost of chicken and fresh tomatoes'),
(243, 15, 13.00, '2025-11-28', 'Cost of washing powder'),
(244, 2, 50.00, '2025-11-28', 'Cost of stamp'),
(245, 6, 250.00, '2025-12-01', 'Cost of chicken'),
(246, 6, 620.00, '2025-12-04', 'Cost of bag of rice'),
(247, 6, 250.00, '2025-12-08', 'Cost of chicken'),
(249, 7, 100.00, '2025-12-08', 'Cost of printing extra exam papers'),
(250, 6, 250.00, '2025-12-08', 'Cost of groundnut paste, cassava and corn dough and fresh tomatoes'),
(251, 3, 3000.00, '2025-12-08', 'Cost of pulling toilet at Gbawe'),
(252, 4, 1000.00, '2025-12-11', 'Part payment to Mr. Henry Tetteh as salary for November'),
(253, 14, 760.00, '2025-12-08', 'Cost of exams questions from best brain'),
(254, 6, 280.00, '2025-12-09', 'Cost of chicken and transportation for cook'),
(255, 15, 35.00, '2025-12-09', 'Cost of disposal of waste'),
(256, 6, 20.00, '2025-12-10', 'Cost of fish powder and vegetables'),
(257, 3, 50.00, '2025-12-10', 'Cost of hammer and wall nails'),
(258, 6, 145.00, '2025-12-10', 'Cost of beans and waakye leaves'),
(259, 6, 200.00, '2025-12-11', 'Cost of sausages, fish powder and salt'),
(260, 6, 30.00, '2025-12-11', 'Cost of transportation for cook'),
(261, 6, 260.00, '2025-12-12', 'Cost of chicken and fresh tomatoes'),
(262, 6, 20.00, '2025-12-12', 'Cost of washing powder'),
(263, 6, 250.00, '2025-12-15', 'Cost of chicken'),
(264, 5, 30.00, '2025-12-15', 'Cost of transportation for printing exam questions'),
(265, 6, 228.00, '2025-12-15', 'Cost of 4 crates of eggs'),
(266, 6, 230.00, '2025-12-15', 'Cost of oil and transportation'),
(267, 6, 250.00, '2025-12-15', 'Cost of corn dough ,groundnut paste and fresh tomatoes'),
(268, 9, 1000.00, '2025-12-10', 'Part payment'),
(269, 7, 120.00, '2025-12-16', 'Cost of 3 packs of brown envelopes'),
(270, 6, 313.00, '2025-12-16', 'Cost of chicken, onions, salt, seasoning, washing powder and transportation'),
(271, 3, 100.00, '2025-12-20', 'Cost of resolving power issues on the electricity pole'),
(272, 3, 70.00, '2025-12-20', 'Cost of transportation for speaker used for the Christmas production in and out'),
(273, 6, 1600.00, '2025-12-10', 'Part Payment for our day food'),
(274, 3, 70.00, '2025-12-20', 'Cost of transportation for speaker used for the Christmas production in and out');

-- --------------------------------------------------------

--
-- Table structure for table `expense_categories`
--

CREATE TABLE `expense_categories` (
  `id` int(11) NOT NULL,
  `name` varchar(100) NOT NULL
) ENGINE=InnoDB DEFAULT CHARSET=utf8mb4 COLLATE=utf8mb4_unicode_ci;

--
-- Dumping data for table `expense_categories`
--

INSERT INTO `expense_categories` (`id`, `name`) VALUES
(9, 'ABACUS'),
(11, 'BOOK SUPPLIES'),
(12, 'CERTIFICATIONS AND REGISTRATIONS'),
(7, 'Educational Materials'),
(6, 'Food & Catering'),
(15, 'JANITORY'),
(13, 'LOANS'),
(3, 'Maintenance'),
(10, 'MISCELLANEOUS'),
(2, 'Office Supplies'),
(16, 'SSNIT'),
(4, 'Staff Salaries'),
(14, 'STATIONERY'),
(5, 'Transportation'),
(8, 'UNIFORM COST'),
(1, 'Utilities');

-- --------------------------------------------------------

--
-- Table structure for table `fees`
--

CREATE TABLE `fees` (
  `id` int(11) NOT NULL,
  `name` varchar(100) NOT NULL,
  `amount` decimal(10,2) DEFAULT NULL,
  `fee_type` enum('fixed','class_based','category') DEFAULT 'fixed',
  `description` text DEFAULT NULL,
  `created_at` timestamp NOT NULL DEFAULT current_timestamp()
) ENGINE=InnoDB DEFAULT CHARSET=utf8mb4 COLLATE=utf8mb4_unicode_ci;

--
-- Dumping data for table `fees`
--

INSERT INTO `fees` (`id`, `name`, `amount`, `fee_type`, `description`, `created_at`) VALUES
(1, 'TUITION FEE', 0.00, 'class_based', 'Termly tuition fees', '2025-10-01 16:59:28'),
(2, 'Feeding Fee', 0.00, 'class_based', 'Daily feeding charges', '2025-10-01 16:59:28'),
(3, 'ADMISSION FEE', 2000.00, 'fixed', 'One-time registration fee', '2025-10-01 16:59:28'),
(4, 'REGULAR UNIFORM', 150.00, 'fixed', 'School uniform charges', '2025-10-01 16:59:28'),
(5, 'TEXTBOOKS', 0.00, 'class_based', 'Textbooks and materials', '2025-10-01 16:59:28'),
(6, 'ABACUS', 100.00, 'fixed', '', '2025-10-01 18:17:36'),
(7, 'ABACUS ( REGISTRATION , MATERIALS AND TRAINING)', 250.00, 'fixed', '', '2025-10-01 18:18:46'),
(8, 'Examination Fee', 30.00, 'fixed', '', '2025-10-01 18:19:57'),
(9, 'VACATION PARTY', 30.00, 'fixed', '', '2025-10-01 18:20:22'),
(10, 'CUSTOMIZED UNIFORM ( SCHOOL  PRINT)', 250.00, 'fixed', '', '2025-10-01 18:21:17'),
(11, 'TOILETERIES', 70.00, 'fixed', '', '2025-10-01 18:22:28'),
(12, 'ARREARS', 100.00, 'fixed', '', '2025-10-01 18:23:53'),
(13, 'SPORTS WEAR', 100.00, 'fixed', 'Attire for PE', '2025-10-04 19:28:19'),
(14, 'LACOST', 80.00, 'fixed', '', '2025-10-04 19:28:52');

-- --------------------------------------------------------

--
-- Table structure for table `fee_amounts`
--

CREATE TABLE `fee_amounts` (
  `id` int(11) NOT NULL,
  `fee_id` int(11) NOT NULL,
  `class_name` varchar(50) DEFAULT NULL,
  `category` varchar(50) DEFAULT NULL,
  `amount` decimal(10,2) NOT NULL
) ENGINE=InnoDB DEFAULT CHARSET=utf8mb4 COLLATE=utf8mb4_unicode_ci;

--
-- Dumping data for table `fee_amounts`
--

INSERT INTO `fee_amounts` (`id`, `fee_id`, `class_name`, `category`, `amount`) VALUES
(1, 5, 'Creche', NULL, 250.00),
(2, 5, 'Nursery 1', NULL, 450.00),
(3, 5, 'Nursery 2', NULL, 450.00),
(4, 5, 'KG 1', NULL, 450.00),
(5, 5, 'KG 2', NULL, 450.00),
(6, 5, 'Basic 1', NULL, 800.00),
(7, 5, 'Basic 2', NULL, 800.00),
(8, 5, 'Basic 3', NULL, 800.00),
(9, 5, 'Basic 4', NULL, 800.00),
(10, 5, 'Basic 5', NULL, 800.00),
(11, 5, 'Basic 6', NULL, 800.00),
(12, 5, 'Basic 7', NULL, 850.00),
(13, 2, 'Creche', NULL, 1040.00),
(14, 2, 'Nursery 1', NULL, 1040.00),
(15, 2, 'Nursery 2', NULL, 1040.00),
(16, 2, 'KG 1', NULL, 1200.00),
(17, 2, 'KG 2', NULL, 1200.00),
(18, 2, 'Basic 1', NULL, 1200.00),
(19, 2, 'Basic 2', NULL, 1200.00),
(20, 2, 'Basic 3', NULL, 1200.00),
(21, 2, 'Basic 4', NULL, 1200.00),
(22, 2, 'Basic 5', NULL, 1200.00),
(23, 2, 'Basic 6', NULL, 1200.00),
(24, 2, 'Basic 7', NULL, 1200.00),
(29, 1, 'Creche', NULL, 700.00),
(30, 1, 'Nursery 1', NULL, 700.00),
(31, 1, 'Nursery 2', NULL, 700.00),
(32, 1, 'KG 1', NULL, 700.00),
(33, 1, 'KG 2', NULL, 700.00),
(34, 1, 'Basic 1', NULL, 800.00),
(35, 1, 'Basic 2', NULL, 800.00),
(36, 1, 'Basic 3', NULL, 800.00),
(37, 1, 'Basic 4', NULL, 800.00),
(38, 1, 'Basic 5', NULL, 800.00),
(39, 1, 'Basic 6', NULL, 800.00),
(40, 1, 'Basic 7', NULL, 800.00);

-- --------------------------------------------------------

--
-- Table structure for table `payments`
--

CREATE TABLE `payments` (
  `id` int(11) NOT NULL,
  `student_id` int(11) DEFAULT NULL,
  `fee_id` int(11) DEFAULT NULL,
  `payment_type` enum('student','general') NOT NULL DEFAULT 'student',
  `amount` decimal(10,2) NOT NULL,
  `payment_date` date NOT NULL,
  `receipt_no` varchar(50) DEFAULT NULL,
  `description` text DEFAULT NULL
) ENGINE=InnoDB DEFAULT CHARSET=utf8mb4 COLLATE=utf8mb4_unicode_ci;

--
-- Dumping data for table `payments`
--

INSERT INTO `payments` (`id`, `student_id`, `fee_id`, `payment_type`, `amount`, `payment_date`, `receipt_no`, `description`) VALUES
(1, 35, NULL, 'student', 1000.00, '2025-10-02', '', ''),
(2, 26, NULL, 'student', 550.00, '2025-09-02', '001151', 'Tuition fee'),
(3, 65, NULL, 'student', 700.00, '2025-09-04', '001152', 'Tuition fee'),
(4, 86, NULL, 'student', 800.00, '2025-10-02', '001153', 'Tuition fee'),
(5, 70, NULL, 'student', 1500.00, '2025-09-15', '001154', 'Tuition fee'),
(6, 118, NULL, 'student', 1700.00, '2025-09-15', '001155', 'Admission fee'),
(7, 13, NULL, 'student', 800.00, '2025-09-08', '001156', 'Tuition fee'),
(8, 14, NULL, 'student', 800.00, '2025-09-08', '001157', 'Tuition fee'),
(9, 117, NULL, 'student', 2000.00, '2025-09-08', '001158', 'Admission fee'),
(10, 93, NULL, 'student', 400.00, '2025-09-08', '', 'Tuition fee'),
(11, 9, NULL, 'student', 800.00, '2025-09-02', '000951', 'Books'),
(12, 51, NULL, 'student', 450.00, '2025-09-02', '', 'Books'),
(13, 52, NULL, 'student', 800.00, '2025-09-02', '', 'Books'),
(14, 26, NULL, 'student', 450.00, '2025-09-02', '', 'Books'),
(15, 115, NULL, 'student', 250.00, '2025-09-03', '', 'Books'),
(16, 111, NULL, 'student', 800.00, '2025-09-03', '', 'Books'),
(17, 112, NULL, 'student', 800.00, '2025-09-03', '', 'Books'),
(18, 65, NULL, 'student', 450.00, '2025-09-04', '', 'Books'),
(19, 19, NULL, 'student', 400.00, '2025-09-04', '', 'Books'),
(20, 5, NULL, 'student', 50.00, '2025-09-05', '', 'Books'),
(21, 5, NULL, 'student', 400.00, '2025-09-05', '', 'Books'),
(22, 36, NULL, 'student', 700.00, '2025-09-05', '', 'Books'),
(23, 104, NULL, 'student', 300.00, '2025-09-09', '', 'Books'),
(24, 113, NULL, 'student', 450.00, '2025-10-02', '', 'Books'),
(25, 71, NULL, 'student', 450.00, '2025-09-09', '', 'Books'),
(26, 36, NULL, 'student', 100.00, '2025-09-10', '', 'Books'),
(27, 37, NULL, 'student', 800.00, '2025-09-10', '', 'Books'),
(28, 119, NULL, 'student', 450.00, '2025-09-10', '', 'Books'),
(29, 44, NULL, 'student', 800.00, '2025-09-10', '', 'Books'),
(30, 108, NULL, 'student', 500.00, '2025-09-10', '', 'Books'),
(31, 97, NULL, 'student', 450.00, '2025-09-15', '', 'Books'),
(32, 10, NULL, 'student', 800.00, '2025-09-10', '', 'Books'),
(33, 91, NULL, 'student', 450.00, '2025-09-11', '', 'Books'),
(34, 101, NULL, 'student', 800.00, '2025-09-11', '', 'Books'),
(35, 48, NULL, 'student', 800.00, '2025-09-11', '', 'Books'),
(36, 47, NULL, 'student', 800.00, '2025-09-11', '', 'Books'),
(37, 15, NULL, 'student', 500.00, '2025-09-16', '', 'Books'),
(38, 76, NULL, 'student', 550.00, '2025-09-16', '', 'Books'),
(39, 75, NULL, 'student', 450.00, '2025-09-16', '', 'Books'),
(40, 103, NULL, 'student', 1000.00, '2025-10-02', '', 'Books and fees'),
(41, 45, NULL, 'student', 300.00, '2025-09-15', '', 'Books'),
(42, 99, NULL, 'student', 800.00, '2025-09-15', '', 'Books'),
(43, 84, NULL, 'student', 500.00, '2025-09-16', '', 'Books'),
(44, 69, NULL, 'student', 400.00, '2025-09-16', '', 'Books'),
(45, 62, NULL, 'student', 500.00, '2025-09-16', '', 'Books'),
(46, 59, NULL, 'student', 400.00, '2025-09-16', '', 'Books'),
(47, 4, NULL, 'student', 400.00, '2025-09-17', '', 'Books'),
(48, 60, NULL, 'student', 450.00, '2025-09-17', '', 'Books'),
(49, 41, NULL, 'student', 300.00, '2025-10-02', '', 'Books'),
(50, 57, NULL, 'student', 300.00, '2025-09-23', '', 'Books'),
(51, 65, NULL, 'student', 130.00, '2025-09-04', '', 'Exam, toiletries, party'),
(52, 90, NULL, 'student', 100.00, '2025-10-02', '', 'Books'),
(53, 71, NULL, 'student', 130.00, '2025-09-09', '', 'Exam, toiletries, party'),
(54, 101, NULL, 'student', 230.00, '2025-09-11', '', 'Exams, toiletries, party, Abacus'),
(55, 45, NULL, 'student', 200.00, '2025-09-15', '', 'Exams, party'),
(56, 5, NULL, 'student', 130.00, '2025-09-23', '', 'Exams, party, toiletries'),
(57, 91, NULL, 'student', 1050.00, '2025-09-25', '', 'Feeding fee'),
(58, 70, NULL, 'student', 1000.00, '2025-09-29', '', 'Feeding fee'),
(59, 111, NULL, 'student', 2000.00, '2025-10-02', '', 'ADMISSION'),
(60, 90, NULL, 'student', 700.00, '2025-09-08', '', 'Tuition fee'),
(61, 104, NULL, 'student', 700.00, '2025-09-07', '', 'Tuition fee'),
(62, 113, NULL, 'student', 2000.00, '2025-10-02', '', 'Admission fee'),
(63, 71, NULL, 'student', 700.00, '2025-09-09', '', 'Tuition fee'),
(64, 116, NULL, 'student', 1000.00, '2025-09-09', '', 'Admission'),
(65, 42, NULL, 'student', 700.00, '2025-09-15', '', 'Outstanding fees'),
(70, 10, NULL, 'student', 500.00, '2025-09-15', '', 'Tuition'),
(71, 9, NULL, 'student', 500.00, '2025-09-15', '', 'Tuition'),
(72, 114, NULL, 'student', 700.00, '2025-09-15', '', 'Admission fee'),
(73, 47, NULL, 'student', 200.00, '2025-09-11', '', 'Tuition'),
(74, 48, NULL, 'student', 200.00, '2025-09-11', '', 'Tuition'),
(75, 101, NULL, 'student', 800.00, '2025-09-11', '', 'Tuition'),
(76, 46, NULL, 'student', 700.00, '2025-09-11', '', 'Tuition'),
(77, 115, NULL, 'student', 2000.00, '2025-09-11', '', 'Admission fee'),
(78, 105, NULL, 'student', 700.00, '2025-09-15', '', 'Tuition'),
(79, 15, NULL, 'student', 550.00, '2025-09-15', '', 'Outstanding fees'),
(80, 107, NULL, 'student', 700.00, '2025-10-02', '', 'Tuition'),
(81, 45, NULL, 'student', 400.00, '2025-09-15', '', 'Tuition'),
(82, 92, NULL, 'student', 1000.00, '2025-09-16', '', 'Tuition'),
(83, 25, NULL, 'student', 400.00, '2025-09-15', '', ''),
(84, 64, NULL, 'student', 0.00, '2025-09-16', '', 'Tuition'),
(85, 35, NULL, 'student', 0.00, '2025-09-18', '', 'Tuition'),
(86, 42, NULL, 'student', 100.00, '2025-09-23', '', 'Tuition'),
(87, 102, NULL, 'student', 500.00, '2025-09-25', '', 'Tuition'),
(88, 5, NULL, 'student', 700.00, '2025-09-23', '', 'Tuition'),
(89, 38, NULL, 'student', 2000.00, '2025-09-23', '', 'Tuition'),
(90, 2, NULL, 'student', 1000.00, '2025-10-02', '', 'Tuition'),
(91, 3, NULL, 'student', 1000.00, '2025-10-02', '', 'Tuition'),
(92, 97, NULL, 'student', 400.00, '2025-09-26', '', 'Tuition'),
(93, 76, NULL, 'student', 600.00, '2025-10-02', '', 'Tuition'),
(94, 75, NULL, 'student', 500.00, '2025-10-02', '', 'Tuition'),
(95, 84, NULL, 'student', 500.00, '2025-09-30', '', ''),
(96, 108, NULL, 'student', 500.00, '2025-10-04', '', ''),
(97, 68, NULL, 'student', 1.00, '2025-10-04', '', ''),
(98, 81, NULL, 'student', 1000.00, '2025-10-04', '', 'Outstanding fees'),
(99, 58, NULL, 'student', 1600.00, '2025-10-04', '', ''),
(100, 110, NULL, 'student', 800.00, '2025-10-04', '', ''),
(101, 73, NULL, 'student', 1950.00, '2025-10-04', '', ''),
(102, 78, NULL, 'student', 500.00, '2025-10-04', '', ''),
(103, 24, NULL, 'student', 500.00, '2025-10-04', '', ''),
(104, 34, NULL, 'student', 2600.00, '2025-10-04', '', ''),
(105, 33, NULL, 'student', 1000.00, '2025-10-04', '', ''),
(106, 120, NULL, 'student', 1000.00, '2025-10-04', '', ''),
(107, 121, NULL, 'student', 500.00, '2025-10-03', '', 'Admission Fee'),
(108, 88, NULL, 'student', 1000.00, '2025-10-05', '', ''),
(109, 118, NULL, 'student', 450.00, '2025-10-05', '', ''),
(110, 8, NULL, 'student', 1100.00, '2025-10-05', '', ''),
(111, 85, NULL, 'student', 940.00, '2025-10-05', '', ''),
(112, 90, NULL, 'student', 500.00, '2025-10-05', '', ''),
(113, 106, NULL, 'student', 1100.00, '2025-10-06', '', ''),
(114, 86, NULL, 'student', 400.00, '2025-10-06', '', ''),
(115, 56, NULL, 'student', 470.00, '2025-10-06', '', ''),
(116, 49, NULL, 'student', 500.00, '2025-10-06', '', ''),
(117, 37, NULL, 'student', 500.00, '2025-10-06', '', ''),
(118, 59, NULL, 'student', 400.00, '2025-10-06', '', ''),
(119, 25, NULL, 'student', 400.00, '2025-10-06', '', ''),
(120, 25, NULL, 'student', 100.00, '2025-10-06', '', ''),
(121, 6, NULL, 'student', 1500.00, '2025-10-06', '', ''),
(123, 49, NULL, 'student', 500.00, '2025-10-06', '', ''),
(124, 56, NULL, 'student', 1000.00, '2025-10-06', '', ''),
(125, 68, NULL, 'student', 1.00, '2025-10-06', '', ''),
(126, 122, NULL, 'student', 2000.00, '2025-10-06', '', 'Admission Fees'),
(127, 9, NULL, 'student', 300.00, '2025-10-06', '', ''),
(128, 45, NULL, 'student', 100.00, '2025-10-06', '', ''),
(129, 110, NULL, 'student', 300.00, '2025-10-06', '', ''),
(130, 11, NULL, 'student', 800.00, '2025-10-06', '', ''),
(131, 41, NULL, 'student', 400.00, '2025-10-06', '', ''),
(132, 10, NULL, 'student', 300.00, '2025-10-06', '', ''),
(133, 70, NULL, 'student', 580.00, '2025-10-06', '', ''),
(134, 13, NULL, 'student', 200.00, '2025-10-06', '', ''),
(135, 80, NULL, 'student', 1000.00, '2025-10-06', '', ''),
(136, 42, NULL, 'student', 200.00, '2025-10-06', '', ''),
(137, 60, NULL, 'student', 830.00, '2025-10-06', '', ''),
(138, 28, NULL, 'student', 500.00, '2025-10-07', '', ''),
(139, 117, NULL, 'student', 800.00, '2025-10-07', '', ''),
(140, 59, NULL, 'student', 400.00, '2025-10-07', '', ''),
(141, 109, NULL, 'student', 1500.00, '2025-10-07', '', ''),
(142, 94, NULL, 'student', 400.00, '2025-10-07', '', ''),
(143, 23, NULL, 'student', 800.00, '2025-10-09', '', ''),
(144, 106, NULL, 'student', 300.00, '2025-10-09', '', ''),
(145, 18, NULL, 'student', 800.00, '2025-10-09', '', ''),
(146, 8, NULL, 'student', 300.00, '2025-10-09', '', ''),
(147, 43, NULL, 'student', 500.00, '2025-10-09', '', ''),
(148, 24, NULL, 'student', 200.00, '2025-10-10', '', ''),
(149, 44, NULL, 'student', 200.00, '2025-10-10', '', ''),
(150, 88, NULL, 'student', 0.00, '2025-10-10', '', ''),
(151, 51, NULL, 'student', 430.00, '2025-10-13', '', ''),
(152, 52, NULL, 'student', 530.00, '2025-10-13', '', ''),
(153, 102, NULL, 'student', 300.00, '2025-10-13', '', ''),
(154, 41, NULL, 'student', 300.00, '2025-10-13', '', ''),
(155, 24, NULL, 'student', 400.00, '2025-10-13', '', ''),
(156, 49, NULL, 'student', 280.00, '2025-10-13', '', ''),
(157, 56, NULL, 'student', 580.00, '2025-10-13', '', ''),
(158, 42, NULL, 'student', 200.00, '2025-10-13', '', ''),
(159, 44, NULL, 'student', 200.00, '2025-10-13', '', ''),
(160, 38, NULL, 'student', 800.00, '2025-10-13', '', ''),
(161, 40, NULL, 'student', 700.00, '2025-10-13', '', ''),
(162, 108, NULL, 'student', 500.00, '2025-10-13', '', ''),
(163, 98, NULL, 'student', 1000.00, '2025-10-13', '', ''),
(164, 95, NULL, 'student', 1000.00, '2025-10-13', '', ''),
(165, 96, NULL, 'student', 1000.00, '2025-10-13', '', ''),
(166, 88, NULL, 'student', 500.00, '2025-10-13', '', ''),
(167, 97, NULL, 'student', 200.00, '2025-10-14', '', ''),
(168, 91, NULL, 'student', 900.00, '2025-10-14', '', ''),
(169, 55, NULL, 'student', 500.00, '2025-10-14', '', ''),
(170, 21, NULL, 'student', 1500.00, '2025-10-09', '', ''),
(171, 22, NULL, 'student', 1500.00, '2025-10-09', '', ''),
(172, 57, NULL, 'student', 300.00, '2025-10-07', '', ''),
(173, 7, NULL, 'student', 1500.00, '2025-10-06', '', ''),
(175, 50, NULL, 'student', 400.00, '2025-10-14', '', ''),
(176, 127, NULL, 'student', 450.00, '2025-09-05', '', ''),
(177, 127, NULL, 'student', 1200.00, '2025-09-05', '', ''),
(178, 127, NULL, 'student', 500.00, '2025-10-15', '', ''),
(179, 55, NULL, 'student', 200.00, '2025-10-15', '', ''),
(180, 23, NULL, 'student', 500.00, '2025-10-15', '', ''),
(181, 93, NULL, 'student', 200.00, '2025-10-15', '', ''),
(182, 104, NULL, 'student', 1320.00, '2025-10-15', '', ''),
(183, 61, NULL, 'student', 1000.00, '2025-10-17', '', ''),
(184, 61, NULL, 'student', 500.00, '2025-11-03', '', ''),
(185, 63, NULL, 'student', 1000.00, '2025-09-24', '', ''),
(186, 64, NULL, 'student', 1000.00, '2025-10-01', '', ''),
(187, 63, NULL, 'student', 500.00, '2025-09-24', '', ''),
(188, 44, NULL, 'student', 200.00, '2025-10-20', '', ''),
(189, 97, NULL, 'student', 230.00, '2025-10-20', '', ''),
(190, 107, NULL, 'student', 500.00, '2025-10-20', '', ''),
(191, 77, NULL, 'student', 500.00, '2025-10-20', '', ''),
(192, 15, NULL, 'student', 600.00, '2025-10-20', '', ''),
(193, 106, NULL, 'student', 200.00, '2025-10-22', '', ''),
(194, 8, NULL, 'student', 200.00, '2025-10-22', '', ''),
(195, 84, NULL, 'student', 400.00, '2025-10-20', '', ''),
(196, 1, NULL, 'student', 1500.00, '2025-10-22', '', ''),
(197, 3, NULL, 'student', 1830.00, '2025-10-22', '', ''),
(198, 1, NULL, 'student', 170.00, '2025-10-22', '', ''),
(199, 35, NULL, 'student', 400.00, '2025-10-23', '', ''),
(200, 18, NULL, 'student', 500.00, '2025-10-23', '', ''),
(201, 32, NULL, 'student', 1000.00, '2025-10-23', '', ''),
(202, 33, NULL, 'student', 200.00, '2025-10-23', '', ''),
(203, 120, NULL, 'student', 600.00, '2025-10-23', '', ''),
(204, 34, NULL, 'student', 200.00, '2025-10-23', '', ''),
(205, 57, NULL, 'student', 500.00, '2025-10-24', '', ''),
(206, 85, NULL, 'student', 800.00, '2025-10-24', '', ''),
(207, 79, NULL, 'student', 500.00, '2025-10-28', '', ''),
(208, 90, NULL, 'student', 500.00, '2025-10-28', '', ''),
(209, 46, NULL, 'student', 400.00, '2025-10-28', '', ''),
(210, 93, NULL, 'student', 400.00, '2025-10-28', '', ''),
(211, 69, NULL, 'student', 400.00, '2025-10-28', '', ''),
(212, 126, NULL, 'student', 1000.00, '2025-10-28', '', ''),
(213, 42, NULL, 'student', 300.00, '2025-10-28', '', ''),
(214, 58, NULL, 'student', 900.00, '2025-11-01', '', ''),
(215, 14, NULL, 'student', 1000.00, '2025-11-03', '', ''),
(216, 14, NULL, 'student', 30.00, '2025-11-03', '', ''),
(217, 36, NULL, 'student', 1150.00, '2025-11-03', '', ''),
(218, 92, NULL, 'student', 400.00, '2025-11-03', '', ''),
(219, 76, NULL, 'student', 1000.00, '2025-11-03', '', ''),
(220, 41, NULL, 'student', 500.00, '2025-11-03', '', ''),
(221, 57, NULL, 'student', 400.00, '2025-11-03', '', ''),
(222, 78, NULL, 'student', 1000.00, '2025-11-03', '', ''),
(223, 18, NULL, 'student', 1000.00, '2025-11-03', '', ''),
(224, 81, NULL, 'student', 1000.00, '2025-11-03', '', ''),
(225, 79, NULL, 'student', 500.00, '2025-11-05', '', ''),
(226, 108, NULL, 'student', 500.00, '2025-11-04', '', ''),
(227, 47, NULL, 'student', 830.00, '2025-11-05', '', ''),
(228, 48, NULL, 'student', 830.00, '2025-11-05', '', ''),
(229, 80, NULL, 'student', 1000.00, '2025-11-05', '', ''),
(230, 6, NULL, 'student', 1200.00, '2025-11-05', '', ''),
(231, 64, NULL, 'student', 400.00, '2025-11-05', '', ''),
(232, 88, NULL, 'student', 800.00, '2025-11-05', '', ''),
(233, 50, NULL, 'student', 300.00, '2025-11-05', '', ''),
(234, 108, NULL, 'student', 500.00, '2025-11-10', '', ''),
(235, 90, NULL, 'student', 500.00, '2025-11-10', '', ''),
(236, 100, NULL, 'student', 400.00, '2025-11-12', '', ''),
(237, 99, NULL, 'student', 400.00, '2025-11-12', '', ''),
(238, 59, NULL, 'student', 200.00, '2025-11-10', '', ''),
(239, 86, NULL, 'student', 300.00, '2025-11-10', '', ''),
(240, 42, NULL, 'student', 200.00, '2025-11-12', '', ''),
(241, 92, NULL, 'student', 300.00, '2025-11-11', '', ''),
(242, 92, NULL, 'student', 200.00, '2025-11-12', '', ''),
(243, 25, NULL, 'student', 100.00, '2025-11-13', '', ''),
(244, 10, NULL, 'student', 350.00, '2025-11-13', '', ''),
(245, 9, NULL, 'student', 350.00, '2025-11-13', '', ''),
(246, 114, NULL, 'student', 200.00, '2025-11-13', '', ''),
(247, 62, NULL, 'student', 380.00, '2025-11-17', '', 'Tuition'),
(248, 63, NULL, 'student', 250.00, '2025-11-17', '', 'Tuition'),
(249, 64, NULL, 'student', 250.00, '2025-11-17', '', 'Tuition'),
(250, 88, NULL, 'student', 500.00, '2025-11-17', '', 'Tuition'),
(251, 24, NULL, 'student', 200.00, '2025-11-17', '', 'Tuition'),
(252, 42, NULL, 'student', 300.00, '2025-11-17', '', 'Tuition'),
(253, 59, NULL, 'student', 200.00, '2025-11-17', '', 'Tuition'),
(254, 42, NULL, 'student', 200.00, '2025-11-17', '', 'Tuition'),
(255, 86, NULL, 'student', 300.00, '2025-11-17', '', 'Tuition'),
(256, 92, NULL, 'student', 0.00, '2025-11-17', '', 'Tuition'),
(257, 92, NULL, 'student', 200.00, '2025-11-17', '', 'Tuition'),
(258, 99, NULL, 'student', 400.00, '2025-11-17', '', 'Tuition'),
(259, 100, NULL, 'student', 400.00, '2025-11-17', '', 'Tuition'),
(260, 67, NULL, 'student', 250.00, '2025-11-17', '', 'Books'),
(261, 121, NULL, 'student', 500.00, '2025-11-17', '', 'Tuition'),
(262, 109, NULL, 'student', 1230.00, '2025-11-17', '', ''),
(263, 61, NULL, 'student', 500.00, '2025-11-17', '', 'Tuition'),
(264, 93, NULL, 'student', 500.00, '2025-11-17', '', 'Tuition'),
(265, 35, NULL, 'student', 400.00, '2025-11-18', '', 'Tuition'),
(266, 15, NULL, 'student', 500.00, '2025-11-18', '', ''),
(267, 107, NULL, 'student', 300.00, '2025-11-19', '', ''),
(268, 20, NULL, 'student', 240.00, '2025-11-19', '', ''),
(269, 44, NULL, 'student', 430.00, '2025-11-19', '', ''),
(270, 55, NULL, 'student', 200.00, '2025-11-19', '', ''),
(271, 92, NULL, 'student', 200.00, '2025-11-20', '', ''),
(272, 68, NULL, 'student', 1.00, '2025-11-20', '', ''),
(273, 127, NULL, 'student', 330.00, '2025-11-20', '', ''),
(274, 92, NULL, 'student', 0.00, '2025-11-20', '', 'Tuition'),
(275, 90, NULL, 'student', 400.00, '2025-11-20', '', 'Tuition'),
(276, 23, NULL, 'student', 500.00, '2025-11-21', '', 'Tuition'),
(277, 22, NULL, 'student', 1230.00, '2025-11-21', '', 'Tuition'),
(278, 21, NULL, 'student', 1270.00, '2025-11-21', '', 'Tuition'),
(279, 75, NULL, 'student', 300.00, '2025-11-21', '', 'Tuition'),
(280, 19, NULL, 'student', 410.00, '2025-11-21', '', ''),
(281, 29, NULL, 'student', 1000.00, '2025-11-21', '', ''),
(282, 27, NULL, 'student', 1000.00, '2025-11-21', '', ''),
(283, 2, NULL, 'student', 550.00, '2025-11-21', '', ''),
(284, 1, NULL, 'student', 150.00, '2025-11-21', '', ''),
(285, 124, NULL, 'student', 2090.00, '2025-11-21', '', ''),
(286, 24, NULL, 'student', 300.00, '2025-11-24', '', 'Tuition'),
(287, 108, NULL, 'student', 200.00, '2025-11-24', '', 'Tuition'),
(288, 42, NULL, 'student', 300.00, '2025-11-24', '', 'Tuition'),
(289, 92, NULL, 'student', 300.00, '2025-11-26', '', 'Tuition'),
(290, 90, NULL, 'student', 330.00, '2025-11-26', '', 'Tuition'),
(291, 120, NULL, 'student', 500.00, '2025-11-26', '', 'Tuition'),
(292, 34, NULL, 'student', 430.00, '2025-11-26', '', 'Tuition'),
(293, 33, NULL, 'student', 570.00, '2025-11-26', '', 'Tuition'),
(294, 32, NULL, 'student', 500.00, '2025-11-26', '', 'Tuition'),
(295, 24, NULL, 'student', 200.00, '2025-12-01', '', 'Tuition'),
(296, 105, NULL, 'student', 380.00, '2025-12-02', '', ''),
(297, 123, NULL, 'student', 500.00, '2025-12-02', '', ''),
(298, 26, NULL, 'student', 80.00, '2025-12-02', '', ''),
(299, 62, NULL, 'student', 200.00, '2025-12-02', '', ''),
(300, 39, NULL, 'student', 730.00, '2025-12-02', '', ''),
(301, 81, NULL, 'student', 1110.00, '2025-12-02', '', ''),
(302, 84, NULL, 'student', 800.00, '2025-12-02', '', ''),
(303, 85, NULL, 'student', 400.00, '2025-12-02', '', ''),
(304, 118, NULL, 'student', 300.00, '2025-12-02', '', ''),
(305, 69, NULL, 'student', 280.00, '2025-12-02', '', ''),
(306, 28, NULL, 'student', 500.00, '2025-12-02', '', ''),
(307, 38, NULL, 'student', 380.00, '2025-12-02', '', ''),
(308, 80, NULL, 'student', 360.00, '2025-12-03', '', ''),
(309, 40, NULL, 'student', 580.00, '2025-12-03', '', ''),
(310, 119, NULL, 'student', 1420.00, '2025-12-03', '', ''),
(311, 7, NULL, 'student', 820.00, '2025-12-03', '', ''),
(312, 110, NULL, 'student', 300.00, '2025-12-03', '', ''),
(313, 112, NULL, 'student', 2000.00, '2025-12-03', '', ''),
(314, 45, NULL, 'student', 281.00, '2025-12-03', '', ''),
(315, 89, NULL, 'student', 6.00, '2025-12-03', '', ''),
(316, 30, NULL, 'student', 1.00, '2025-12-03', '', ''),
(317, 102, NULL, 'student', 300.00, '2025-12-03', '', 'Tuition'),
(318, 41, NULL, 'student', 200.00, '2025-12-09', '', 'Tuition'),
(319, 88, NULL, 'student', 200.00, '2025-12-09', '', 'Tuition'),
(320, 24, NULL, 'student', 200.00, '2025-12-09', '', 'Tuition'),
(321, 42, NULL, 'student', 100.00, '2025-12-09', '', 'Tuition'),
(322, 50, NULL, 'student', 100.00, '2025-12-09', '', 'Tuition'),
(323, 25, NULL, 'student', 150.00, '2025-12-09', '', 'Tuition'),
(324, 79, NULL, 'student', 500.00, '2025-12-09', '', 'Tuition'),
(325, 68, NULL, 'student', 1.00, '2025-12-09', '', 'Tuition'),
(326, 92, NULL, 'student', 500.00, '2025-12-09', '', 'Tuition'),
(327, 50, NULL, 'student', 200.00, '2025-12-11', '', 'Tuition'),
(328, 114, NULL, 'student', 300.00, '2025-12-11', '', 'Tuition'),
(329, 9, NULL, 'student', 250.00, '2025-12-11', '', 'Tuition'),
(330, 10, NULL, 'student', 250.00, '2025-12-11', '', 'Tuition'),
(331, 92, NULL, 'student', 180.00, '2025-12-11', '', 'Tuition'),
(332, 63, NULL, 'student', 250.00, '2025-12-10', '', 'Tuition'),
(333, 64, NULL, 'student', 250.00, '2025-12-10', '', 'Tuition'),
(334, 55, NULL, 'student', 630.00, '2025-12-15', '', 'Tuition'),
(335, 23, NULL, 'student', 250.00, '2025-12-16', '', 'Tuition'),
(336, 42, NULL, 'student', 200.00, '2025-12-16', '', 'Tuition'),
(337, 121, NULL, 'student', 300.00, '2025-12-16', '', 'Tuition'),
(338, 93, NULL, 'student', 800.00, '2025-12-16', '', 'Tuition'),
(339, 88, NULL, 'student', 300.00, '2025-12-16', '', 'Tuition'),
(340, 58, NULL, 'student', 900.00, '2025-12-16', '', 'Tuition'),
(341, 84, NULL, 'student', 980.00, '2025-12-16', '', ''),
(342, 21, NULL, 'student', 410.00, '2025-12-16', '', ''),
(343, 120, NULL, 'student', 1130.00, '2025-12-16', '', ''),
(344, 98, NULL, 'student', 830.00, '2025-12-21', '', ''),
(345, 110, NULL, 'student', 300.00, '2025-12-21', '', ''),
(346, 77, NULL, 'student', 1330.00, '2025-12-21', '', ''),
(347, 20, NULL, 'student', 1530.00, '2025-12-21', '', ''),
(348, 41, NULL, 'student', 100.00, '2025-12-21', '', ''),
(349, 37, NULL, 'student', 530.00, '2025-12-21', '', ''),
(350, 96, NULL, 'student', 830.00, '2025-12-21', '', ''),
(351, 125, NULL, 'student', 700.00, '2025-12-21', '', ''),
(352, 46, NULL, 'student', 180.00, '2025-12-21', '', ''),
(353, 32, NULL, 'student', 300.00, '2025-12-21', '', ''),
(354, 126, NULL, 'student', 1320.00, '2025-12-21', '', ''),
(355, 51, NULL, 'student', 400.00, '2025-12-21', '', ''),
(356, 106, NULL, 'student', 520.00, '2025-12-21', '', ''),
(357, 129, NULL, 'student', 500.00, '2025-12-21', '', ''),
(358, 129, NULL, 'student', 100.00, '2025-12-21', '', ''),
(359, 18, NULL, 'student', 180.00, '2025-12-21', '', ''),
(360, 91, NULL, 'student', 80.00, '2025-12-21', '', ''),
(361, 33, NULL, 'student', 560.00, '2025-12-21', '', ''),
(362, 8, NULL, 'student', 880.00, '2025-12-21', '', ''),
(363, 85, NULL, 'student', 340.00, '2025-12-21', '', '');

-- --------------------------------------------------------

--
-- Table structure for table `payment_allocations`
--

CREATE TABLE `payment_allocations` (
  `id` int(11) NOT NULL,
  `payment_id` int(11) NOT NULL,
  `student_fee_id` int(11) NOT NULL,
  `amount` decimal(10,2) NOT NULL
) ENGINE=InnoDB DEFAULT CHARSET=utf8mb4 COLLATE=utf8mb4_unicode_ci;

--
-- Dumping data for table `payment_allocations`
--

INSERT INTO `payment_allocations` (`id`, `payment_id`, `student_fee_id`, `amount`) VALUES
(1, 1, 207, 30.00),
(2, 1, 208, 450.00),
(3, 1, 209, 70.00),
(4, 1, 210, 450.00),
(5, 2, 5, 250.00),
(6, 2, 17, 30.00),
(7, 2, 18, 70.00),
(8, 2, 19, 30.00),
(10, 3, 50, 30.00),
(11, 3, 51, 450.00),
(12, 3, 52, 70.00),
(13, 3, 53, 30.00),
(14, 3, 95, 120.00),
(15, 4, 242, 30.00),
(16, 4, 243, 450.00),
(17, 4, 244, 70.00),
(18, 4, 245, 250.00),
(19, 5, 119, 1200.00),
(20, 5, 646, 100.00),
(21, 5, 647, 30.00),
(22, 5, 648, 170.00),
(23, 6, 666, 450.00),
(24, 6, 667, 1250.00),
(25, 7, 365, 100.00),
(26, 7, 369, 70.00),
(27, 7, 370, 630.00),
(28, 8, 508, 100.00),
(29, 8, 509, 30.00),
(30, 8, 510, 670.00),
(31, 9, 664, 850.00),
(32, 9, 665, 1150.00),
(33, 10, 62, 40.00),
(34, 10, 63, 360.00),
(35, 11, 425, 100.00),
(36, 11, 426, 30.00),
(37, 11, 428, 670.00),
(38, 12, 157, 70.00),
(39, 12, 158, 30.00),
(40, 12, 159, 350.00),
(41, 13, 467, 100.00),
(42, 13, 468, 30.00),
(43, 13, 470, 670.00),
(45, 15, 12, 250.00),
(46, 16, 654, 800.00),
(47, 17, 656, 800.00),
(48, 18, 95, 450.00),
(49, 19, 137, 70.00),
(50, 19, 138, 30.00),
(51, 19, 139, 300.00),
(52, 20, 182, 30.00),
(53, 20, 183, 20.00),
(54, 21, 183, 400.00),
(55, 22, 377, 100.00),
(56, 22, 379, 150.00),
(57, 22, 380, 450.00),
(58, 23, 70, 30.00),
(59, 23, 71, 270.00),
(60, 24, 658, 450.00),
(61, 25, 54, 30.00),
(62, 25, 55, 420.00),
(63, 26, 380, 100.00),
(64, 27, 610, 100.00),
(65, 27, 611, 30.00),
(66, 27, 612, 670.00),
(67, 28, 671, 450.00),
(68, 29, 538, 100.00),
(69, 29, 539, 30.00),
(70, 29, 540, 670.00),
(71, 30, 495, 100.00),
(72, 30, 496, 30.00),
(73, 30, 498, 370.00),
(74, 31, 66, 30.00),
(75, 31, 67, 420.00),
(76, 32, 568, 100.00),
(77, 32, 569, 30.00),
(78, 32, 570, 670.00),
(79, 33, 125, 450.00),
(80, 34, 634, 100.00),
(81, 34, 635, 30.00),
(82, 34, 636, 670.00),
(83, 35, 580, 100.00),
(84, 35, 581, 30.00),
(85, 35, 582, 670.00),
(86, 36, 460, 100.00),
(87, 36, 461, 30.00),
(88, 36, 463, 670.00),
(89, 37, 432, 100.00),
(90, 37, 433, 30.00),
(91, 37, 435, 370.00),
(92, 38, 397, 100.00),
(93, 38, 399, 150.00),
(94, 38, 400, 300.00),
(95, 39, 58, 30.00),
(96, 39, 59, 420.00),
(97, 40, 177, 70.00),
(98, 40, 178, 30.00),
(99, 40, 179, 700.00),
(100, 40, 180, 200.00),
(101, 41, 2, 250.00),
(102, 41, 212, 30.00),
(103, 41, 213, 170.00),
(104, 42, 128, 800.00),
(105, 43, 411, 100.00),
(106, 43, 412, 400.00),
(107, 44, 8, 250.00),
(108, 44, 26, 30.00),
(109, 44, 27, 70.00),
(110, 44, 28, 30.00),
(112, 45, 7, 250.00),
(113, 45, 23, 30.00),
(114, 45, 24, 70.00),
(115, 45, 25, 30.00),
(116, 45, 87, 120.00),
(117, 46, 222, 30.00),
(118, 46, 223, 370.00),
(119, 47, 262, 250.00),
(120, 47, 263, 30.00),
(121, 47, 264, 120.00),
(122, 48, 227, 30.00),
(123, 48, 228, 420.00),
(124, 49, 574, 100.00),
(125, 49, 575, 30.00),
(126, 49, 576, 170.00),
(127, 50, 316, 250.00),
(128, 50, 317, 30.00),
(129, 50, 318, 20.00),
(130, 51, 95, 130.00),
(131, 52, 124, 100.00),
(132, 53, 55, 30.00),
(133, 53, 56, 70.00),
(134, 53, 57, 30.00),
(135, 54, 636, 130.00),
(136, 54, 637, 70.00),
(137, 54, 638, 30.00),
(138, 55, 213, 60.00),
(139, 56, 183, 30.00),
(140, 56, 184, 70.00),
(141, 56, 185, 30.00),
(142, 57, 125, 750.00),
(143, 57, 252, 30.00),
(144, 57, 253, 270.00),
(145, 58, 648, 680.00),
(146, 58, 649, 70.00),
(147, 58, 650, 250.00),
(148, 59, 655, 2000.00),
(149, 60, 124, 700.00),
(150, 61, 71, 180.00),
(151, 61, 72, 70.00),
(152, 61, 73, 30.00),
(153, 61, 100, 420.00),
(154, 62, 659, 2000.00),
(155, 63, 96, 700.00),
(156, 64, 13, 250.00),
(157, 64, 663, 750.00),
(158, 65, 114, 700.00),
(165, 71, 428, 130.00),
(166, 71, 429, 70.00),
(167, 71, 430, 300.00),
(168, 72, 660, 250.00),
(169, 72, 661, 450.00),
(170, 73, 463, 130.00),
(171, 73, 464, 70.00),
(172, 74, 582, 130.00),
(173, 74, 583, 70.00),
(174, 75, 638, 770.00),
(175, 75, 639, 30.00),
(176, 76, 46, 30.00),
(177, 76, 47, 450.00),
(178, 76, 48, 70.00),
(179, 76, 49, 30.00),
(180, 76, 94, 120.00),
(181, 77, 662, 2000.00),
(182, 78, 9, 250.00),
(183, 78, 29, 30.00),
(184, 78, 30, 70.00),
(185, 78, 31, 30.00),
(186, 78, 89, 320.00),
(187, 79, 435, 430.00),
(188, 79, 436, 70.00),
(189, 79, 437, 50.00),
(190, 80, 11, 250.00),
(191, 80, 35, 30.00),
(192, 80, 36, 70.00),
(193, 80, 37, 30.00),
(194, 80, 83, 320.00),
(195, 81, 213, 220.00),
(196, 81, 214, 70.00),
(197, 81, 215, 410.00),
(198, 82, 3, 250.00),
(199, 82, 126, 750.00),
(200, 83, 197, 30.00),
(201, 83, 198, 370.00),
(202, 84, 118, 0.00),
(203, 85, 210, 0.00),
(204, 85, 211, 0.00),
(205, 85, 686, 0.00),
(206, 86, 114, 100.00),
(207, 87, 172, 70.00),
(208, 87, 173, 30.00),
(209, 87, 174, 400.00),
(210, 88, 185, 670.00),
(211, 88, 186, 30.00),
(212, 89, 113, 1200.00),
(213, 89, 453, 100.00),
(214, 89, 454, 30.00),
(215, 89, 455, 150.00),
(216, 89, 456, 520.00),
(217, 90, 358, 100.00),
(218, 90, 360, 150.00),
(219, 90, 361, 750.00),
(220, 91, 604, 100.00),
(221, 91, 605, 30.00),
(222, 91, 606, 800.00),
(223, 91, 607, 70.00),
(224, 92, 67, 30.00),
(225, 92, 68, 70.00),
(226, 92, 69, 30.00),
(227, 92, 99, 270.00),
(228, 93, 400, 500.00),
(229, 93, 401, 70.00),
(230, 93, 402, 30.00),
(231, 94, 59, 30.00),
(232, 94, 60, 70.00),
(233, 94, 61, 30.00),
(234, 94, 97, 370.00),
(235, 95, 412, 500.00),
(236, 96, 498, 430.00),
(237, 96, 499, 70.00),
(238, 97, 232, 0.08),
(239, 97, 233, 0.93),
(240, 98, 404, 100.00),
(241, 98, 406, 150.00),
(242, 98, 407, 750.00),
(243, 99, 115, 1600.00),
(244, 100, 418, 100.00),
(245, 100, 420, 150.00),
(246, 100, 421, 550.00),
(247, 101, 391, 100.00),
(248, 101, 392, 150.00),
(249, 101, 393, 800.00),
(250, 101, 394, 70.00),
(251, 101, 395, 800.00),
(252, 101, 396, 30.00),
(253, 102, 481, 100.00),
(254, 102, 482, 30.00),
(255, 102, 484, 370.00),
(256, 103, 446, 100.00),
(257, 103, 447, 30.00),
(258, 103, 448, 150.00),
(259, 103, 449, 220.00),
(260, 104, 112, 1200.00),
(261, 104, 532, 100.00),
(262, 104, 533, 30.00),
(263, 104, 534, 800.00),
(264, 104, 535, 70.00),
(265, 104, 536, 400.00),
(266, 105, 111, 1000.00),
(267, 106, 708, 100.00),
(268, 106, 709, 100.00),
(269, 106, 710, 30.00),
(270, 106, 711, 770.00),
(271, 107, 716, 500.00),
(272, 108, 123, 1000.00),
(273, 109, 667, 450.00),
(274, 110, 103, 1100.00),
(275, 111, 122, 940.00),
(276, 112, 124, 400.00),
(277, 112, 247, 30.00),
(278, 112, 248, 70.00),
(279, 113, 10, 250.00),
(280, 113, 32, 30.00),
(281, 113, 33, 70.00),
(282, 113, 34, 30.00),
(283, 113, 82, 720.00),
(284, 114, 245, 400.00),
(285, 115, 384, 94.00),
(286, 115, 386, 141.00),
(287, 115, 388, 65.80),
(288, 115, 389, 169.20),
(289, 116, 217, 30.00),
(290, 116, 218, 450.00),
(291, 116, 219, 20.00),
(292, 117, 612, 130.00),
(293, 117, 613, 70.00),
(294, 117, 614, 300.00),
(295, 118, 223, 80.00),
(296, 118, 224, 70.00),
(297, 118, 225, 250.00),
(298, 119, 198, 80.00),
(299, 119, 199, 70.00),
(300, 119, 200, 250.00),
(301, 120, 200, 100.00),
(302, 121, 101, 1200.00),
(303, 121, 268, 250.00),
(304, 121, 269, 30.00),
(305, 121, 270, 20.00),
(310, 123, 219, 50.00),
(311, 123, 220, 450.00),
(312, 125, 233, 0.40),
(313, 125, 234, 0.35),
(314, 125, 235, 0.25),
(315, 126, 717, 2000.00),
(316, 127, 430, 300.00),
(317, 128, 215, 100.00),
(318, 129, 421, 250.00),
(319, 129, 422, 50.00),
(320, 130, 104, 800.00),
(321, 131, 576, 400.00),
(322, 133, 650, 550.00),
(323, 133, 651, 30.00),
(324, 134, 370, 170.00),
(325, 134, 371, 30.00),
(326, 135, 167, 70.00),
(327, 135, 168, 30.00),
(328, 135, 169, 700.00),
(329, 135, 170, 200.00),
(330, 136, 114, 200.00),
(331, 137, 228, 30.00),
(332, 137, 229, 70.00),
(333, 137, 230, 700.00),
(334, 137, 231, 30.00),
(335, 138, 526, 100.00),
(336, 138, 527, 30.00),
(337, 138, 528, 370.00),
(338, 139, 665, 800.00),
(339, 140, 225, 400.00),
(340, 141, 131, 1200.00),
(341, 141, 352, 250.00),
(342, 141, 353, 30.00),
(343, 141, 354, 20.00),
(344, 142, 257, 30.00),
(345, 142, 258, 370.00),
(346, 143, 74, 800.00),
(347, 144, 82, 300.00),
(348, 145, 1, 250.00),
(349, 145, 108, 550.00),
(350, 146, 103, 100.00),
(351, 146, 187, 30.00),
(352, 146, 188, 170.00),
(353, 147, 616, 100.00),
(354, 147, 617, 30.00),
(355, 147, 618, 370.00),
(356, 148, 449, 200.00),
(357, 149, 540, 130.00),
(358, 149, 541, 70.00),
(359, 150, 123, 0.00),
(360, 150, 340, 0.00),
(361, 150, 341, 0.00),
(362, 150, 342, 0.00),
(363, 151, 159, 350.00),
(364, 151, 160, 80.00),
(365, 152, 470, 130.00),
(366, 152, 471, 70.00),
(367, 152, 472, 330.00),
(368, 153, 174, 300.00),
(369, 154, 576, 230.00),
(370, 154, 577, 70.00),
(371, 155, 449, 380.00),
(372, 155, 450, 20.00),
(373, 156, 220, 250.00),
(374, 156, 221, 30.00),
(375, 158, 114, 40.00),
(376, 158, 152, 70.00),
(377, 158, 153, 30.00),
(378, 158, 154, 60.00),
(379, 159, 542, 200.00),
(380, 160, 456, 280.00),
(381, 160, 457, 70.00),
(382, 160, 458, 450.00),
(383, 161, 147, 70.00),
(384, 161, 148, 30.00),
(385, 161, 149, 600.00),
(386, 162, 500, 500.00),
(387, 163, 562, 100.00),
(388, 163, 563, 30.00),
(389, 163, 564, 800.00),
(390, 163, 565, 70.00),
(391, 164, 586, 100.00),
(392, 164, 587, 30.00),
(393, 164, 588, 800.00),
(394, 164, 589, 70.00),
(395, 165, 488, 100.00),
(396, 165, 489, 30.00),
(397, 165, 491, 800.00),
(398, 165, 492, 70.00),
(399, 166, 342, 330.00),
(400, 166, 343, 70.00),
(401, 166, 344, 100.00),
(402, 167, 99, 200.00),
(403, 168, 253, 180.00),
(404, 168, 254, 70.00),
(405, 168, 255, 650.00),
(406, 169, 310, 250.00),
(407, 169, 311, 30.00),
(408, 169, 312, 220.00),
(409, 170, 109, 1200.00),
(410, 170, 439, 100.00),
(411, 170, 440, 30.00),
(412, 170, 441, 150.00),
(413, 170, 442, 20.00),
(414, 171, 286, 250.00),
(415, 171, 287, 30.00),
(416, 171, 288, 450.00),
(417, 171, 289, 70.00),
(418, 171, 290, 700.00),
(419, 172, 318, 300.00),
(420, 173, 102, 1040.00),
(421, 173, 132, 70.00),
(422, 173, 133, 30.00),
(423, 173, 134, 360.00),
(427, 175, 300, 280.00),
(428, 175, 301, 70.00),
(429, 175, 302, 50.00),
(430, 176, 723, 30.00),
(431, 176, 724, 420.00),
(432, 177, 724, 780.00),
(433, 177, 725, 420.00),
(434, 178, 725, 0.00),
(435, 178, 726, 0.00),
(436, 178, 727, 0.00),
(437, 178, 728, 0.00),
(438, 179, 312, 200.00),
(439, 180, 75, 30.00),
(440, 180, 372, 100.00),
(441, 180, 374, 150.00),
(442, 180, 375, 220.00),
(443, 181, 63, 180.00),
(444, 181, 64, 20.00),
(445, 182, 100, 280.00),
(446, 182, 130, 1040.00),
(447, 183, 116, 1000.00),
(448, 184, 116, 100.00),
(449, 184, 322, 125.00),
(450, 184, 323, 15.00),
(451, 184, 324, 225.00),
(452, 184, 325, 35.00),
(453, 185, 117, 1000.00),
(454, 186, 118, 540.00),
(455, 186, 162, 70.00),
(456, 186, 163, 30.00),
(457, 186, 164, 360.00),
(458, 187, 117, 200.00),
(459, 187, 328, 250.00),
(460, 187, 329, 30.00),
(461, 187, 330, 20.00),
(462, 188, 542, 200.00),
(463, 189, 99, 230.00),
(464, 190, 83, 500.00),
(465, 191, 544, 100.00),
(466, 191, 545, 30.00),
(467, 191, 546, 370.00),
(468, 192, 437, 600.00),
(469, 193, 82, 20.00),
(470, 193, 90, 180.00),
(471, 194, 188, 200.00),
(472, 195, 412, 300.00),
(473, 195, 413, 100.00),
(474, 196, 514, 100.00),
(475, 196, 515, 30.00),
(476, 196, 516, 800.00),
(477, 196, 517, 70.00),
(478, 196, 518, 500.00),
(479, 197, 608, 800.00),
(480, 197, 609, 30.00),
(481, 198, 518, 170.00),
(482, 199, 686, 400.00),
(483, 200, 108, 500.00),
(484, 201, 42, 30.00),
(485, 201, 43, 450.00),
(486, 201, 44, 70.00),
(487, 201, 45, 30.00),
(488, 201, 684, 200.00),
(489, 201, 733, 220.00),
(490, 202, 111, 200.00),
(491, 203, 711, 430.00),
(492, 203, 713, 170.00),
(493, 204, 536, 200.00),
(494, 205, 318, 130.00),
(495, 205, 319, 70.00),
(496, 205, 320, 300.00),
(497, 206, 122, 260.00),
(498, 206, 237, 30.00),
(499, 206, 238, 450.00),
(500, 206, 239, 60.00),
(501, 207, 628, 100.00),
(502, 207, 629, 30.00),
(503, 207, 630, 370.00),
(504, 208, 248, 500.00),
(505, 209, 94, 400.00),
(506, 210, 64, 50.00),
(507, 210, 65, 30.00),
(508, 210, 98, 320.00),
(510, 212, 734, 30.00),
(511, 212, 735, 970.00),
(512, 213, 154, 300.00),
(513, 214, 115, 200.00),
(514, 214, 622, 100.00),
(515, 214, 623, 30.00),
(516, 214, 624, 570.00),
(517, 215, 510, 130.00),
(518, 215, 511, 70.00),
(519, 215, 512, 800.00),
(520, 216, 513, 30.00),
(521, 217, 380, 250.00),
(522, 217, 381, 70.00),
(523, 217, 382, 800.00),
(524, 217, 383, 30.00),
(525, 218, 126, 400.00),
(526, 219, 402, 770.00),
(527, 219, 403, 30.00),
(528, 219, 706, 80.00),
(529, 219, 707, 100.00),
(530, 219, 720, 20.00),
(531, 220, 578, 500.00),
(532, 221, 320, 400.00),
(533, 222, 484, 430.00),
(534, 222, 485, 70.00),
(535, 222, 486, 500.00),
(536, 223, 108, 150.00),
(537, 223, 192, 30.00),
(538, 223, 193, 450.00),
(539, 223, 194, 70.00),
(540, 223, 195, 300.00),
(541, 224, 407, 25.00),
(542, 224, 408, 35.00),
(543, 224, 409, 400.00),
(544, 224, 410, 15.00),
(545, 224, 699, 525.00),
(546, 225, 630, 430.00),
(547, 225, 631, 70.00),
(548, 226, 500, 300.00),
(549, 226, 501, 30.00),
(550, 226, 719, 170.00),
(551, 227, 465, 800.00),
(552, 227, 466, 30.00),
(553, 228, 584, 800.00),
(554, 228, 585, 30.00),
(555, 229, 170, 250.00),
(556, 229, 171, 30.00),
(557, 229, 698, 720.00),
(558, 230, 270, 430.00),
(559, 230, 271, 70.00),
(560, 230, 272, 700.00),
(561, 231, 164, 340.00),
(562, 231, 165, 60.00),
(563, 232, 344, 600.00),
(564, 232, 345, 30.00),
(565, 232, 722, 170.00),
(566, 233, 302, 300.00),
(567, 234, 719, 500.00),
(568, 235, 248, 380.00),
(569, 235, 249, 70.00),
(570, 235, 250, 50.00),
(571, 236, 129, 400.00),
(572, 237, 128, 400.00),
(573, 238, 225, 50.00),
(574, 238, 226, 30.00),
(575, 238, 692, 120.00),
(576, 239, 245, 50.00),
(577, 239, 246, 30.00),
(578, 239, 700, 220.00),
(579, 240, 154, 200.00),
(580, 241, 126, 50.00),
(581, 241, 556, 100.00),
(582, 241, 557, 30.00),
(583, 241, 558, 120.00),
(584, 242, 558, 200.00),
(585, 243, 200, 100.00),
(586, 245, 430, 200.00),
(587, 245, 431, 30.00),
(588, 245, 673, 120.00),
(589, 246, 661, 200.00),
(590, 247, 87, 380.00),
(591, 248, 330, 250.00),
(592, 249, 165, 250.00),
(593, 250, 722, 500.00),
(594, 251, 450, 50.00),
(595, 251, 451, 150.00),
(596, 252, 154, 140.00),
(597, 252, 155, 160.00),
(598, 253, 692, 30.00),
(599, 254, 155, 200.00),
(600, 255, 700, 103.00),
(601, 256, 558, 0.00),
(602, 257, 558, 180.00),
(603, 257, 559, 20.00),
(604, 258, 592, 100.00),
(605, 258, 593, 30.00),
(606, 258, 594, 270.00),
(607, 259, 129, 400.00),
(608, 260, 334, 250.00),
(609, 261, 716, 500.00),
(610, 262, 354, 430.00),
(611, 262, 355, 70.00),
(612, 262, 356, 700.00),
(613, 262, 357, 30.00),
(614, 263, 326, 500.00),
(615, 264, 98, 380.00),
(616, 264, 127, 120.00),
(617, 265, 686, 253.00),
(618, 266, 437, 150.00),
(619, 266, 438, 30.00),
(620, 266, 677, 320.00),
(621, 267, 83, 220.00),
(622, 267, 91, 80.00),
(623, 268, 4, 240.00),
(624, 269, 542, 400.00),
(625, 269, 543, 30.00),
(626, 270, 312, 30.00),
(627, 270, 313, 70.00),
(628, 270, 314, 100.00),
(629, 271, 559, 50.00),
(630, 271, 560, 150.00),
(631, 272, 235, 1.00),
(632, 274, 560, 0.00),
(633, 275, 250, 400.00),
(634, 276, 375, 500.00),
(635, 277, 291, 30.00),
(636, 277, 729, 1200.00),
(637, 278, 442, 780.00),
(638, 278, 443, 70.00),
(639, 278, 444, 420.00),
(640, 279, 97, 300.00),
(641, 280, 139, 400.00),
(642, 280, 140, 10.00),
(643, 281, 142, 70.00),
(644, 281, 143, 30.00),
(645, 281, 144, 700.00),
(646, 281, 145, 200.00),
(647, 282, 292, 250.00),
(648, 282, 293, 30.00),
(649, 282, 294, 450.00),
(650, 282, 295, 70.00),
(651, 282, 297, 30.00),
(652, 282, 682, 100.00),
(653, 282, 752, 70.00),
(654, 283, 361, 50.00),
(655, 283, 362, 70.00),
(656, 283, 363, 400.00),
(657, 283, 364, 30.00),
(658, 284, 518, 130.00),
(659, 284, 519, 20.00),
(660, 285, 740, 30.00),
(661, 285, 741, 1040.00),
(662, 285, 742, 250.00),
(663, 285, 743, 70.00),
(664, 285, 744, 700.00),
(665, 286, 451, 300.00),
(666, 287, 719, 200.00),
(667, 288, 155, 90.00),
(668, 288, 156, 30.00),
(669, 288, 687, 180.00),
(670, 289, 560, 300.00),
(671, 290, 250, 250.00),
(672, 290, 251, 80.00),
(673, 291, 713, 500.00),
(674, 292, 536, 200.00),
(675, 292, 537, 30.00),
(676, 292, 732, 200.00),
(677, 293, 202, 30.00),
(678, 293, 203, 450.00),
(679, 293, 204, 70.00),
(680, 293, 205, 20.00),
(681, 294, 733, 500.00),
(682, 295, 451, 200.00),
(683, 296, 89, 380.00),
(684, 297, 753, 500.00),
(685, 298, 85, 80.00),
(686, 299, 87, 200.00),
(687, 300, 6, 250.00),
(688, 300, 20, 30.00),
(689, 300, 21, 70.00),
(690, 300, 22, 30.00),
(691, 300, 86, 350.00),
(692, 301, 699, 80.00),
(693, 301, 721, 30.00),
(694, 302, 413, 50.00),
(695, 302, 414, 750.00),
(696, 303, 239, 10.00),
(697, 303, 240, 390.00),
(698, 304, 667, 300.00),
(699, 305, 88, 280.00),
(700, 306, 528, 430.00),
(701, 306, 529, 70.00),
(702, 307, 458, 350.00),
(703, 307, 459, 30.00),
(704, 308, 698, 360.00),
(705, 309, 149, 100.00),
(706, 309, 150, 450.00),
(707, 309, 151, 30.00),
(708, 310, 671, 1420.00),
(709, 311, 134, 340.00),
(710, 311, 135, 450.00),
(711, 311, 136, 30.00),
(712, 312, 422, 20.00),
(713, 312, 423, 280.00),
(714, 313, 657, 2000.00),
(715, 314, 216, 30.00),
(716, 314, 688, 1.00),
(717, 315, 346, 1.00),
(718, 315, 347, 1.00),
(719, 315, 348, 1.00),
(720, 315, 349, 1.00),
(721, 315, 350, 1.00),
(722, 315, 351, 1.00),
(723, 316, 640, 0.10),
(724, 316, 641, 0.03),
(725, 316, 642, 0.85),
(726, 316, 643, 0.02),
(727, 317, 175, 300.00),
(728, 318, 578, 200.00),
(729, 319, 722, 200.00),
(730, 320, 451, 150.00),
(731, 320, 452, 30.00),
(732, 320, 680, 20.00),
(733, 321, 687, 100.00),
(734, 322, 302, 100.00),
(735, 323, 200, 150.00),
(736, 324, 632, 500.00),
(737, 325, 235, 1.00),
(738, 326, 560, 150.00),
(739, 326, 561, 30.00),
(740, 327, 302, 200.00),
(741, 328, 661, 300.00),
(742, 329, 673, 250.00),
(743, 332, 330, 180.00),
(744, 332, 331, 70.00),
(745, 333, 165, 140.00),
(746, 333, 166, 30.00),
(747, 333, 694, 80.00),
(748, 334, 314, 600.00),
(749, 334, 315, 30.00),
(750, 335, 375, 80.00),
(751, 335, 376, 70.00),
(752, 335, 679, 100.00),
(753, 336, 687, 200.00),
(754, 337, 716, 300.00),
(755, 338, 127, 800.00),
(756, 339, 722, 230.00),
(757, 340, 624, 230.00),
(758, 340, 625, 70.00),
(759, 340, 626, 600.00),
(760, 341, 414, 50.00),
(761, 341, 415, 70.00),
(762, 341, 416, 800.00),
(763, 341, 417, 30.00),
(764, 341, 730, 30.00),
(765, 342, 444, 380.00),
(766, 342, 445, 30.00),
(767, 343, 713, 130.00),
(768, 343, 714, 70.00),
(769, 343, 715, 30.00),
(770, 343, 731, 900.00),
(771, 344, 566, 800.00),
(772, 344, 567, 30.00),
(773, 345, 423, 300.00),
(774, 346, 546, 430.00),
(775, 346, 547, 70.00),
(776, 346, 548, 800.00),
(777, 346, 549, 30.00),
(778, 347, 4, 10.00),
(779, 347, 14, 30.00),
(780, 347, 15, 70.00),
(781, 347, 16, 30.00),
(782, 347, 76, 1040.00),
(783, 347, 84, 350.00),
(784, 348, 578, 100.00),
(785, 349, 614, 500.00),
(786, 349, 615, 30.00),
(787, 350, 493, 800.00),
(788, 350, 494, 30.00),
(789, 351, 745, 30.00),
(790, 351, 747, 250.00),
(791, 351, 748, 70.00),
(792, 351, 749, 350.00),
(793, 352, 94, 180.00),
(794, 353, 733, 300.00),
(795, 354, 735, 70.00),
(796, 354, 736, 450.00),
(797, 354, 737, 70.00),
(798, 354, 738, 700.00),
(799, 354, 739, 30.00),
(800, 355, 160, 370.00),
(801, 355, 161, 30.00),
(802, 356, 90, 520.00),
(803, 357, 755, 500.00),
(804, 358, 756, 100.00),
(805, 359, 195, 150.00),
(806, 359, 196, 30.00),
(807, 360, 255, 50.00),
(808, 360, 256, 30.00),
(809, 361, 205, 330.00),
(810, 361, 206, 30.00),
(811, 361, 685, 200.00),
(812, 362, 188, 80.00),
(813, 362, 189, 70.00),
(814, 362, 190, 700.00),
(815, 362, 191, 30.00),
(816, 363, 240, 310.00),
(817, 363, 241, 30.00);

-- --------------------------------------------------------

--
-- Table structure for table `students`
--

CREATE TABLE `students` (
  `id` int(11) NOT NULL,
  `first_name` varchar(100) DEFAULT NULL,
  `last_name` varchar(100) DEFAULT NULL,
  `class` varchar(100) DEFAULT NULL,
  `date_of_birth` date DEFAULT NULL,
  `parent_contact` varchar(20) DEFAULT NULL,
  `created_at` timestamp NOT NULL DEFAULT current_timestamp(),
  `status` enum('active','inactive') NOT NULL DEFAULT 'active'
) ENGINE=InnoDB DEFAULT CHARSET=utf8mb4 COLLATE=utf8mb4_unicode_ci;

--
-- Dumping data for table `students`
--

INSERT INTO `students` (`id`, `first_name`, `last_name`, `class`, `date_of_birth`, `parent_contact`, `created_at`, `status`) VALUES
(1, 'FIRDAUS', 'ABDALLAH', 'Basic 4', NULL, NULL, '2025-09-29 01:46:08', 'active'),
(2, 'TIPAYA', 'ABDALLAH MOHAMMED', 'Basic 1', NULL, NULL, '2025-09-29 01:46:08', 'active'),
(3, 'MARIAM', 'ABDALLA', 'Basic 6', NULL, NULL, '2025-09-29 01:46:08', 'active'),
(4, 'RAHMAN', 'ABDUL', 'KG 2', NULL, NULL, '2025-09-29 01:46:08', 'inactive'),
(5, 'JANELLE', 'ACHEAMPONGMAA ASIEDU', 'KG 1', NULL, NULL, '2025-09-29 01:46:08', 'active'),
(6, 'BRIAN', 'ADAMS', 'KG 2', NULL, NULL, '2025-09-29 01:46:08', 'active'),
(7, 'JESHURUN', 'ADAMS', 'NURSERY 2', NULL, NULL, '2025-09-29 01:46:08', 'active'),
(8, 'OSAE', 'ADIEPENA ANUMWAA', 'KG 1', NULL, NULL, '2025-09-29 01:46:08', 'active'),
(9, 'DAVID', 'ADOBOE EYIRAM', 'Basic 2', NULL, NULL, '2025-09-29 01:46:08', 'active'),
(10, 'RANSFORD', 'ADOBOE WOMA', 'Basic 5', NULL, NULL, '2025-09-29 01:46:08', 'active'),
(11, 'CHEALSEA', 'AGYAPONG', 'Basic 3', NULL, NULL, '2025-09-29 01:46:08', 'active'),
(12, 'GLENDER', 'AGYAPONG', 'KG 2', NULL, NULL, '2025-09-29 01:46:08', 'active'),
(13, 'ASAFO', 'AGYEI DONALD', 'Basic 1', NULL, NULL, '2025-09-29 01:46:08', 'active'),
(14, 'ASAFO', 'AGYEI GERALD', 'Basic 3', NULL, NULL, '2025-09-29 01:46:08', 'active'),
(15, 'CHRISTIAN', 'AKITAH K', 'Basic 2', NULL, NULL, '2025-09-29 01:46:08', 'active'),
(16, 'JEREMY', 'ALOAYE', 'KG 2', NULL, NULL, '2025-09-29 01:46:08', 'inactive'),
(17, 'TESTIMONY', 'ALOAYE', 'Basic 4', NULL, NULL, '2025-09-29 01:46:08', 'inactive'),
(18, 'CANDACE', 'AMANKWAAH YAA MENSAH', 'KG 1', NULL, NULL, '2025-09-29 01:46:08', 'active'),
(19, 'MICALY', 'AMANKWAH OWUSU GYAMFUAH', 'NURSERY 2', NULL, NULL, '2025-09-29 01:46:08', 'active'),
(20, 'ADEPA', 'AMEYAW ESI', 'CRECHE', NULL, NULL, '2025-09-29 01:46:08', 'active'),
(21, 'AMA', 'AMEYAW NANA', 'Basic 2', NULL, NULL, '2025-09-29 01:46:08', 'active'),
(22, 'NUTIFAFA', 'AMEYAW', 'KG 2', NULL, NULL, '2025-09-29 01:46:08', 'active'),
(23, 'AFIA', 'AMOAKOA', 'Basic 1', NULL, NULL, '2025-09-29 01:46:08', 'active'),
(24, 'PRINCE', 'ANGEL ANIM', 'Basic 2', NULL, NULL, '2025-09-29 01:46:08', 'active'),
(25, 'RAYMOND', 'ANKRAH', 'KG 1', NULL, NULL, '2025-09-29 01:46:08', 'active'),
(26, 'LIZABETH', 'APHRIPHA', 'Creche', NULL, NULL, '2025-09-29 01:46:08', 'active'),
(27, 'JAHAZIEL', 'APPIAH', 'KG 2', NULL, NULL, '2025-09-29 01:46:08', 'active'),
(28, 'JOCHEBED', 'APPIAH', 'Basic 4', NULL, NULL, '2025-09-29 01:46:08', 'active'),
(29, 'MORIAH', 'APPIAH', 'NURSERY 2', NULL, NULL, '2025-09-29 01:46:08', 'active'),
(30, 'OTHNIELTA', 'APPIAH', 'Basic 7', NULL, NULL, '2025-09-29 01:46:08', 'active'),
(31, 'MAJOLA', 'ARKHURST KLENAM SAWYERR', 'NURSERY 1', NULL, NULL, '2025-09-29 01:46:08', 'inactive'),
(32, 'MAJOLA', 'ARKHURST KLENAM SAWYERR', 'NURSERY 1', NULL, NULL, '2025-09-29 01:46:08', 'active'),
(33, 'FOH', 'ARKHURST KWEKU', 'KG 1', NULL, NULL, '2025-09-29 01:46:08', 'active'),
(34, 'AMOBIA', 'ARKHURST NAA', 'Basic 4', NULL, NULL, '2025-09-29 01:46:08', 'active'),
(35, 'ABA', 'ARKOH ADELAIDE MAMAE', 'KG 1', NULL, NULL, '2025-09-29 01:46:08', 'active'),
(36, 'MIRABEL', 'ARMAH', 'Basic 1', NULL, NULL, '2025-09-29 01:46:08', 'active'),
(37, 'AMELEY', 'ARMAH THEODOSIAH NAA MIISHEE', 'Basic 6', NULL, NULL, '2025-09-29 01:46:08', 'active'),
(38, 'ARYEE', 'ARYEEQUAYE ABDUL SALEEM NII', 'Basic 2', NULL, NULL, '2025-09-29 01:46:08', 'active'),
(39, 'MARIAM DEDE ARMAH', 'ARYEEQUAYE', 'Creche', NULL, NULL, '2025-09-29 01:46:08', 'active'),
(40, 'ARMAH', 'ARYEEQUAYE DAWUD', 'NURSERY 2', NULL, NULL, '2025-09-29 01:46:08', 'active'),
(41, 'JULIOUS', 'ARYEETEY', 'Basic 5', NULL, NULL, '2025-09-29 01:46:08', 'active'),
(42, 'REINA', 'ASAMOAH YEBOAH MAXWELLA', 'NURSERY 2', NULL, NULL, '2025-09-29 01:46:08', 'active'),
(43, 'DEANGIL', 'ASIRIFI', 'Basic 6', NULL, NULL, '2025-09-29 01:46:08', 'active'),
(44, 'JULIET', 'AWUAH', 'Basic 4', NULL, NULL, '2025-09-29 01:46:08', 'active'),
(45, 'ARKOH', 'BAAH MANUEL AFRIYIE', 'KG 1', NULL, NULL, '2025-09-29 01:46:08', 'active'),
(46, 'EDGARDO', 'BAIDOO', 'NURSERY 1', NULL, NULL, '2025-09-29 01:46:08', 'active'),
(47, 'ENYAMA', 'BANNIE GODSGIFT NANA', 'Basic 2', NULL, NULL, '2025-09-29 01:46:08', 'active'),
(48, 'SAMAABA', 'BANNIE GODSWILL NANA', 'Basic 5', NULL, NULL, '2025-09-29 01:46:08', 'active'),
(49, 'MARVIN', 'BEDZRAH', 'KG 1', NULL, NULL, '2025-09-29 01:46:08', 'active'),
(50, 'SIAW', 'BEMPOE EMMANUEL', 'KG 2', NULL, NULL, '2025-09-29 01:46:08', 'active'),
(51, 'ARIEL', 'BENTIL', 'NURSERY 2', NULL, NULL, '2025-09-29 01:46:08', 'active'),
(52, 'FOSUAA', 'BENTIL CHARISMA', 'Basic 2', NULL, NULL, '2025-09-29 01:46:08', 'active'),
(53, 'ABAYAA', 'BERMUDEZ', 'KG 2', NULL, NULL, '2025-09-29 01:46:08', 'active'),
(54, 'RAFAEL', 'BERMUDEZ', 'Basic 2', NULL, NULL, '2025-09-29 01:46:08', 'active'),
(55, 'GEORGINA', 'BLACKWELL OBENG', 'KG 2', NULL, NULL, '2025-09-29 01:46:08', 'active'),
(56, 'ALVIN', 'BOATENG', 'Basic 1', NULL, NULL, '2025-09-29 01:46:08', 'active'),
(57, 'NANA', 'BOATENG JETHRO', 'KG 2', NULL, NULL, '2025-09-29 01:46:08', 'active'),
(58, 'AFRIRYIE', 'BOATENG PRINCE', 'Basic 6', NULL, NULL, '2025-09-29 01:46:08', 'active'),
(59, 'BLESSING', 'DANSO', 'KG 1', NULL, NULL, '2025-09-29 01:46:08', 'active'),
(60, 'KYEKYEKU', 'DAPAAH ZION OPPONG', 'KG 1', NULL, NULL, '2025-09-29 01:46:08', 'active'),
(61, 'JESSE', 'DOE', 'KG 2', NULL, NULL, '2025-09-29 01:46:08', 'active'),
(62, 'JOEL', 'DOTSE', 'CRECHE', NULL, NULL, '2025-09-29 01:46:08', 'active'),
(63, 'NANA', 'FILSON EKOW', 'KG 2', NULL, NULL, '2025-09-29 01:46:08', 'active'),
(64, 'EMERALDIA', 'FILSON', 'NURSERY 2', NULL, NULL, '2025-09-29 01:46:08', 'active'),
(65, 'OSEI', 'FRIMPONG JADEN', 'NURSERY 1', NULL, NULL, '2025-09-29 01:46:08', 'active'),
(66, 'ELIANA', 'GAVI AMENUVEVE', 'Nursery 1', NULL, NULL, '2025-09-29 01:46:08', 'inactive'),
(67, 'JEFFREY', 'HINI', 'KG 2', NULL, NULL, '2025-09-29 01:46:08', 'active'),
(68, 'AGYEMANG', 'KODUAH YOUNGMONEY', 'KG 1', NULL, NULL, '2025-09-29 01:46:08', 'active'),
(69, 'MAWUENA', 'KPORMEGBEY RYAN KOJO', 'Creche', NULL, NULL, '2025-09-29 01:46:08', 'active'),
(70, 'KWAME', 'KWAANSAH NANA', 'Basic 7', NULL, NULL, '2025-09-29 01:46:08', 'active'),
(71, 'ADELA', 'KWOFIE BRIANNA NANA', 'NURSERY 1', NULL, NULL, '2025-09-29 01:46:08', 'active'),
(72, 'BROOKLYN', 'KYEI LOLA AKOSUA', 'Basic 2', NULL, NULL, '2025-09-29 01:46:08', 'inactive'),
(73, 'TAWFIQ', 'MAHMUD DREAM RYAN', 'Basic 1', NULL, NULL, '2025-09-29 01:46:08', 'active'),
(74, 'JAYSON', 'MANTE-SARFO', 'Basic 6', NULL, NULL, '2025-09-29 01:46:08', 'inactive'),
(75, 'JOYCE', 'MENSAH', 'NURSERY 1', NULL, NULL, '2025-09-29 01:46:08', 'active'),
(76, 'JULIOUS', 'MENSAH', 'Basic 1', NULL, NULL, '2025-09-29 01:46:08', 'active'),
(77, 'OPARE', 'MINTAH CHLOE', 'Basic 4', NULL, NULL, '2025-09-29 01:46:08', 'active'),
(78, 'OPARE', 'MINTAH ETHEN', 'Basic 2', NULL, NULL, '2025-09-29 01:46:08', 'active'),
(79, 'OPARE', 'MINTAH SABASTIAN', 'Basic 6', NULL, NULL, '2025-09-29 01:46:08', 'active'),
(80, 'ANAT', 'MOHAMMAD', 'NURSERY 2', NULL, NULL, '2025-09-29 01:46:08', 'active'),
(81, 'RAHEEMA', 'MOHAMMED', 'Basic 1', NULL, NULL, '2025-09-29 01:46:08', 'active'),
(82, 'GABRIELLA', 'NIZER', 'Basic 6', NULL, NULL, '2025-09-29 01:46:08', 'inactive'),
(83, 'JIBRIL', 'NIZER JANAT', 'NURSERY 2', NULL, NULL, '2025-09-29 01:46:08', 'inactive'),
(84, 'DANIELLA', 'NYARKO', 'Basic 1', NULL, NULL, '2025-09-29 01:46:08', 'active'),
(85, 'SAMUEL', 'NYARKO', 'KG 1', NULL, NULL, '2025-09-29 01:46:08', 'active'),
(86, 'LAMPTEY', 'ODARTEI HARRISSON NII', 'KG 1', NULL, NULL, '2025-09-29 01:46:08', 'active'),
(87, 'MONDAY', 'ODUM', 'Basic 4', NULL, NULL, '2025-09-29 01:46:08', 'inactive'),
(88, 'PRECIOUS', 'ODUM', 'KG 2', NULL, NULL, '2025-09-29 01:46:08', 'active'),
(89, 'NHYIRA', 'OFORI DONATELLA', 'KG 2', NULL, NULL, '2025-09-29 01:46:08', 'active'),
(90, 'SAMUEL', 'OFOSU', 'KG 1', NULL, NULL, '2025-09-29 01:46:08', 'active'),
(91, 'ELIANA', 'OPPONG BOADUWAA', 'KG 1', NULL, NULL, '2025-09-29 01:46:08', 'active'),
(92, 'JAYDEN', 'OSEI QUAYE', 'Basic 4', NULL, NULL, '2025-09-29 01:46:08', 'active'),
(93, 'NYAMEKYE', 'OTOO JAIDAH', 'NURSERY 1', NULL, NULL, '2025-09-29 01:46:08', 'active'),
(94, 'OKAINSIE', 'OTUMFUO MARY', 'KG 1', NULL, NULL, '2025-09-29 01:46:08', 'inactive'),
(95, 'ADOM', 'TETTEH GODWIN', 'Basic 5', NULL, NULL, '2025-09-29 01:46:08', 'active'),
(96, 'MAXWELL', 'TETTEH', 'Basic 2', NULL, NULL, '2025-09-29 01:46:08', 'active'),
(97, 'RAYMOND', 'TETTEH', 'NURSERY 1', NULL, NULL, '2025-09-29 01:46:08', 'active'),
(98, 'TRUDILOVE', 'TETTEH', 'Basic 4', NULL, NULL, '2025-09-29 01:46:08', 'active'),
(99, 'BLESSING', 'THOMAS-SAM', 'Basic 5', NULL, NULL, '2025-09-29 01:46:08', 'active'),
(100, 'MERCY', 'THOMAS-SAM', 'Basic 7', NULL, NULL, '2025-09-29 01:46:08', 'active'),
(101, 'VAVA', 'TSIDI VALERIE', 'Basic 6', NULL, NULL, '2025-09-29 01:46:08', 'active'),
(102, 'DANSO', 'YAMOAH QUEENSTER ABENA', 'NURSERY 2', NULL, NULL, '2025-09-29 01:46:08', 'active'),
(103, 'MALTITI', 'AISHA', 'NURSERY 2', NULL, NULL, '2025-09-29 01:46:08', 'inactive'),
(104, 'AWINDIN-DAVID', 'ABANGAH', 'Nursery 1', NULL, NULL, '2025-09-29 01:46:08', 'active'),
(105, 'CHRISTODIA', 'OTOO MERYGOLD', 'CRECHE', NULL, NULL, '2025-09-29 01:46:08', 'active'),
(106, 'OKATAKYIE', 'OSAE', 'CRECHE', NULL, NULL, '2025-09-29 01:46:08', 'active'),
(107, 'TEIKO', 'TAGOE JYLAN NII', 'CRECHE', NULL, NULL, '2025-09-29 01:46:08', 'active'),
(108, 'APPIAH', 'KELVIN', 'Basic 2', NULL, NULL, '2025-09-29 01:46:08', 'active'),
(109, 'BOATENG', 'YEBOAH KESTER', 'KG 2', NULL, NULL, '2025-09-29 01:46:08', 'active'),
(110, 'RAHMAN', 'ABDUL', 'Basic 1', NULL, NULL, '2025-09-30 04:50:03', 'active'),
(111, 'ABLORDE GERHARD KEKELI WOLARNYO YAW', 'ABLORDE', 'Basic 4', NULL, NULL, '2025-09-30 14:57:46', 'active'),
(112, 'GERHARDINE KLENAM ESI', 'ABLORDE', 'Basic 5', NULL, NULL, '2025-09-30 14:58:19', 'active'),
(113, 'RYAN', 'AWUDE', 'KG 2', NULL, NULL, '2025-09-30 14:59:09', 'active'),
(114, 'ELSIE', 'ADOBOE', 'Creche', NULL, NULL, '2025-09-30 14:59:37', 'active'),
(115, 'AUSTIN', 'NANA WIAFE BROWN', 'Creche', NULL, NULL, '2025-09-30 15:00:12', 'active'),
(116, 'AASIYA NAANA', 'JAFAR', 'Creche', NULL, NULL, '2025-09-30 15:00:58', 'active'),
(117, 'MATILDA', 'ABOGLE', 'Basic 7', NULL, NULL, '2025-09-30 15:01:43', 'active'),
(118, 'YVONNE NUNOO', 'ADDAI', 'Nursery 1', NULL, NULL, '2025-09-30 16:09:38', 'active'),
(119, 'JADIDIAH CHRISTODIA OHEMAA', 'ARTHUR', 'Nursery 2', NULL, NULL, '2025-10-02 05:34:57', 'active'),
(120, 'ELIKEM KWEKU AMOAH', 'ARKHURST', 'Basic 2', NULL, NULL, '2025-10-04 20:01:42', 'active'),
(121, 'Andrella', 'Ator', 'KG 1', NULL, NULL, '2025-10-05 17:40:31', 'active'),
(122, 'YOCHANA NYAMAA BOADI MENSAH', 'ABANKWAH', 'Nursery 1', NULL, NULL, '2025-10-06 10:06:37', 'active'),
(123, 'GLENDA', 'ARMAH', 'Creche', NULL, NULL, '2025-10-14 13:42:53', 'inactive'),
(124, 'LISA EVELYN', 'DARKOA KISIEDU', 'Creche', NULL, NULL, '2025-10-14 13:44:39', 'active'),
(125, 'LUXURY OHEMAA', 'TETTEH', 'Creche', NULL, NULL, '2025-10-14 13:45:25', 'active'),
(126, 'MALTITI AISHA', 'MUBARIK', 'Nursery 1', NULL, NULL, '2025-10-14 13:50:48', 'active'),
(127, 'QUEENSTAR', 'KNOX ENNINFUL', 'KG 1', NULL, NULL, '2025-10-15 07:45:18', 'active'),
(128, 'Glenda Naa Deede', 'Armah', 'Creche', '2023-09-18', NULL, '2025-11-18 06:56:06', 'active'),
(129, 'Jude Worlanyo', 'Anyrator', 'Creche', NULL, NULL, '2025-12-02 16:37:08', 'active'),
(130, 'JESSE', 'KRAMPAH', 'KG 1', NULL, NULL, '2025-12-03 12:59:09', 'active'),
(131, 'PRINCESS', 'KRAMPAH', 'Nursery 1', NULL, NULL, '2025-12-03 12:59:27', 'active');

-- --------------------------------------------------------

--
-- Table structure for table `student_fees`
--

CREATE TABLE `student_fees` (
  `id` int(11) NOT NULL,
  `student_id` int(11) NOT NULL,
  `fee_id` int(11) NOT NULL,
  `amount` decimal(10,2) DEFAULT 0.00,
  `amount_paid` decimal(10,2) NOT NULL DEFAULT 0.00,
  `term` varchar(50) DEFAULT NULL,
  `notes` text DEFAULT NULL,
  `assigned_date` datetime DEFAULT current_timestamp(),
  `due_date` date DEFAULT NULL,
  `status` enum('pending','due','paid','overdue','cancelled') DEFAULT 'pending'
) ENGINE=InnoDB DEFAULT CHARSET=utf8mb4 COLLATE=utf8mb4_unicode_ci;

--
-- Dumping data for table `student_fees`
--

INSERT INTO `student_fees` (`id`, `student_id`, `fee_id`, `amount`, `amount_paid`, `term`, `notes`, `assigned_date`, `due_date`, `status`) VALUES
(1, 18, 10, 250.00, 250.00, 'First Term', '', '2025-10-01 18:26:32', '2025-10-31', 'paid'),
(2, 45, 10, 250.00, 250.00, 'First Term', '', '2025-10-01 18:26:32', '2025-10-31', 'paid'),
(3, 92, 10, 250.00, 250.00, 'First Term', '', '2025-10-01 18:26:32', '2025-10-31', 'paid'),
(4, 20, 5, 250.00, 250.00, 'First Term', '', '2025-10-01 18:43:33', '2025-10-31', 'paid'),
(5, 26, 5, 250.00, 250.00, 'First Term', '', '2025-10-01 18:43:33', '2025-10-31', 'paid'),
(6, 39, 5, 250.00, 250.00, 'First Term', '', '2025-10-01 18:43:33', '2025-10-31', 'paid'),
(7, 62, 5, 250.00, 250.00, 'First Term', '', '2025-10-01 18:43:33', '2025-10-31', 'paid'),
(8, 69, 5, 250.00, 250.00, 'First Term', '', '2025-10-01 18:43:33', '2025-10-31', 'paid'),
(9, 105, 5, 250.00, 250.00, 'First Term', '', '2025-10-01 18:43:33', '2025-10-31', 'paid'),
(10, 106, 5, 250.00, 250.00, 'First Term', '', '2025-10-01 18:43:33', '2025-10-31', 'paid'),
(11, 107, 5, 250.00, 250.00, 'First Term', '', '2025-10-01 18:43:33', '2025-10-31', 'paid'),
(12, 115, 5, 250.00, 250.00, 'First Term', '', '2025-10-01 18:43:33', '2025-10-31', 'paid'),
(13, 116, 5, 250.00, 250.00, 'First Term', '', '2025-10-01 18:43:33', '2025-10-31', 'paid'),
(14, 20, 9, 30.00, 30.00, 'First Term', '', '2025-10-01 19:07:19', '2025-10-31', 'paid'),
(15, 20, 11, 70.00, 70.00, 'First Term', '', '2025-10-01 19:07:19', '2025-10-31', 'paid'),
(16, 20, 8, 30.00, 30.00, 'First Term', '', '2025-10-01 19:07:19', '2025-10-31', 'paid'),
(17, 26, 9, 30.00, 30.00, 'First Term', '', '2025-10-01 19:07:19', '2025-10-31', 'paid'),
(18, 26, 11, 70.00, 70.00, 'First Term', '', '2025-10-01 19:07:19', '2025-10-31', 'paid'),
(19, 26, 8, 30.00, 30.00, 'First Term', '', '2025-10-01 19:07:19', '2025-10-31', 'paid'),
(20, 39, 9, 30.00, 30.00, 'First Term', '', '2025-10-01 19:07:19', '2025-10-31', 'paid'),
(21, 39, 11, 70.00, 70.00, 'First Term', '', '2025-10-01 19:07:19', '2025-10-31', 'paid'),
(22, 39, 8, 30.00, 30.00, 'First Term', '', '2025-10-01 19:07:19', '2025-10-31', 'paid'),
(23, 62, 9, 30.00, 30.00, 'First Term', '', '2025-10-01 19:07:19', '2025-10-31', 'paid'),
(24, 62, 11, 70.00, 70.00, 'First Term', '', '2025-10-01 19:07:19', '2025-10-31', 'paid'),
(25, 62, 8, 30.00, 30.00, 'First Term', '', '2025-10-01 19:07:19', '2025-10-31', 'paid'),
(26, 69, 9, 30.00, 30.00, 'First Term', '', '2025-10-01 19:07:19', '2025-10-31', 'paid'),
(27, 69, 11, 70.00, 70.00, 'First Term', '', '2025-10-01 19:07:19', '2025-10-31', 'paid'),
(28, 69, 8, 30.00, 30.00, 'First Term', '', '2025-10-01 19:07:19', '2025-10-31', 'paid'),
(29, 105, 9, 30.00, 30.00, 'First Term', '', '2025-10-01 19:07:19', '2025-10-31', 'paid'),
(30, 105, 11, 70.00, 70.00, 'First Term', '', '2025-10-01 19:07:19', '2025-10-31', 'paid'),
(31, 105, 8, 30.00, 30.00, 'First Term', '', '2025-10-01 19:07:19', '2025-10-31', 'paid'),
(32, 106, 9, 30.00, 30.00, 'First Term', '', '2025-10-01 19:07:19', '2025-10-31', 'paid'),
(33, 106, 11, 70.00, 70.00, 'First Term', '', '2025-10-01 19:07:19', '2025-10-31', 'paid'),
(34, 106, 8, 30.00, 30.00, 'First Term', '', '2025-10-01 19:07:19', '2025-10-31', 'paid'),
(35, 107, 9, 30.00, 30.00, 'First Term', '', '2025-10-01 19:07:19', '2025-10-31', 'paid'),
(36, 107, 11, 70.00, 70.00, 'First Term', '', '2025-10-01 19:07:19', '2025-10-31', 'paid'),
(37, 107, 8, 30.00, 30.00, 'First Term', '', '2025-10-01 19:07:19', '2025-10-31', 'paid'),
(38, 31, 8, 30.00, 0.00, 'First Term', '', '2025-10-01 19:08:31', '2025-10-31', 'pending'),
(39, 31, 5, 450.00, 0.00, 'First Term', '', '2025-10-01 19:08:31', '2025-10-31', 'pending'),
(40, 31, 11, 70.00, 0.00, 'First Term', '', '2025-10-01 19:08:31', '2025-10-31', 'pending'),
(41, 31, 9, 30.00, 0.00, 'First Term', '', '2025-10-01 19:08:31', '2025-10-31', 'pending'),
(42, 32, 8, 30.00, 30.00, 'First Term', '', '2025-10-01 19:08:31', '2025-10-31', 'paid'),
(43, 32, 5, 450.00, 450.00, 'First Term', '', '2025-10-01 19:08:31', '2025-10-31', 'paid'),
(44, 32, 11, 70.00, 70.00, 'First Term', '', '2025-10-01 19:08:31', '2025-10-31', 'paid'),
(45, 32, 9, 30.00, 30.00, 'First Term', '', '2025-10-01 19:08:31', '2025-10-31', 'paid'),
(46, 46, 8, 30.00, 30.00, 'First Term', '', '2025-10-01 19:08:31', '2025-10-31', 'paid'),
(47, 46, 5, 450.00, 450.00, 'First Term', '', '2025-10-01 19:08:31', '2025-10-31', 'paid'),
(48, 46, 11, 70.00, 70.00, 'First Term', '', '2025-10-01 19:08:31', '2025-10-31', 'paid'),
(49, 46, 9, 30.00, 30.00, 'First Term', '', '2025-10-01 19:08:31', '2025-10-31', 'paid'),
(50, 65, 8, 30.00, 30.00, 'First Term', '', '2025-10-01 19:08:31', '2025-10-31', 'paid'),
(51, 65, 5, 450.00, 450.00, 'First Term', '', '2025-10-01 19:08:31', '2025-10-31', 'paid'),
(52, 65, 11, 70.00, 70.00, 'First Term', '', '2025-10-01 19:08:31', '2025-10-31', 'paid'),
(53, 65, 9, 30.00, 30.00, 'First Term', '', '2025-10-01 19:08:31', '2025-10-31', 'paid'),
(54, 71, 8, 30.00, 30.00, 'First Term', '', '2025-10-01 19:08:31', '2025-10-31', 'paid'),
(55, 71, 5, 450.00, 450.00, 'First Term', '', '2025-10-01 19:08:31', '2025-10-31', 'paid'),
(56, 71, 11, 70.00, 70.00, 'First Term', '', '2025-10-01 19:08:31', '2025-10-31', 'paid'),
(57, 71, 9, 30.00, 30.00, 'First Term', '', '2025-10-01 19:08:31', '2025-10-31', 'paid'),
(58, 75, 8, 30.00, 30.00, 'First Term', '', '2025-10-01 19:08:31', '2025-10-31', 'paid'),
(59, 75, 5, 450.00, 450.00, 'First Term', '', '2025-10-01 19:08:31', '2025-10-31', 'paid'),
(60, 75, 11, 70.00, 70.00, 'First Term', '', '2025-10-01 19:08:31', '2025-10-31', 'paid'),
(61, 75, 9, 30.00, 30.00, 'First Term', '', '2025-10-01 19:08:31', '2025-10-31', 'paid'),
(62, 93, 8, 30.00, 30.00, 'First Term', '', '2025-10-01 19:08:31', '2025-10-31', 'paid'),
(63, 93, 5, 450.00, 450.00, 'First Term', '', '2025-10-01 19:08:31', '2025-10-31', 'paid'),
(64, 93, 11, 70.00, 70.00, 'First Term', '', '2025-10-01 19:08:31', '2025-10-31', 'paid'),
(65, 93, 9, 30.00, 30.00, 'First Term', '', '2025-10-01 19:08:31', '2025-10-31', 'paid'),
(66, 97, 8, 30.00, 30.00, 'First Term', '', '2025-10-01 19:08:31', '2025-10-31', 'paid'),
(67, 97, 5, 450.00, 450.00, 'First Term', '', '2025-10-01 19:08:31', '2025-10-31', 'paid'),
(68, 97, 11, 70.00, 70.00, 'First Term', '', '2025-10-01 19:08:31', '2025-10-31', 'paid'),
(69, 97, 9, 30.00, 30.00, 'First Term', '', '2025-10-01 19:08:31', '2025-10-31', 'paid'),
(70, 104, 8, 30.00, 30.00, 'First Term', '', '2025-10-01 19:08:31', '2025-10-31', 'paid'),
(71, 104, 5, 450.00, 450.00, 'First Term', '', '2025-10-01 19:08:31', '2025-10-31', 'paid'),
(72, 104, 11, 70.00, 70.00, 'First Term', '', '2025-10-01 19:08:31', '2025-10-31', 'paid'),
(73, 104, 9, 30.00, 30.00, 'First Term', '', '2025-10-01 19:08:31', '2025-10-31', 'paid'),
(74, 23, 1, 800.00, 800.00, '', '', '2025-10-01 19:18:35', '2025-10-31', 'paid'),
(75, 23, 9, 30.00, 30.00, '', '', '2025-10-01 19:18:35', '2025-10-31', 'paid'),
(76, 20, 2, 1040.00, 1040.00, 'First Term', '', '2025-10-01 19:20:31', '2025-10-31', 'paid'),
(82, 106, 2, 1040.00, 1040.00, 'First Term', '', '2025-10-01 19:20:31', '2025-10-31', 'paid'),
(83, 107, 2, 1040.00, 1040.00, 'First Term', '', '2025-10-01 19:20:31', '2025-10-31', 'paid'),
(84, 20, 1, 350.00, 350.00, '', '', '2025-10-01 19:44:00', '2025-10-31', 'paid'),
(85, 26, 1, 700.00, 80.00, 'First Term', '', '2025-10-01 19:44:00', '2025-10-31', 'pending'),
(86, 39, 1, 350.00, 350.00, '', '', '2025-10-01 19:44:00', '2025-10-31', 'paid'),
(87, 62, 1, 700.00, 700.00, 'First Term', '', '2025-10-01 19:44:00', '2025-10-31', 'paid'),
(88, 69, 1, 700.00, 280.00, 'First Term', '', '2025-10-01 19:44:00', '2025-10-31', 'pending'),
(89, 105, 1, 700.00, 700.00, 'First Term', '', '2025-10-01 19:44:00', '2025-10-31', 'paid'),
(90, 106, 1, 700.00, 700.00, 'First Term', '', '2025-10-01 19:44:00', '2025-10-31', 'paid'),
(91, 107, 1, 700.00, 80.00, 'First Term', '', '2025-10-01 19:44:00', '2025-10-31', 'pending'),
(92, 31, 1, 700.00, 0.00, 'First Term', '', '2025-10-01 19:45:40', '2025-10-31', 'pending'),
(94, 46, 1, 700.00, 700.00, 'First Term', '', '2025-10-01 19:45:40', '2025-10-31', 'paid'),
(95, 65, 1, 700.00, 700.00, 'First Term', '', '2025-10-01 19:45:40', '2025-10-31', 'paid'),
(96, 71, 1, 700.00, 700.00, 'First Term', '', '2025-10-01 19:45:40', '2025-10-31', 'paid'),
(97, 75, 1, 700.00, 670.00, 'First Term', '', '2025-10-01 19:45:40', '2025-10-31', 'pending'),
(98, 93, 1, 700.00, 700.00, 'First Term', '', '2025-10-01 19:45:40', '2025-10-31', 'paid'),
(99, 97, 1, 700.00, 700.00, 'First Term', '', '2025-10-01 19:45:40', '2025-10-31', 'paid'),
(100, 104, 1, 700.00, 700.00, 'First Term', '', '2025-10-01 19:45:40', '2025-10-31', 'paid'),
(101, 6, 2, 1200.00, 1200.00, 'First Term', '', '2025-10-01 19:50:22', '2025-10-31', 'paid'),
(102, 7, 2, 1040.00, 1040.00, 'First Term', '', '2025-10-01 19:50:22', '2025-10-31', 'paid'),
(103, 8, 2, 1200.00, 1200.00, 'First Term', '', '2025-10-01 19:50:22', '2025-10-31', 'paid'),
(104, 11, 2, 600.00, 800.00, '', '', '2025-10-01 19:50:22', '2025-10-31', 'pending'),
(105, 12, 2, 600.00, 0.00, '', '', '2025-10-01 19:50:22', '2025-10-31', 'pending'),
(106, 16, 2, 1200.00, 0.00, 'First Term', '', '2025-10-01 19:50:22', '2025-10-31', 'pending'),
(107, 17, 2, 1200.00, 0.00, 'First Term', '', '2025-10-01 19:50:22', '2025-10-31', 'pending'),
(108, 18, 2, 1200.00, 1200.00, 'First Term', '', '2025-10-01 19:50:22', '2025-10-31', 'paid'),
(109, 21, 2, 1200.00, 1200.00, 'First Term', '', '2025-10-01 19:50:22', '2025-10-31', 'paid'),
(110, 31, 2, 1040.00, 0.00, 'First Term', '', '2025-10-01 19:50:22', '2025-10-31', 'pending'),
(111, 33, 2, 1200.00, 1200.00, 'First Term', '', '2025-10-01 19:50:22', '2025-10-31', 'paid'),
(112, 34, 2, 1200.00, 1200.00, 'First Term', '', '2025-10-01 19:50:22', '2025-10-31', 'paid'),
(113, 38, 2, 1200.00, 1200.00, 'First Term', '', '2025-10-01 19:50:22', '2025-10-31', 'paid'),
(114, 42, 2, 1040.00, 1040.00, 'First Term', '', '2025-10-01 19:50:22', '2025-10-31', 'paid'),
(115, 58, 2, 1200.00, 1200.00, 'First Term', '', '2025-10-01 19:50:22', '2025-10-31', 'paid'),
(116, 61, 2, 1200.00, 1200.00, 'First Term', '', '2025-10-01 19:50:22', '2025-10-31', 'paid'),
(117, 63, 2, 1200.00, 1200.00, 'First Term', '', '2025-10-01 19:50:22', '2025-10-31', 'paid'),
(118, 64, 2, 1040.00, 1040.00, 'First Term', '', '2025-10-01 19:50:22', '2025-10-31', 'paid'),
(119, 70, 2, 1200.00, 1200.00, 'First Term', '', '2025-10-01 19:50:22', '2025-10-31', 'paid'),
(122, 85, 2, 1200.00, 1200.00, 'First Term', '', '2025-10-01 19:50:22', '2025-10-31', 'paid'),
(123, 88, 2, 1200.00, 1200.00, 'First Term', '', '2025-10-01 19:50:22', '2025-10-31', 'paid'),
(124, 90, 2, 1200.00, 1200.00, 'First Term', '', '2025-10-01 19:50:22', '2025-10-31', 'paid'),
(125, 91, 2, 1200.00, 1200.00, 'First Term', '', '2025-10-01 19:50:22', '2025-10-31', 'paid'),
(126, 92, 2, 1200.00, 1200.00, 'First Term', '', '2025-10-01 19:50:22', '2025-10-31', 'paid'),
(127, 93, 2, 1040.00, 920.00, 'First Term', '', '2025-10-01 19:50:22', '2025-10-31', 'pending'),
(128, 99, 2, 1200.00, 1200.00, 'First Term', '', '2025-10-01 19:50:22', '2025-10-31', 'paid'),
(129, 100, 2, 1200.00, 800.00, 'First Term', '', '2025-10-01 19:50:22', '2025-10-31', 'pending'),
(130, 104, 2, 1040.00, 1040.00, 'First Term', '', '2025-10-01 19:50:22', '2025-10-31', 'paid'),
(131, 109, 2, 1200.00, 1200.00, 'First Term', '', '2025-10-01 19:50:22', '2025-10-31', 'paid'),
(132, 7, 11, 70.00, 70.00, 'First Term', '', '2025-10-02 04:41:27', '2025-11-01', 'paid'),
(133, 7, 9, 30.00, 30.00, 'First Term', '', '2025-10-02 04:41:27', '2025-11-01', 'paid'),
(134, 7, 1, 700.00, 700.00, 'First Term', '', '2025-10-02 04:41:27', '2025-11-01', 'paid'),
(135, 7, 5, 450.00, 450.00, 'First Term', '', '2025-10-02 04:41:27', '2025-11-01', 'paid'),
(136, 7, 8, 30.00, 30.00, 'First Term', '', '2025-10-02 04:41:27', '2025-11-01', 'paid'),
(137, 19, 11, 70.00, 70.00, 'First Term', '', '2025-10-02 04:41:27', '2025-11-01', 'paid'),
(138, 19, 9, 30.00, 30.00, 'First Term', '', '2025-10-02 04:41:27', '2025-11-01', 'paid'),
(139, 19, 1, 700.00, 700.00, 'First Term', '', '2025-10-02 04:41:27', '2025-11-01', 'paid'),
(140, 19, 5, 80.00, 10.00, '', '', '2025-10-02 04:41:27', '2025-11-01', 'pending'),
(141, 19, 8, 30.00, 0.00, 'First Term', '', '2025-10-02 04:41:27', '2025-11-01', 'pending'),
(142, 29, 11, 70.00, 70.00, 'First Term', '', '2025-10-02 04:41:27', '2025-11-01', 'paid'),
(143, 29, 9, 30.00, 30.00, 'First Term', '', '2025-10-02 04:41:27', '2025-11-01', 'paid'),
(144, 29, 1, 700.00, 700.00, 'First Term', '', '2025-10-02 04:41:27', '2025-11-01', 'paid'),
(145, 29, 5, 450.00, 200.00, 'First Term', '', '2025-10-02 04:41:27', '2025-11-01', 'pending'),
(146, 29, 8, 30.00, 0.00, 'First Term', '', '2025-10-02 04:41:27', '2025-11-01', 'pending'),
(147, 40, 11, 70.00, 70.00, 'First Term', '', '2025-10-02 04:41:27', '2025-11-01', 'paid'),
(148, 40, 9, 30.00, 30.00, 'First Term', '', '2025-10-02 04:41:27', '2025-11-01', 'paid'),
(149, 40, 1, 700.00, 700.00, 'First Term', '', '2025-10-02 04:41:27', '2025-11-01', 'paid'),
(150, 40, 5, 450.00, 450.00, 'First Term', '', '2025-10-02 04:41:27', '2025-11-01', 'paid'),
(151, 40, 8, 30.00, 30.00, 'First Term', '', '2025-10-02 04:41:27', '2025-11-01', 'paid'),
(152, 42, 11, 70.00, 70.00, 'First Term', '', '2025-10-02 04:41:27', '2025-11-01', 'paid'),
(153, 42, 9, 30.00, 30.00, 'First Term', '', '2025-10-02 04:41:27', '2025-11-01', 'paid'),
(154, 42, 1, 700.00, 700.00, 'First Term', '', '2025-10-02 04:41:27', '2025-11-01', 'paid'),
(155, 42, 5, 450.00, 450.00, 'First Term', '', '2025-10-02 04:41:27', '2025-11-01', 'paid'),
(156, 42, 8, 30.00, 30.00, 'First Term', '', '2025-10-02 04:41:27', '2025-11-01', 'paid'),
(157, 51, 11, 70.00, 70.00, 'First Term', '', '2025-10-02 04:41:27', '2025-11-01', 'paid'),
(158, 51, 9, 30.00, 30.00, 'First Term', '', '2025-10-02 04:41:27', '2025-11-01', 'paid'),
(159, 51, 1, 700.00, 700.00, 'First Term', '', '2025-10-02 04:41:27', '2025-11-01', 'paid'),
(160, 51, 5, 450.00, 450.00, 'First Term', '', '2025-10-02 04:41:27', '2025-11-01', 'paid'),
(161, 51, 8, 30.00, 30.00, 'First Term', '', '2025-10-02 04:41:27', '2025-11-01', 'paid'),
(162, 64, 11, 70.00, 70.00, 'First Term', '', '2025-10-02 04:41:27', '2025-11-01', 'paid'),
(163, 64, 9, 30.00, 30.00, 'First Term', '', '2025-10-02 04:41:27', '2025-11-01', 'paid'),
(164, 64, 1, 700.00, 700.00, 'First Term', '', '2025-10-02 04:41:27', '2025-11-01', 'paid'),
(165, 64, 5, 450.00, 450.00, 'First Term', '', '2025-10-02 04:41:27', '2025-11-01', 'paid'),
(166, 64, 8, 30.00, 30.00, 'First Term', '', '2025-10-02 04:41:27', '2025-11-01', 'paid'),
(167, 80, 11, 70.00, 70.00, 'First Term', '', '2025-10-02 04:41:27', '2025-11-01', 'paid'),
(168, 80, 9, 30.00, 30.00, 'First Term', '', '2025-10-02 04:41:27', '2025-11-01', 'paid'),
(169, 80, 1, 700.00, 700.00, 'First Term', '', '2025-10-02 04:41:27', '2025-11-01', 'paid'),
(170, 80, 5, 450.00, 450.00, 'First Term', '', '2025-10-02 04:41:27', '2025-11-01', 'paid'),
(171, 80, 8, 30.00, 30.00, 'First Term', '', '2025-10-02 04:41:27', '2025-11-01', 'paid'),
(172, 102, 11, 70.00, 70.00, 'First Term', '', '2025-10-02 04:41:27', '2025-11-01', 'paid'),
(173, 102, 9, 30.00, 30.00, 'First Term', '', '2025-10-02 04:41:27', '2025-11-01', 'paid'),
(174, 102, 1, 700.00, 700.00, 'First Term', '', '2025-10-02 04:41:27', '2025-11-01', 'paid'),
(175, 102, 5, 450.00, 300.00, 'First Term', '', '2025-10-02 04:41:27', '2025-11-01', 'pending'),
(176, 102, 8, 30.00, 0.00, 'First Term', '', '2025-10-02 04:41:27', '2025-11-01', 'pending'),
(177, 103, 11, 70.00, 70.00, 'First Term', '', '2025-10-02 04:41:27', '2025-11-01', 'paid'),
(178, 103, 9, 30.00, 30.00, 'First Term', '', '2025-10-02 04:41:27', '2025-11-01', 'paid'),
(179, 103, 1, 700.00, 700.00, 'First Term', '', '2025-10-02 04:41:27', '2025-11-01', 'paid'),
(180, 103, 5, 450.00, 200.00, 'First Term', '', '2025-10-02 04:41:27', '2025-11-01', 'pending'),
(181, 103, 8, 30.00, 0.00, 'First Term', '', '2025-10-02 04:41:27', '2025-11-01', 'pending'),
(182, 5, 8, 30.00, 30.00, 'First Term', '', '2025-10-02 04:42:22', '2025-11-01', 'paid'),
(183, 5, 5, 450.00, 450.00, 'First Term', '', '2025-10-02 04:42:22', '2025-11-01', 'paid'),
(184, 5, 11, 70.00, 70.00, 'First Term', '', '2025-10-02 04:42:22', '2025-11-01', 'paid'),
(185, 5, 1, 700.00, 700.00, 'First Term', '', '2025-10-02 04:42:22', '2025-11-01', 'paid'),
(186, 5, 9, 30.00, 30.00, 'First Term', '', '2025-10-02 04:42:22', '2025-11-01', 'paid'),
(187, 8, 8, 30.00, 30.00, 'First Term', '', '2025-10-02 04:42:22', '2025-11-01', 'paid'),
(188, 8, 5, 450.00, 450.00, 'First Term', '', '2025-10-02 04:42:22', '2025-11-01', 'paid'),
(189, 8, 11, 70.00, 70.00, 'First Term', '', '2025-10-02 04:42:22', '2025-11-01', 'paid'),
(190, 8, 1, 700.00, 700.00, 'First Term', '', '2025-10-02 04:42:22', '2025-11-01', 'paid'),
(191, 8, 9, 30.00, 30.00, 'First Term', '', '2025-10-02 04:42:22', '2025-11-01', 'paid'),
(192, 18, 8, 30.00, 30.00, 'First Term', '', '2025-10-02 04:42:22', '2025-11-01', 'paid'),
(193, 18, 5, 450.00, 450.00, 'First Term', '', '2025-10-02 04:42:22', '2025-11-01', 'paid'),
(194, 18, 11, 70.00, 70.00, 'First Term', '', '2025-10-02 04:42:22', '2025-11-01', 'paid'),
(195, 18, 1, 450.00, 450.00, '', '', '2025-10-02 04:42:22', '2025-11-01', 'paid'),
(196, 18, 9, 80.00, 30.00, '', '', '2025-10-02 04:42:22', '2025-11-01', 'pending'),
(197, 25, 8, 30.00, 30.00, 'First Term', '', '2025-10-02 04:42:22', '2025-11-01', 'paid'),
(198, 25, 5, 450.00, 450.00, 'First Term', '', '2025-10-02 04:42:22', '2025-11-01', 'paid'),
(199, 25, 11, 70.00, 70.00, 'First Term', '', '2025-10-02 04:42:22', '2025-11-01', 'paid'),
(200, 25, 1, 700.00, 600.00, 'First Term', '', '2025-10-02 04:42:22', '2025-11-01', 'pending'),
(201, 25, 9, 30.00, 0.00, 'First Term', '', '2025-10-02 04:42:22', '2025-11-01', 'pending'),
(202, 33, 8, 30.00, 30.00, 'First Term', '', '2025-10-02 04:42:22', '2025-11-01', 'paid'),
(203, 33, 5, 450.00, 450.00, 'First Term', '', '2025-10-02 04:42:22', '2025-11-01', 'paid'),
(204, 33, 11, 70.00, 70.00, 'First Term', '', '2025-10-02 04:42:22', '2025-11-01', 'paid'),
(205, 33, 1, 350.00, 350.00, '', '', '2025-10-02 04:42:22', '2025-11-01', 'paid'),
(206, 33, 9, 30.00, 30.00, 'First Term', '', '2025-10-02 04:42:22', '2025-11-01', 'paid'),
(207, 35, 8, 30.00, 30.00, 'First Term', '', '2025-10-02 04:42:22', '2025-11-01', 'paid'),
(208, 35, 5, 450.00, 450.00, 'First Term', '', '2025-10-02 04:42:22', '2025-11-01', 'paid'),
(209, 35, 11, 70.00, 70.00, 'First Term', '', '2025-10-02 04:42:22', '2025-11-01', 'paid'),
(210, 35, 1, 700.00, 700.00, 'First Term', '', '2025-10-02 04:42:22', '2025-11-01', 'paid'),
(211, 35, 9, 30.00, 30.00, 'First Term', '', '2025-10-02 04:42:22', '2025-11-01', 'paid'),
(212, 45, 8, 30.00, 30.00, 'First Term', '', '2025-10-02 04:42:22', '2025-11-01', 'paid'),
(213, 45, 5, 450.00, 450.00, 'First Term', '', '2025-10-02 04:42:22', '2025-11-01', 'paid'),
(214, 45, 11, 70.00, 70.00, 'First Term', '', '2025-10-02 04:42:22', '2025-11-01', 'paid'),
(215, 45, 1, 450.00, 510.00, '', '', '2025-10-02 04:42:22', '2025-11-01', 'pending'),
(216, 45, 9, 30.00, 30.00, 'First Term', '', '2025-10-02 04:42:22', '2025-11-01', 'paid'),
(217, 49, 8, 30.00, 30.00, 'First Term', '', '2025-10-02 04:42:22', '2025-11-01', 'paid'),
(218, 49, 5, 450.00, 450.00, 'First Term', '', '2025-10-02 04:42:22', '2025-11-01', 'paid'),
(219, 49, 11, 70.00, 70.00, 'First Term', '', '2025-10-02 04:42:22', '2025-11-01', 'paid'),
(220, 49, 1, 700.00, 700.00, 'First Term', '', '2025-10-02 04:42:22', '2025-11-01', 'paid'),
(221, 49, 9, 30.00, 30.00, 'First Term', '', '2025-10-02 04:42:22', '2025-11-01', 'paid'),
(222, 59, 8, 30.00, 30.00, 'First Term', '', '2025-10-02 04:42:22', '2025-11-01', 'paid'),
(223, 59, 5, 450.00, 450.00, 'First Term', '', '2025-10-02 04:42:22', '2025-11-01', 'paid'),
(224, 59, 11, 70.00, 70.00, 'First Term', '', '2025-10-02 04:42:22', '2025-11-01', 'paid'),
(225, 59, 1, 700.00, 700.00, 'First Term', '', '2025-10-02 04:42:22', '2025-11-01', 'paid'),
(226, 59, 9, 30.00, 30.00, 'First Term', '', '2025-10-02 04:42:22', '2025-11-01', 'paid'),
(227, 60, 8, 30.00, 30.00, 'First Term', '', '2025-10-02 04:42:22', '2025-11-01', 'paid'),
(228, 60, 5, 450.00, 450.00, 'First Term', '', '2025-10-02 04:42:22', '2025-11-01', 'paid'),
(229, 60, 11, 70.00, 70.00, 'First Term', '', '2025-10-02 04:42:22', '2025-11-01', 'paid'),
(230, 60, 1, 700.00, 700.00, 'First Term', '', '2025-10-02 04:42:22', '2025-11-01', 'paid'),
(231, 60, 9, 30.00, 30.00, 'First Term', '', '2025-10-02 04:42:22', '2025-11-01', 'paid'),
(232, 68, 8, 30.00, 30.00, 'First Term', '', '2025-10-02 04:42:22', '2025-11-01', 'paid'),
(233, 68, 5, 450.00, 450.00, 'First Term', '', '2025-10-02 04:42:22', '2025-11-01', 'paid'),
(234, 68, 11, 70.00, 70.00, 'First Term', '', '2025-10-02 04:42:22', '2025-11-01', 'paid'),
(235, 68, 1, 700.00, 400.00, 'First Term', '', '2025-10-02 04:42:22', '2025-11-01', 'pending'),
(236, 68, 9, 34.00, 0.00, '', '', '2025-10-02 04:42:22', '2025-11-01', 'pending'),
(237, 85, 8, 30.00, 30.00, 'First Term', '', '2025-10-02 04:42:22', '2025-11-01', 'paid'),
(238, 85, 5, 450.00, 450.00, 'First Term', '', '2025-10-02 04:42:22', '2025-11-01', 'paid'),
(239, 85, 11, 70.00, 70.00, 'First Term', '', '2025-10-02 04:42:22', '2025-11-01', 'paid'),
(240, 85, 1, 700.00, 700.00, 'First Term', '', '2025-10-02 04:42:22', '2025-11-01', 'paid'),
(241, 85, 9, 30.00, 30.00, 'First Term', '', '2025-10-02 04:42:22', '2025-11-01', 'paid'),
(242, 86, 8, 30.00, 30.00, 'First Term', '', '2025-10-02 04:42:22', '2025-11-01', 'paid'),
(243, 86, 5, 450.00, 450.00, 'First Term', '', '2025-10-02 04:42:22', '2025-11-01', 'paid'),
(244, 86, 11, 70.00, 70.00, 'First Term', '', '2025-10-02 04:42:22', '2025-11-01', 'paid'),
(245, 86, 1, 700.00, 700.00, 'First Term', '', '2025-10-02 04:42:22', '2025-11-01', 'paid'),
(246, 86, 9, 30.00, 30.00, 'First Term', '', '2025-10-02 04:42:22', '2025-11-01', 'paid'),
(247, 90, 8, 30.00, 30.00, 'First Term', '', '2025-10-02 04:42:22', '2025-11-01', 'paid'),
(248, 90, 5, 950.00, 950.00, '', '', '2025-10-02 04:42:22', '2025-11-01', 'paid'),
(249, 90, 11, 70.00, 70.00, 'First Term', '', '2025-10-02 04:42:22', '2025-11-01', 'paid'),
(250, 90, 1, 700.00, 700.00, 'First Term', '', '2025-10-02 04:42:22', '2025-11-01', 'paid'),
(251, 90, 9, 80.00, 80.00, '', '', '2025-10-02 04:42:22', '2025-11-01', 'paid'),
(252, 91, 8, 30.00, 30.00, 'First Term', '', '2025-10-02 04:42:22', '2025-11-01', 'paid'),
(253, 91, 5, 450.00, 450.00, 'First Term', '', '2025-10-02 04:42:22', '2025-11-01', 'paid'),
(254, 91, 11, 70.00, 70.00, 'First Term', '', '2025-10-02 04:42:22', '2025-11-01', 'paid'),
(255, 91, 1, 700.00, 700.00, 'First Term', '', '2025-10-02 04:42:22', '2025-11-01', 'paid'),
(256, 91, 9, 30.00, 30.00, 'First Term', '', '2025-10-02 04:42:22', '2025-11-01', 'paid'),
(257, 94, 8, 30.00, 30.00, 'First Term', '', '2025-10-02 04:42:22', '2025-11-01', 'paid'),
(258, 94, 5, 450.00, 370.00, 'First Term', '', '2025-10-02 04:42:22', '2025-11-01', 'pending'),
(259, 94, 11, 70.00, 0.00, 'First Term', '', '2025-10-02 04:42:22', '2025-11-01', 'pending'),
(260, 94, 1, 700.00, 0.00, 'First Term', '', '2025-10-02 04:42:22', '2025-11-01', 'pending'),
(261, 94, 9, 30.00, 0.00, 'First Term', '', '2025-10-02 04:42:22', '2025-11-01', 'pending'),
(262, 4, 7, 250.00, 250.00, 'First Term', '', '2025-10-02 04:43:28', '2025-11-01', 'paid'),
(263, 4, 8, 30.00, 30.00, 'First Term', '', '2025-10-02 04:43:28', '2025-11-01', 'paid'),
(264, 4, 5, 450.00, 120.00, 'First Term', '', '2025-10-02 04:43:28', '2025-11-01', 'pending'),
(265, 4, 11, 70.00, 0.00, 'First Term', '', '2025-10-02 04:43:28', '2025-11-01', 'pending'),
(266, 4, 1, 700.00, 0.00, 'First Term', '', '2025-10-02 04:43:28', '2025-11-01', 'pending'),
(267, 4, 9, 30.00, 0.00, 'First Term', '', '2025-10-02 04:43:28', '2025-11-01', 'pending'),
(268, 6, 7, 250.00, 250.00, 'First Term', '', '2025-10-02 04:43:28', '2025-11-01', 'paid'),
(269, 6, 8, 30.00, 30.00, 'First Term', '', '2025-10-02 04:43:28', '2025-11-01', 'paid'),
(270, 6, 5, 450.00, 450.00, 'First Term', '', '2025-10-02 04:43:28', '2025-11-01', 'paid'),
(271, 6, 11, 70.00, 70.00, 'First Term', '', '2025-10-02 04:43:28', '2025-11-01', 'paid'),
(272, 6, 1, 700.00, 700.00, 'First Term', '', '2025-10-02 04:43:28', '2025-11-01', 'paid'),
(273, 6, 9, 30.00, 0.00, 'First Term', '', '2025-10-02 04:43:28', '2025-11-01', 'pending'),
(274, 12, 7, 250.00, 0.00, 'First Term', '', '2025-10-02 04:43:28', '2025-11-01', 'pending'),
(275, 12, 8, 30.00, 0.00, 'First Term', '', '2025-10-02 04:43:28', '2025-11-01', 'pending'),
(276, 12, 5, 450.00, 0.00, 'First Term', '', '2025-10-02 04:43:28', '2025-11-01', 'pending'),
(277, 12, 11, 70.00, 0.00, 'First Term', '', '2025-10-02 04:43:28', '2025-11-01', 'pending'),
(278, 12, 1, 350.00, 0.00, '', '', '2025-10-02 04:43:28', '2025-11-01', 'pending'),
(279, 12, 9, 30.00, 0.00, 'First Term', '', '2025-10-02 04:43:28', '2025-11-01', 'pending'),
(280, 16, 7, 250.00, 0.00, 'First Term', '', '2025-10-02 04:43:28', '2025-11-01', 'pending'),
(281, 16, 8, 30.00, 0.00, 'First Term', '', '2025-10-02 04:43:28', '2025-11-01', 'pending'),
(282, 16, 5, 450.00, 0.00, 'First Term', '', '2025-10-02 04:43:28', '2025-11-01', 'pending'),
(283, 16, 11, 70.00, 0.00, 'First Term', '', '2025-10-02 04:43:28', '2025-11-01', 'pending'),
(284, 16, 1, 700.00, 0.00, 'First Term', '', '2025-10-02 04:43:28', '2025-11-01', 'pending'),
(285, 16, 9, 30.00, 0.00, 'First Term', '', '2025-10-02 04:43:28', '2025-11-01', 'pending'),
(286, 22, 7, 250.00, 250.00, 'First Term', '', '2025-10-02 04:43:28', '2025-11-01', 'paid'),
(287, 22, 8, 30.00, 30.00, 'First Term', '', '2025-10-02 04:43:28', '2025-11-01', 'paid'),
(288, 22, 5, 450.00, 450.00, 'First Term', '', '2025-10-02 04:43:28', '2025-11-01', 'paid'),
(289, 22, 11, 70.00, 70.00, 'First Term', '', '2025-10-02 04:43:28', '2025-11-01', 'paid'),
(290, 22, 1, 700.00, 700.00, 'First Term', '', '2025-10-02 04:43:28', '2025-11-01', 'paid'),
(291, 22, 9, 30.00, 30.00, 'First Term', '', '2025-10-02 04:43:28', '2025-11-01', 'paid'),
(292, 27, 7, 250.00, 250.00, 'First Term', '', '2025-10-02 04:43:28', '2025-11-01', 'paid'),
(293, 27, 8, 30.00, 30.00, 'First Term', '', '2025-10-02 04:43:28', '2025-11-01', 'paid'),
(294, 27, 5, 450.00, 450.00, 'First Term', '', '2025-10-02 04:43:28', '2025-11-01', 'paid'),
(295, 27, 11, 70.00, 70.00, 'First Term', '', '2025-10-02 04:43:28', '2025-11-01', 'paid'),
(297, 27, 9, 30.00, 30.00, 'First Term', '', '2025-10-02 04:43:28', '2025-11-01', 'paid'),
(298, 50, 7, 250.00, 250.00, 'First Term', '', '2025-10-02 04:43:28', '2025-11-01', 'paid'),
(299, 50, 8, 30.00, 30.00, 'First Term', '', '2025-10-02 04:43:28', '2025-11-01', 'paid'),
(300, 50, 5, 450.00, 450.00, 'First Term', '', '2025-10-02 04:43:28', '2025-11-01', 'paid'),
(301, 50, 11, 70.00, 70.00, 'First Term', '', '2025-10-02 04:43:28', '2025-11-01', 'paid'),
(302, 50, 1, 700.00, 550.00, 'First Term', '', '2025-10-02 04:43:28', '2025-11-01', 'pending'),
(303, 50, 9, 30.00, 0.00, 'First Term', '', '2025-10-02 04:43:28', '2025-11-01', 'pending'),
(304, 53, 7, 250.00, 0.00, 'First Term', '', '2025-10-02 04:43:28', '2025-11-01', 'pending'),
(305, 53, 8, 30.00, 0.00, 'First Term', '', '2025-10-02 04:43:28', '2025-11-01', 'pending'),
(306, 53, 5, 450.00, 0.00, 'First Term', '', '2025-10-02 04:43:28', '2025-11-01', 'pending'),
(307, 53, 11, 70.00, 0.00, 'First Term', '', '2025-10-02 04:43:28', '2025-11-01', 'pending'),
(308, 53, 1, 700.00, 0.00, 'First Term', '', '2025-10-02 04:43:28', '2025-11-01', 'pending'),
(309, 53, 9, 30.00, 0.00, 'First Term', '', '2025-10-02 04:43:28', '2025-11-01', 'pending'),
(310, 55, 7, 250.00, 250.00, 'First Term', '', '2025-10-02 04:43:28', '2025-11-01', 'paid'),
(311, 55, 8, 30.00, 30.00, 'First Term', '', '2025-10-02 04:43:28', '2025-11-01', 'paid'),
(312, 55, 5, 450.00, 450.00, 'First Term', '', '2025-10-02 04:43:28', '2025-11-01', 'paid'),
(313, 55, 11, 70.00, 70.00, 'First Term', '', '2025-10-02 04:43:28', '2025-11-01', 'paid'),
(314, 55, 1, 700.00, 700.00, 'First Term', '', '2025-10-02 04:43:28', '2025-11-01', 'paid'),
(315, 55, 9, 30.00, 30.00, 'First Term', '', '2025-10-02 04:43:28', '2025-11-01', 'paid'),
(316, 57, 7, 250.00, 250.00, 'First Term', '', '2025-10-02 04:43:28', '2025-11-01', 'paid'),
(317, 57, 8, 30.00, 30.00, 'First Term', '', '2025-10-02 04:43:28', '2025-11-01', 'paid'),
(318, 57, 5, 450.00, 450.00, 'First Term', '', '2025-10-02 04:43:28', '2025-11-01', 'paid'),
(319, 57, 11, 70.00, 70.00, 'First Term', '', '2025-10-02 04:43:28', '2025-11-01', 'paid'),
(320, 57, 1, 700.00, 700.00, 'First Term', '', '2025-10-02 04:43:28', '2025-11-01', 'paid'),
(321, 57, 9, 30.00, 0.00, 'First Term', '', '2025-10-02 04:43:28', '2025-11-01', 'pending'),
(322, 61, 7, 250.00, 250.00, 'First Term', '', '2025-10-02 04:43:28', '2025-11-01', 'paid'),
(323, 61, 8, 30.00, 30.00, 'First Term', '', '2025-10-02 04:43:28', '2025-11-01', 'paid'),
(324, 61, 5, 450.00, 450.00, 'First Term', '', '2025-10-02 04:43:28', '2025-11-01', 'paid'),
(325, 61, 11, 70.00, 70.00, 'First Term', '', '2025-10-02 04:43:28', '2025-11-01', 'paid'),
(326, 61, 1, 700.00, 500.00, 'First Term', '', '2025-10-02 04:43:28', '2025-11-01', 'pending'),
(327, 61, 9, 30.00, 0.00, 'First Term', '', '2025-10-02 04:43:28', '2025-11-01', 'pending'),
(328, 63, 7, 250.00, 250.00, 'First Term', '', '2025-10-02 04:43:28', '2025-11-01', 'paid'),
(329, 63, 8, 30.00, 30.00, 'First Term', '', '2025-10-02 04:43:28', '2025-11-01', 'paid'),
(330, 63, 5, 450.00, 450.00, 'First Term', '', '2025-10-02 04:43:28', '2025-11-01', 'paid'),
(331, 63, 11, 70.00, 70.00, 'First Term', '', '2025-10-02 04:43:28', '2025-11-01', 'paid'),
(332, 63, 1, 700.00, 0.00, 'First Term', '', '2025-10-02 04:43:28', '2025-11-01', 'pending'),
(333, 63, 9, 30.00, 0.00, 'First Term', '', '2025-10-02 04:43:28', '2025-11-01', 'pending'),
(334, 67, 7, 250.00, 250.00, 'First Term', '', '2025-10-02 04:43:28', '2025-11-01', 'paid'),
(335, 67, 8, 30.00, 0.00, 'First Term', '', '2025-10-02 04:43:28', '2025-11-01', 'pending'),
(336, 67, 5, 450.00, 0.00, 'First Term', '', '2025-10-02 04:43:28', '2025-11-01', 'pending'),
(337, 67, 11, 70.00, 0.00, 'First Term', '', '2025-10-02 04:43:28', '2025-11-01', 'pending'),
(338, 67, 1, 700.00, 0.00, 'First Term', '', '2025-10-02 04:43:28', '2025-11-01', 'pending'),
(339, 67, 9, 30.00, 0.00, 'First Term', '', '2025-10-02 04:43:28', '2025-11-01', 'pending'),
(340, 88, 7, 250.00, 250.00, 'First Term', '', '2025-10-02 04:43:28', '2025-11-01', 'paid'),
(341, 88, 8, 30.00, 30.00, 'First Term', '', '2025-10-02 04:43:28', '2025-11-01', 'paid'),
(342, 88, 5, 450.00, 450.00, 'First Term', '', '2025-10-02 04:43:28', '2025-11-01', 'paid'),
(343, 88, 11, 70.00, 70.00, 'First Term', '', '2025-10-02 04:43:28', '2025-11-01', 'paid'),
(344, 88, 1, 700.00, 700.00, 'First Term', '', '2025-10-02 04:43:28', '2025-11-01', 'paid'),
(345, 88, 9, 30.00, 30.00, 'First Term', '', '2025-10-02 04:43:28', '2025-11-01', 'paid'),
(346, 89, 7, 1.00, 1.00, '', '', '2025-10-02 04:43:28', '2025-11-01', 'paid'),
(347, 89, 8, 1.00, 1.00, '', '', '2025-10-02 04:43:28', '2025-11-01', 'paid'),
(348, 89, 5, 1.00, 1.00, '', '', '2025-10-02 04:43:28', '2025-11-01', 'paid'),
(349, 89, 11, 1.00, 1.00, '', '', '2025-10-02 04:43:28', '2025-11-01', 'paid'),
(350, 89, 1, 1.00, 1.00, '', '', '2025-10-02 04:43:28', '2025-11-01', 'paid'),
(351, 89, 9, 1.00, 1.00, '', '', '2025-10-02 04:43:28', '2025-11-01', 'paid'),
(352, 109, 7, 250.00, 250.00, 'First Term', '', '2025-10-02 04:43:28', '2025-11-01', 'paid'),
(353, 109, 8, 30.00, 30.00, 'First Term', '', '2025-10-02 04:43:28', '2025-11-01', 'paid'),
(354, 109, 5, 450.00, 450.00, 'First Term', '', '2025-10-02 04:43:28', '2025-11-01', 'paid'),
(355, 109, 11, 70.00, 70.00, 'First Term', '', '2025-10-02 04:43:28', '2025-11-01', 'paid'),
(356, 109, 1, 700.00, 700.00, 'First Term', '', '2025-10-02 04:43:28', '2025-11-01', 'paid'),
(357, 109, 9, 30.00, 30.00, 'First Term', '', '2025-10-02 04:43:28', '2025-11-01', 'paid'),
(358, 2, 6, 100.00, 100.00, 'First Term', '', '2025-10-02 04:44:08', '2025-11-01', 'paid'),
(360, 2, 4, 150.00, 150.00, 'First Term', '', '2025-10-02 04:44:08', '2025-11-01', 'paid'),
(361, 2, 5, 800.00, 800.00, 'First Term', '', '2025-10-02 04:44:08', '2025-11-01', 'paid'),
(362, 2, 11, 70.00, 70.00, 'First Term', '', '2025-10-02 04:44:08', '2025-11-01', 'paid'),
(363, 2, 1, 400.00, 400.00, '', '', '2025-10-02 04:44:08', '2025-11-01', 'paid'),
(364, 2, 9, 30.00, 30.00, 'First Term', '', '2025-10-02 04:44:08', '2025-11-01', 'paid'),
(365, 13, 6, 100.00, 100.00, 'First Term', '', '2025-10-02 04:44:08', '2025-11-01', 'paid'),
(369, 13, 11, 70.00, 70.00, 'First Term', '', '2025-10-02 04:44:08', '2025-11-01', 'paid'),
(370, 13, 1, 800.00, 800.00, 'First Term', '', '2025-10-02 04:44:08', '2025-11-01', 'paid'),
(371, 13, 9, 30.00, 30.00, 'First Term', '', '2025-10-02 04:44:08', '2025-11-01', 'paid'),
(372, 23, 6, 100.00, 100.00, 'First Term', '', '2025-10-02 04:44:08', '2025-11-01', 'paid'),
(374, 23, 4, 150.00, 150.00, 'First Term', '', '2025-10-02 04:44:08', '2025-11-01', 'paid'),
(375, 23, 5, 800.00, 800.00, 'First Term', '', '2025-10-02 04:44:08', '2025-11-01', 'paid'),
(376, 23, 11, 70.00, 70.00, 'First Term', '', '2025-10-02 04:44:08', '2025-11-01', 'paid'),
(377, 36, 6, 100.00, 100.00, 'First Term', '', '2025-10-02 04:44:08', '2025-11-01', 'paid'),
(379, 36, 4, 150.00, 150.00, 'First Term', '', '2025-10-02 04:44:08', '2025-11-01', 'paid'),
(380, 36, 5, 800.00, 800.00, 'First Term', '', '2025-10-02 04:44:08', '2025-11-01', 'paid'),
(381, 36, 11, 70.00, 70.00, 'First Term', '', '2025-10-02 04:44:08', '2025-11-01', 'paid'),
(382, 36, 1, 800.00, 800.00, 'First Term', '', '2025-10-02 04:44:08', '2025-11-01', 'paid'),
(383, 36, 9, 30.00, 30.00, 'First Term', '', '2025-10-02 04:44:08', '2025-11-01', 'paid'),
(384, 56, 6, 100.00, 100.00, 'First Term', '', '2025-10-02 04:44:08', '2025-11-01', 'paid'),
(386, 56, 4, 150.00, 150.00, 'First Term', '', '2025-10-02 04:44:08', '2025-11-01', 'paid'),
(388, 56, 11, 70.00, 70.00, 'First Term', '', '2025-10-02 04:44:08', '2025-11-01', 'paid'),
(389, 56, 1, 800.00, 800.00, 'First Term', '', '2025-10-02 04:44:08', '2025-11-01', 'paid'),
(390, 56, 9, 30.00, 30.00, 'First Term', '', '2025-10-02 04:44:08', '2025-11-01', 'paid'),
(391, 73, 6, 100.00, 100.00, 'First Term', '', '2025-10-02 04:44:08', '2025-11-01', 'paid'),
(392, 73, 4, 150.00, 150.00, 'First Term', '', '2025-10-02 04:44:08', '2025-11-01', 'paid'),
(393, 73, 5, 800.00, 800.00, 'First Term', '', '2025-10-02 04:44:08', '2025-11-01', 'paid'),
(394, 73, 11, 70.00, 70.00, 'First Term', '', '2025-10-02 04:44:08', '2025-11-01', 'paid'),
(395, 73, 1, 800.00, 800.00, 'First Term', '', '2025-10-02 04:44:08', '2025-11-01', 'paid'),
(396, 73, 9, 30.00, 30.00, 'First Term', '', '2025-10-02 04:44:08', '2025-11-01', 'paid'),
(397, 76, 6, 100.00, 100.00, 'First Term', '', '2025-10-02 04:44:08', '2025-11-01', 'paid'),
(399, 76, 4, 150.00, 150.00, 'First Term', '', '2025-10-02 04:44:08', '2025-11-01', 'paid'),
(400, 76, 5, 800.00, 800.00, 'First Term', '', '2025-10-02 04:44:08', '2025-11-01', 'paid'),
(401, 76, 11, 70.00, 70.00, 'First Term', '', '2025-10-02 04:44:08', '2025-11-01', 'paid'),
(402, 76, 1, 800.00, 800.00, 'First Term', '', '2025-10-02 04:44:08', '2025-11-01', 'paid'),
(403, 76, 9, 30.00, 30.00, 'First Term', '', '2025-10-02 04:44:08', '2025-11-01', 'paid'),
(404, 81, 6, 100.00, 100.00, 'First Term', '', '2025-10-02 04:44:08', '2025-11-01', 'paid'),
(406, 81, 4, 150.00, 150.00, 'First Term', '', '2025-10-02 04:44:08', '2025-11-01', 'paid'),
(407, 81, 5, 800.00, 800.00, 'First Term', '', '2025-10-02 04:44:08', '2025-11-01', 'paid'),
(408, 81, 11, 70.00, 70.00, 'First Term', '', '2025-10-02 04:44:08', '2025-11-01', 'paid'),
(409, 81, 1, 800.00, 800.00, 'First Term', '', '2025-10-02 04:44:08', '2025-11-01', 'paid'),
(410, 81, 9, 30.00, 30.00, 'First Term', '', '2025-10-02 04:44:08', '2025-11-01', 'paid'),
(411, 84, 6, 100.00, 100.00, 'First Term', '', '2025-10-02 04:44:08', '2025-11-01', 'paid'),
(412, 84, 2, 1200.00, 1200.00, 'First Term', '', '2025-10-02 04:44:08', '2025-11-01', 'paid'),
(413, 84, 4, 150.00, 150.00, 'First Term', '', '2025-10-02 04:44:08', '2025-11-01', 'paid'),
(414, 84, 5, 800.00, 800.00, 'First Term', '', '2025-10-02 04:44:08', '2025-11-01', 'paid'),
(415, 84, 11, 70.00, 70.00, 'First Term', '', '2025-10-02 04:44:08', '2025-11-01', 'paid'),
(416, 84, 1, 800.00, 800.00, 'First Term', '', '2025-10-02 04:44:08', '2025-11-01', 'paid'),
(417, 84, 9, 30.00, 30.00, 'First Term', '', '2025-10-02 04:44:08', '2025-11-01', 'paid'),
(418, 110, 6, 100.00, 100.00, 'First Term', '', '2025-10-02 04:44:08', '2025-11-01', 'paid'),
(420, 110, 4, 150.00, 150.00, 'First Term', '', '2025-10-02 04:44:08', '2025-11-01', 'paid'),
(421, 110, 5, 800.00, 800.00, 'First Term', '', '2025-10-02 04:44:08', '2025-11-01', 'paid'),
(422, 110, 11, 70.00, 70.00, 'First Term', '', '2025-10-02 04:44:08', '2025-11-01', 'paid'),
(423, 110, 1, 800.00, 580.00, 'First Term', '', '2025-10-02 04:44:08', '2025-11-01', 'pending'),
(424, 110, 9, 30.00, 0.00, 'First Term', '', '2025-10-02 04:44:08', '2025-11-01', 'pending'),
(425, 9, 6, 100.00, 100.00, 'First Term', '', '2025-10-02 04:45:13', '2025-11-01', 'paid'),
(426, 9, 8, 30.00, 30.00, 'First Term', '', '2025-10-02 04:45:13', '2025-11-01', 'paid'),
(428, 9, 5, 800.00, 800.00, 'First Term', '', '2025-10-02 04:45:13', '2025-11-01', 'paid'),
(429, 9, 11, 70.00, 70.00, 'First Term', '', '2025-10-02 04:45:13', '2025-11-01', 'paid'),
(430, 9, 1, 800.00, 800.00, 'First Term', '', '2025-10-02 04:45:13', '2025-11-01', 'paid'),
(431, 9, 9, 30.00, 30.00, 'First Term', '', '2025-10-02 04:45:13', '2025-11-01', 'paid'),
(432, 15, 6, 100.00, 100.00, 'First Term', '', '2025-10-02 04:45:13', '2025-11-01', 'paid'),
(433, 15, 8, 30.00, 30.00, 'First Term', '', '2025-10-02 04:45:13', '2025-11-01', 'paid'),
(435, 15, 5, 800.00, 800.00, 'First Term', '', '2025-10-02 04:45:13', '2025-11-01', 'paid'),
(436, 15, 11, 70.00, 70.00, 'First Term', '', '2025-10-02 04:45:13', '2025-11-01', 'paid'),
(437, 15, 1, 800.00, 800.00, 'First Term', '', '2025-10-02 04:45:13', '2025-11-01', 'paid'),
(438, 15, 9, 30.00, 30.00, 'First Term', '', '2025-10-02 04:45:13', '2025-11-01', 'paid'),
(439, 21, 6, 100.00, 100.00, 'First Term', '', '2025-10-02 04:45:13', '2025-11-01', 'paid'),
(440, 21, 8, 30.00, 30.00, 'First Term', '', '2025-10-02 04:45:13', '2025-11-01', 'paid'),
(441, 21, 4, 150.00, 150.00, 'First Term', '', '2025-10-02 04:45:13', '2025-11-01', 'paid'),
(442, 21, 5, 800.00, 800.00, 'First Term', '', '2025-10-02 04:45:13', '2025-11-01', 'paid'),
(443, 21, 11, 70.00, 70.00, 'First Term', '', '2025-10-02 04:45:13', '2025-11-01', 'paid'),
(444, 21, 1, 800.00, 800.00, 'First Term', '', '2025-10-02 04:45:13', '2025-11-01', 'paid'),
(445, 21, 9, 30.00, 30.00, 'First Term', '', '2025-10-02 04:45:13', '2025-11-01', 'paid'),
(446, 24, 6, 100.00, 100.00, 'First Term', '', '2025-10-02 04:45:13', '2025-11-01', 'paid'),
(447, 24, 8, 30.00, 30.00, 'First Term', '', '2025-10-02 04:45:13', '2025-11-01', 'paid'),
(448, 24, 4, 150.00, 150.00, 'First Term', '', '2025-10-02 04:45:13', '2025-11-01', 'paid'),
(449, 24, 5, 800.00, 800.00, 'First Term', '', '2025-10-02 04:45:13', '2025-11-01', 'paid'),
(450, 24, 11, 70.00, 70.00, 'First Term', '', '2025-10-02 04:45:13', '2025-11-01', 'paid'),
(451, 24, 1, 800.00, 800.00, 'First Term', '', '2025-10-02 04:45:13', '2025-11-01', 'paid'),
(452, 24, 9, 30.00, 30.00, 'First Term', '', '2025-10-02 04:45:13', '2025-11-01', 'paid'),
(453, 38, 6, 100.00, 100.00, 'First Term', '', '2025-10-02 04:45:13', '2025-11-01', 'paid'),
(454, 38, 8, 30.00, 30.00, 'First Term', '', '2025-10-02 04:45:13', '2025-11-01', 'paid'),
(455, 38, 4, 150.00, 150.00, 'First Term', '', '2025-10-02 04:45:13', '2025-11-01', 'paid'),
(456, 38, 5, 800.00, 800.00, 'First Term', '', '2025-10-02 04:45:13', '2025-11-01', 'paid'),
(457, 38, 11, 70.00, 70.00, 'First Term', '', '2025-10-02 04:45:13', '2025-11-01', 'paid'),
(458, 38, 1, 800.00, 800.00, 'First Term', '', '2025-10-02 04:45:13', '2025-11-01', 'paid'),
(459, 38, 9, 30.00, 30.00, 'First Term', '', '2025-10-02 04:45:13', '2025-11-01', 'paid'),
(460, 47, 6, 100.00, 100.00, 'First Term', '', '2025-10-02 04:45:13', '2025-11-01', 'paid'),
(461, 47, 8, 30.00, 30.00, 'First Term', '', '2025-10-02 04:45:13', '2025-11-01', 'paid'),
(463, 47, 5, 800.00, 800.00, 'First Term', '', '2025-10-02 04:45:13', '2025-11-01', 'paid'),
(464, 47, 11, 70.00, 70.00, 'First Term', '', '2025-10-02 04:45:13', '2025-11-01', 'paid'),
(465, 47, 1, 800.00, 800.00, 'First Term', '', '2025-10-02 04:45:13', '2025-11-01', 'paid'),
(466, 47, 9, 30.00, 30.00, 'First Term', '', '2025-10-02 04:45:13', '2025-11-01', 'paid'),
(467, 52, 6, 100.00, 100.00, 'First Term', '', '2025-10-02 04:45:13', '2025-11-01', 'paid'),
(468, 52, 8, 30.00, 30.00, 'First Term', '', '2025-10-02 04:45:13', '2025-11-01', 'paid'),
(470, 52, 5, 800.00, 800.00, 'First Term', '', '2025-10-02 04:45:13', '2025-11-01', 'paid'),
(471, 52, 11, 70.00, 70.00, 'First Term', '', '2025-10-02 04:45:13', '2025-11-01', 'paid'),
(472, 52, 1, 800.00, 330.00, 'First Term', '', '2025-10-02 04:45:13', '2025-11-01', 'pending'),
(473, 52, 9, 30.00, 0.00, 'First Term', '', '2025-10-02 04:45:13', '2025-11-01', 'pending'),
(477, 54, 5, 800.00, 0.00, 'First Term', '', '2025-10-02 04:45:13', '2025-11-01', 'pending'),
(481, 78, 6, 100.00, 100.00, 'First Term', '', '2025-10-02 04:45:13', '2025-11-01', 'paid'),
(482, 78, 8, 30.00, 30.00, 'First Term', '', '2025-10-02 04:45:13', '2025-11-01', 'paid'),
(484, 78, 5, 800.00, 800.00, 'First Term', '', '2025-10-02 04:45:13', '2025-11-01', 'paid'),
(485, 78, 11, 70.00, 70.00, 'First Term', '', '2025-10-02 04:45:13', '2025-11-01', 'paid'),
(486, 78, 1, 800.00, 500.00, 'First Term', '', '2025-10-02 04:45:13', '2025-11-01', 'pending'),
(487, 78, 9, 30.00, 0.00, 'First Term', '', '2025-10-02 04:45:13', '2025-11-01', 'pending'),
(488, 96, 6, 100.00, 100.00, 'First Term', '', '2025-10-02 04:45:13', '2025-11-01', 'paid'),
(489, 96, 8, 30.00, 30.00, 'First Term', '', '2025-10-02 04:45:13', '2025-11-01', 'paid'),
(491, 96, 5, 800.00, 800.00, 'First Term', '', '2025-10-02 04:45:13', '2025-11-01', 'paid'),
(492, 96, 11, 70.00, 70.00, 'First Term', '', '2025-10-02 04:45:13', '2025-11-01', 'paid'),
(493, 96, 1, 800.00, 800.00, 'First Term', '', '2025-10-02 04:45:13', '2025-11-01', 'paid'),
(494, 96, 9, 30.00, 30.00, 'First Term', '', '2025-10-02 04:45:13', '2025-11-01', 'paid'),
(495, 108, 6, 100.00, 100.00, 'First Term', '', '2025-10-02 04:45:13', '2025-11-01', 'paid'),
(496, 108, 8, 30.00, 30.00, 'First Term', '', '2025-10-02 04:45:13', '2025-11-01', 'paid'),
(498, 108, 5, 800.00, 800.00, 'First Term', '', '2025-10-02 04:45:13', '2025-11-01', 'paid'),
(499, 108, 11, 70.00, 70.00, 'First Term', '', '2025-10-02 04:45:13', '2025-11-01', 'paid'),
(500, 108, 1, 800.00, 800.00, 'First Term', '', '2025-10-02 04:45:13', '2025-11-01', 'paid'),
(501, 108, 9, 30.00, 30.00, 'First Term', '', '2025-10-02 04:45:13', '2025-11-01', 'paid'),
(502, 11, 6, 100.00, 0.00, 'First Term', '', '2025-10-02 04:46:35', '2025-11-01', 'pending'),
(503, 11, 8, 30.00, 0.00, 'First Term', '', '2025-10-02 04:46:35', '2025-11-01', 'pending'),
(504, 11, 5, 800.00, 0.00, 'First Term', '', '2025-10-02 04:46:35', '2025-11-01', 'pending'),
(505, 11, 11, 70.00, 0.00, 'First Term', '', '2025-10-02 04:46:35', '2025-11-01', 'pending'),
(506, 11, 1, 400.00, 0.00, '', '', '2025-10-02 04:46:35', '2025-11-01', 'pending'),
(507, 11, 9, 30.00, 0.00, 'First Term', '', '2025-10-02 04:46:35', '2025-11-01', 'pending'),
(508, 14, 6, 100.00, 100.00, 'First Term', '', '2025-10-02 04:46:35', '2025-11-01', 'paid'),
(509, 14, 8, 30.00, 30.00, 'First Term', '', '2025-10-02 04:46:35', '2025-11-01', 'paid'),
(510, 14, 5, 800.00, 800.00, 'First Term', '', '2025-10-02 04:46:35', '2025-11-01', 'paid'),
(511, 14, 11, 70.00, 70.00, 'First Term', '', '2025-10-02 04:46:35', '2025-11-01', 'paid'),
(512, 14, 1, 800.00, 800.00, 'First Term', '', '2025-10-02 04:46:35', '2025-11-01', 'paid'),
(513, 14, 9, 30.00, 30.00, 'First Term', '', '2025-10-02 04:46:35', '2025-11-01', 'paid'),
(514, 1, 6, 100.00, 100.00, 'First Term', '', '2025-10-02 04:47:13', '2025-11-01', 'paid'),
(515, 1, 8, 30.00, 30.00, 'First Term', '', '2025-10-02 04:47:13', '2025-11-01', 'paid'),
(516, 1, 5, 800.00, 800.00, 'First Term', '', '2025-10-02 04:47:13', '2025-11-01', 'paid'),
(517, 1, 11, 70.00, 70.00, 'First Term', '', '2025-10-02 04:47:13', '2025-11-01', 'paid'),
(518, 1, 1, 800.00, 800.00, 'First Term', '', '2025-10-02 04:47:13', '2025-11-01', 'paid'),
(519, 1, 9, 30.00, 20.00, 'First Term', '', '2025-10-02 04:47:13', '2025-11-01', 'pending'),
(520, 17, 6, 100.00, 0.00, 'First Term', '', '2025-10-02 04:47:13', '2025-11-01', 'pending'),
(521, 17, 8, 30.00, 0.00, 'First Term', '', '2025-10-02 04:47:13', '2025-11-01', 'pending'),
(522, 17, 5, 800.00, 0.00, 'First Term', '', '2025-10-02 04:47:13', '2025-11-01', 'pending'),
(523, 17, 11, 70.00, 0.00, 'First Term', '', '2025-10-02 04:47:13', '2025-11-01', 'pending'),
(524, 17, 1, 800.00, 0.00, 'First Term', '', '2025-10-02 04:47:13', '2025-11-01', 'pending'),
(525, 17, 9, 30.00, 0.00, 'First Term', '', '2025-10-02 04:47:13', '2025-11-01', 'pending'),
(526, 28, 6, 100.00, 100.00, 'First Term', '', '2025-10-02 04:47:13', '2025-11-01', 'paid'),
(527, 28, 8, 30.00, 30.00, 'First Term', '', '2025-10-02 04:47:13', '2025-11-01', 'paid'),
(528, 28, 5, 800.00, 800.00, 'First Term', '', '2025-10-02 04:47:13', '2025-11-01', 'paid'),
(529, 28, 11, 70.00, 70.00, 'First Term', '', '2025-10-02 04:47:13', '2025-11-01', 'paid'),
(530, 28, 1, 1.00, 0.00, '', '', '2025-10-02 04:47:13', '2025-11-01', 'pending'),
(531, 28, 9, 30.00, 0.00, 'First Term', '', '2025-10-02 04:47:13', '2025-11-01', 'pending'),
(532, 34, 6, 100.00, 100.00, 'First Term', '', '2025-10-02 04:47:13', '2025-11-01', 'paid'),
(533, 34, 8, 30.00, 30.00, 'First Term', '', '2025-10-02 04:47:13', '2025-11-01', 'paid'),
(534, 34, 5, 800.00, 800.00, 'First Term', '', '2025-10-02 04:47:13', '2025-11-01', 'paid'),
(535, 34, 11, 70.00, 70.00, 'First Term', '', '2025-10-02 04:47:13', '2025-11-01', 'paid'),
(536, 34, 1, 800.00, 800.00, 'First Term', '', '2025-10-02 04:47:13', '2025-11-01', 'paid'),
(537, 34, 9, 30.00, 30.00, 'First Term', '', '2025-10-02 04:47:13', '2025-11-01', 'paid'),
(538, 44, 6, 100.00, 100.00, 'First Term', '', '2025-10-02 04:47:13', '2025-11-01', 'paid'),
(539, 44, 8, 30.00, 30.00, 'First Term', '', '2025-10-02 04:47:13', '2025-11-01', 'paid'),
(540, 44, 5, 800.00, 800.00, 'First Term', '', '2025-10-02 04:47:13', '2025-11-01', 'paid'),
(541, 44, 11, 70.00, 70.00, 'First Term', '', '2025-10-02 04:47:13', '2025-11-01', 'paid'),
(542, 44, 1, 800.00, 800.00, 'First Term', '', '2025-10-02 04:47:13', '2025-11-01', 'paid'),
(543, 44, 9, 30.00, 30.00, 'First Term', '', '2025-10-02 04:47:13', '2025-11-01', 'paid'),
(544, 77, 6, 100.00, 100.00, 'First Term', '', '2025-10-02 04:47:13', '2025-11-01', 'paid'),
(545, 77, 8, 30.00, 30.00, 'First Term', '', '2025-10-02 04:47:13', '2025-11-01', 'paid'),
(546, 77, 5, 800.00, 800.00, 'First Term', '', '2025-10-02 04:47:13', '2025-11-01', 'paid'),
(547, 77, 11, 70.00, 70.00, 'First Term', '', '2025-10-02 04:47:13', '2025-11-01', 'paid'),
(548, 77, 1, 800.00, 800.00, 'First Term', '', '2025-10-02 04:47:13', '2025-11-01', 'paid'),
(549, 77, 9, 30.00, 30.00, 'First Term', '', '2025-10-02 04:47:13', '2025-11-01', 'paid'),
(550, 87, 6, 100.00, 0.00, 'First Term', '', '2025-10-02 04:47:13', '2025-11-01', 'pending'),
(551, 87, 8, 30.00, 0.00, 'First Term', '', '2025-10-02 04:47:13', '2025-11-01', 'pending'),
(552, 87, 5, 800.00, 0.00, 'First Term', '', '2025-10-02 04:47:13', '2025-11-01', 'pending'),
(553, 87, 11, 70.00, 0.00, 'First Term', '', '2025-10-02 04:47:13', '2025-11-01', 'pending'),
(554, 87, 1, 800.00, 0.00, 'First Term', '', '2025-10-02 04:47:13', '2025-11-01', 'pending'),
(555, 87, 9, 30.00, 0.00, 'First Term', '', '2025-10-02 04:47:13', '2025-11-01', 'pending'),
(556, 92, 6, 100.00, 100.00, 'First Term', '', '2025-10-02 04:47:13', '2025-11-01', 'paid'),
(557, 92, 8, 30.00, 30.00, 'First Term', '', '2025-10-02 04:47:13', '2025-11-01', 'paid'),
(558, 92, 5, 800.00, 800.00, 'First Term', '', '2025-10-02 04:47:13', '2025-11-01', 'paid'),
(559, 92, 11, 70.00, 70.00, 'First Term', '', '2025-10-02 04:47:13', '2025-11-01', 'paid'),
(560, 92, 1, 800.00, 800.00, 'First Term', '', '2025-10-02 04:47:13', '2025-11-01', 'paid'),
(561, 92, 9, 30.00, 30.00, 'First Term', '', '2025-10-02 04:47:13', '2025-11-01', 'paid'),
(562, 98, 6, 100.00, 100.00, 'First Term', '', '2025-10-02 04:47:13', '2025-11-01', 'paid'),
(563, 98, 8, 30.00, 30.00, 'First Term', '', '2025-10-02 04:47:13', '2025-11-01', 'paid'),
(564, 98, 5, 800.00, 800.00, 'First Term', '', '2025-10-02 04:47:13', '2025-11-01', 'paid'),
(565, 98, 11, 70.00, 70.00, 'First Term', '', '2025-10-02 04:47:13', '2025-11-01', 'paid'),
(566, 98, 1, 800.00, 800.00, 'First Term', '', '2025-10-02 04:47:13', '2025-11-01', 'paid'),
(567, 98, 9, 30.00, 30.00, 'First Term', '', '2025-10-02 04:47:13', '2025-11-01', 'paid'),
(568, 10, 6, 100.00, 100.00, 'First Term', '', '2025-10-02 04:47:41', '2025-11-01', 'paid'),
(569, 10, 8, 30.00, 30.00, 'First Term', '', '2025-10-02 04:47:41', '2025-11-01', 'paid'),
(570, 10, 5, 800.00, 800.00, 'First Term', '', '2025-10-02 04:47:41', '2025-11-01', 'paid'),
(571, 10, 11, 70.00, 70.00, 'First Term', '', '2025-10-02 04:47:41', '2025-11-01', 'paid'),
(572, 10, 1, 800.00, 800.00, 'First Term', '', '2025-10-02 04:47:41', '2025-11-01', 'paid'),
(573, 10, 9, 30.00, 30.00, 'First Term', '', '2025-10-02 04:47:41', '2025-11-01', 'paid'),
(574, 41, 6, 100.00, 100.00, 'First Term', '', '2025-10-02 04:47:41', '2025-11-01', 'paid'),
(575, 41, 8, 30.00, 30.00, 'First Term', '', '2025-10-02 04:47:41', '2025-11-01', 'paid'),
(576, 41, 5, 800.00, 800.00, 'First Term', '', '2025-10-02 04:47:41', '2025-11-01', 'paid'),
(577, 41, 11, 70.00, 70.00, 'First Term', '', '2025-10-02 04:47:41', '2025-11-01', 'paid'),
(578, 41, 1, 800.00, 700.00, 'First Term', '', '2025-10-02 04:47:41', '2025-11-01', 'pending'),
(579, 41, 9, 30.00, 0.00, 'First Term', '', '2025-10-02 04:47:41', '2025-11-01', 'pending'),
(580, 48, 6, 100.00, 100.00, 'First Term', '', '2025-10-02 04:47:41', '2025-11-01', 'paid'),
(581, 48, 8, 30.00, 30.00, 'First Term', '', '2025-10-02 04:47:41', '2025-11-01', 'paid'),
(582, 48, 5, 800.00, 800.00, 'First Term', '', '2025-10-02 04:47:41', '2025-11-01', 'paid'),
(583, 48, 11, 70.00, 70.00, 'First Term', '', '2025-10-02 04:47:41', '2025-11-01', 'paid'),
(584, 48, 1, 800.00, 800.00, 'First Term', '', '2025-10-02 04:47:41', '2025-11-01', 'paid'),
(585, 48, 9, 30.00, 30.00, 'First Term', '', '2025-10-02 04:47:41', '2025-11-01', 'paid'),
(586, 95, 6, 100.00, 100.00, 'First Term', '', '2025-10-02 04:47:41', '2025-11-01', 'paid');
INSERT INTO `student_fees` (`id`, `student_id`, `fee_id`, `amount`, `amount_paid`, `term`, `notes`, `assigned_date`, `due_date`, `status`) VALUES
(587, 95, 8, 30.00, 30.00, 'First Term', '', '2025-10-02 04:47:41', '2025-11-01', 'paid'),
(588, 95, 5, 800.00, 800.00, 'First Term', '', '2025-10-02 04:47:41', '2025-11-01', 'paid'),
(589, 95, 11, 70.00, 70.00, 'First Term', '', '2025-10-02 04:47:41', '2025-11-01', 'paid'),
(590, 95, 1, 800.00, 0.00, 'First Term', '', '2025-10-02 04:47:41', '2025-11-01', 'pending'),
(591, 95, 9, 30.00, 0.00, 'First Term', '', '2025-10-02 04:47:41', '2025-11-01', 'pending'),
(592, 99, 6, 100.00, 100.00, 'First Term', '', '2025-10-02 04:47:41', '2025-11-01', 'paid'),
(593, 99, 8, 30.00, 30.00, 'First Term', '', '2025-10-02 04:47:41', '2025-11-01', 'paid'),
(594, 99, 5, 800.00, 270.00, 'First Term', '', '2025-10-02 04:47:41', '2025-11-01', 'pending'),
(595, 99, 11, 70.00, 0.00, 'First Term', '', '2025-10-02 04:47:41', '2025-11-01', 'pending'),
(596, 99, 1, 800.00, 0.00, 'First Term', '', '2025-10-02 04:47:41', '2025-11-01', 'pending'),
(597, 99, 9, 30.00, 0.00, 'First Term', '', '2025-10-02 04:47:41', '2025-11-01', 'pending'),
(598, 100, 6, 100.00, 0.00, 'First Term', '', '2025-10-02 04:47:41', '2025-11-01', 'pending'),
(599, 100, 8, 30.00, 0.00, 'First Term', '', '2025-10-02 04:47:41', '2025-11-01', 'pending'),
(600, 100, 5, 800.00, 0.00, 'First Term', '', '2025-10-02 04:47:41', '2025-11-01', 'pending'),
(601, 100, 11, 70.00, 0.00, 'First Term', '', '2025-10-02 04:47:41', '2025-11-01', 'pending'),
(602, 100, 1, 400.00, 0.00, '', '', '2025-10-02 04:47:41', '2025-11-01', 'pending'),
(603, 100, 9, 30.00, 0.00, 'First Term', '', '2025-10-02 04:47:41', '2025-11-01', 'pending'),
(604, 3, 6, 100.00, 100.00, 'First Term', '', '2025-10-02 04:49:09', '2025-11-01', 'paid'),
(605, 3, 8, 30.00, 30.00, 'First Term', '', '2025-10-02 04:49:09', '2025-11-01', 'paid'),
(606, 3, 5, 800.00, 800.00, 'First Term', '', '2025-10-02 04:49:09', '2025-11-01', 'paid'),
(607, 3, 11, 70.00, 70.00, 'First Term', '', '2025-10-02 04:49:09', '2025-11-01', 'paid'),
(608, 3, 1, 800.00, 800.00, 'First Term', '', '2025-10-02 04:49:09', '2025-11-01', 'paid'),
(609, 3, 9, 30.00, 30.00, 'First Term', '', '2025-10-02 04:49:09', '2025-11-01', 'paid'),
(610, 37, 6, 100.00, 100.00, 'First Term', '', '2025-10-02 04:49:09', '2025-11-01', 'paid'),
(611, 37, 8, 30.00, 30.00, 'First Term', '', '2025-10-02 04:49:09', '2025-11-01', 'paid'),
(612, 37, 5, 800.00, 800.00, 'First Term', '', '2025-10-02 04:49:09', '2025-11-01', 'paid'),
(613, 37, 11, 70.00, 70.00, 'First Term', '', '2025-10-02 04:49:09', '2025-11-01', 'paid'),
(614, 37, 1, 800.00, 800.00, 'First Term', '', '2025-10-02 04:49:09', '2025-11-01', 'paid'),
(615, 37, 9, 30.00, 30.00, 'First Term', '', '2025-10-02 04:49:09', '2025-11-01', 'paid'),
(616, 43, 6, 100.00, 100.00, 'First Term', '', '2025-10-02 04:49:09', '2025-11-01', 'paid'),
(617, 43, 8, 30.00, 30.00, 'First Term', '', '2025-10-02 04:49:09', '2025-11-01', 'paid'),
(618, 43, 5, 800.00, 370.00, 'First Term', '', '2025-10-02 04:49:09', '2025-11-01', 'pending'),
(619, 43, 11, 70.00, 0.00, 'First Term', '', '2025-10-02 04:49:09', '2025-11-01', 'pending'),
(620, 43, 1, 800.00, 0.00, 'First Term', '', '2025-10-02 04:49:09', '2025-11-01', 'pending'),
(621, 43, 9, 30.00, 0.00, 'First Term', '', '2025-10-02 04:49:09', '2025-11-01', 'pending'),
(622, 58, 6, 100.00, 100.00, 'First Term', '', '2025-10-02 04:49:09', '2025-11-01', 'paid'),
(623, 58, 8, 30.00, 30.00, 'First Term', '', '2025-10-02 04:49:09', '2025-11-01', 'paid'),
(624, 58, 5, 800.00, 800.00, 'First Term', '', '2025-10-02 04:49:09', '2025-11-01', 'paid'),
(625, 58, 11, 70.00, 70.00, 'First Term', '', '2025-10-02 04:49:09', '2025-11-01', 'paid'),
(626, 58, 1, 800.00, 600.00, 'First Term', '', '2025-10-02 04:49:09', '2025-11-01', 'pending'),
(627, 58, 9, 30.00, 0.00, 'First Term', '', '2025-10-02 04:49:09', '2025-11-01', 'pending'),
(628, 79, 6, 100.00, 100.00, 'First Term', '', '2025-10-02 04:49:09', '2025-11-01', 'paid'),
(629, 79, 8, 30.00, 30.00, 'First Term', '', '2025-10-02 04:49:09', '2025-11-01', 'paid'),
(630, 79, 5, 800.00, 800.00, 'First Term', '', '2025-10-02 04:49:09', '2025-11-01', 'paid'),
(631, 79, 11, 70.00, 70.00, 'First Term', '', '2025-10-02 04:49:09', '2025-11-01', 'paid'),
(632, 79, 1, 950.00, 500.00, '', '', '2025-10-02 04:49:09', '2025-11-01', 'pending'),
(633, 79, 9, 30.00, 0.00, 'First Term', '', '2025-10-02 04:49:09', '2025-11-01', 'pending'),
(634, 101, 6, 100.00, 100.00, 'First Term', '', '2025-10-02 04:49:09', '2025-11-01', 'paid'),
(635, 101, 8, 30.00, 30.00, 'First Term', '', '2025-10-02 04:49:09', '2025-11-01', 'paid'),
(636, 101, 5, 800.00, 800.00, 'First Term', '', '2025-10-02 04:49:09', '2025-11-01', 'paid'),
(637, 101, 11, 70.00, 70.00, 'First Term', '', '2025-10-02 04:49:09', '2025-11-01', 'paid'),
(638, 101, 1, 800.00, 800.00, 'First Term', '', '2025-10-02 04:49:09', '2025-11-01', 'paid'),
(639, 101, 9, 30.00, 30.00, 'First Term', '', '2025-10-02 04:49:09', '2025-11-01', 'paid'),
(640, 30, 6, 100.00, 100.00, 'First Term', '', '2025-10-02 04:49:42', '2025-11-01', 'paid'),
(641, 30, 8, 30.00, 30.00, 'First Term', '', '2025-10-02 04:49:42', '2025-11-01', 'paid'),
(642, 30, 5, 850.00, 850.00, 'First Term', '', '2025-10-02 04:49:42', '2025-11-01', 'paid'),
(643, 30, 11, 70.00, 20.00, 'First Term', '', '2025-10-02 04:49:42', '2025-11-01', 'pending'),
(644, 30, 1, 1.00, 0.00, '', '', '2025-10-02 04:49:42', '2025-11-01', 'pending'),
(645, 30, 9, 30.00, 0.00, 'First Term', '', '2025-10-02 04:49:42', '2025-11-01', 'pending'),
(646, 70, 6, 100.00, 100.00, 'First Term', '', '2025-10-02 04:49:42', '2025-11-01', 'paid'),
(647, 70, 8, 30.00, 30.00, 'First Term', '', '2025-10-02 04:49:42', '2025-11-01', 'paid'),
(648, 70, 5, 850.00, 850.00, 'First Term', '', '2025-10-02 04:49:42', '2025-11-01', 'paid'),
(649, 70, 11, 70.00, 70.00, 'First Term', '', '2025-10-02 04:49:42', '2025-11-01', 'paid'),
(650, 70, 1, 800.00, 800.00, 'First Term', '', '2025-10-02 04:49:42', '2025-11-01', 'paid'),
(651, 70, 9, 30.00, 30.00, 'First Term', '', '2025-10-02 04:49:42', '2025-11-01', 'paid'),
(653, 56, 5, 800.00, 800.00, 'First Term', '', '2025-10-02 05:11:25', '2025-11-01', 'paid'),
(654, 111, 5, 800.00, 800.00, 'First Term', '', '2025-10-02 05:33:32', '2025-11-01', 'paid'),
(655, 111, 3, 2000.00, 2000.00, 'First Term', '', '2025-10-02 05:33:32', '2025-11-01', 'paid'),
(656, 112, 5, 800.00, 800.00, 'First Term', '', '2025-10-02 05:33:32', '2025-11-01', 'paid'),
(657, 112, 3, 2000.00, 2000.00, 'First Term', '', '2025-10-02 05:33:32', '2025-11-01', 'paid'),
(658, 113, 5, 450.00, 450.00, 'First Term', '', '2025-10-02 05:33:32', '2025-11-01', 'paid'),
(659, 113, 3, 2000.00, 2000.00, 'First Term', '', '2025-10-02 05:33:32', '2025-11-01', 'paid'),
(660, 114, 5, 250.00, 250.00, 'First Term', '', '2025-10-02 05:33:32', '2025-11-01', 'paid'),
(661, 114, 3, 1000.00, 950.00, '', '', '2025-10-02 05:33:32', '2025-11-01', 'pending'),
(662, 115, 3, 2000.00, 2000.00, 'First Term', '', '2025-10-02 05:33:32', '2025-11-01', 'paid'),
(663, 116, 3, 750.00, 750.00, '', '', '2025-10-02 05:33:32', '2025-11-01', 'pending'),
(664, 117, 5, 850.00, 850.00, 'First Term', '', '2025-10-02 05:33:32', '2025-11-01', 'paid'),
(665, 117, 3, 1700.00, 1950.00, '', '', '2025-10-02 05:33:32', '2025-11-01', 'pending'),
(666, 118, 5, 450.00, 450.00, 'First Term', '', '2025-10-02 05:33:32', '2025-11-01', 'paid'),
(667, 118, 3, 2000.00, 2000.00, 'First Term', '', '2025-10-02 05:33:32', '2025-11-01', 'paid'),
(668, 111, 7, 250.00, 0.00, 'First Term', '', '2025-10-02 05:34:05', '2025-11-01', 'pending'),
(669, 112, 7, 250.00, 0.00, 'First Term', '', '2025-10-02 05:34:05', '2025-11-01', 'pending'),
(670, 117, 7, 250.00, 0.00, 'First Term', '', '2025-10-02 05:34:05', '2025-11-01', 'pending'),
(671, 119, 3, 1420.00, 1870.00, '', '', '2025-10-02 05:35:42', '2025-11-01', 'pending'),
(672, 119, 5, 450.00, 0.00, 'First Term', '', '2025-10-02 05:35:42', '2025-11-01', 'pending'),
(673, 9, 12, 380.00, 370.00, '', '', '2025-10-02 10:05:49', '2025-11-01', 'pending'),
(674, 10, 12, 380.00, 100.00, 'First Term', '', '2025-10-02 10:05:49', '2025-11-01', 'paid'),
(675, 11, 12, 837.00, 0.00, '', '', '2025-10-02 10:05:49', '2025-11-01', 'pending'),
(676, 12, 12, 687.00, 0.00, '', '', '2025-10-02 10:05:49', '2025-11-01', 'pending'),
(677, 15, 12, 550.00, 320.00, '', '', '2025-10-02 10:05:49', '2025-11-01', 'pending'),
(678, 17, 12, 100.00, 0.00, 'First Term', '', '2025-10-02 10:05:49', '2025-11-01', 'pending'),
(679, 23, 12, 100.00, 100.00, '', '', '2025-10-02 10:05:49', '2025-11-01', 'paid'),
(680, 24, 12, 100.00, 20.00, 'First Term', '', '2025-10-02 10:05:49', '2025-11-01', 'pending'),
(682, 27, 12, 100.00, 100.00, 'First Term', '', '2025-10-02 10:05:49', '2025-11-01', 'paid'),
(683, 28, 12, 640.00, 0.00, '', '', '2025-10-02 10:05:49', '2025-11-01', 'pending'),
(684, 32, 12, 200.00, 200.00, '', '', '2025-10-02 10:05:49', '2025-11-01', 'paid'),
(685, 33, 12, 200.00, 200.00, '', '', '2025-10-02 10:05:49', '2025-11-01', 'paid'),
(686, 35, 12, 673.00, 673.00, '', '', '2025-10-02 10:05:49', '2025-11-01', 'paid'),
(687, 42, 12, 808.00, 480.00, '', '', '2025-10-02 10:05:49', '2025-11-01', 'pending'),
(688, 45, 12, 1.00, 1.00, '', '', '2025-10-02 10:05:49', '2025-11-01', 'paid'),
(690, 56, 12, 100.00, 100.00, 'First Term', '', '2025-10-02 10:05:49', '2025-11-01', 'paid'),
(691, 58, 12, 420.00, 0.00, '', '', '2025-10-02 10:05:49', '2025-11-01', 'pending'),
(692, 59, 12, 150.00, 150.00, '', '', '2025-10-02 10:05:49', '2025-11-01', 'paid'),
(693, 63, 12, 495.00, 0.00, '', '', '2025-10-02 10:05:49', '2025-11-01', 'pending'),
(694, 64, 12, 373.00, 80.00, '', '', '2025-10-02 10:05:49', '2025-11-01', 'pending'),
(695, 67, 12, 100.00, 0.00, 'First Term', '', '2025-10-02 10:05:49', '2025-11-01', 'pending'),
(696, 68, 12, 1080.00, 0.00, '', '', '2025-10-02 10:05:49', '2025-11-01', 'pending'),
(697, 78, 12, 100.00, 0.00, 'First Term', '', '2025-10-02 10:05:49', '2025-11-01', 'pending'),
(698, 80, 12, 1080.00, 1080.00, '', '', '2025-10-02 10:05:49', '2025-11-01', 'paid'),
(699, 81, 12, 1130.00, 1130.00, '', '', '2025-10-02 10:05:49', '2025-11-01', 'paid'),
(700, 86, 12, 323.00, 323.00, '', '', '2025-10-02 10:05:49', '2025-11-01', 'paid'),
(701, 93, 12, 1.00, 0.00, '', '', '2025-10-02 10:05:49', '2025-11-01', 'pending'),
(702, 94, 12, 100.00, 0.00, 'First Term', '', '2025-10-02 10:05:49', '2025-11-01', 'pending'),
(703, 99, 12, 100.00, 0.00, 'First Term', '', '2025-10-02 10:05:49', '2025-11-01', 'pending'),
(704, 100, 12, 100.00, 0.00, 'First Term', '', '2025-10-02 10:05:49', '2025-11-01', 'pending'),
(705, 102, 12, 180.00, 0.00, '', '', '2025-10-02 10:05:49', '2025-11-01', 'pending'),
(706, 76, 14, 80.00, 80.00, '', '', '2025-10-04 19:29:25', '2025-11-03', 'paid'),
(707, 76, 13, 100.00, 100.00, '', '', '2025-10-04 19:29:25', '2025-11-03', 'paid'),
(708, 120, 6, 100.00, 100.00, 'First Term', '', '2025-10-04 20:03:09', '2025-11-03', 'paid'),
(709, 120, 12, 100.00, 100.00, 'First Term', '', '2025-10-04 20:03:09', '2025-11-03', 'paid'),
(710, 120, 8, 30.00, 30.00, 'First Term', '', '2025-10-04 20:03:09', '2025-11-03', 'paid'),
(711, 120, 2, 1200.00, 1200.00, 'First Term', '', '2025-10-04 20:03:09', '2025-11-03', 'paid'),
(713, 120, 5, 800.00, 800.00, 'First Term', '', '2025-10-04 20:03:09', '2025-11-03', 'paid'),
(714, 120, 11, 70.00, 70.00, 'First Term', '', '2025-10-04 20:03:09', '2025-11-03', 'paid'),
(715, 120, 9, 30.00, 30.00, 'First Term', '', '2025-10-04 20:03:09', '2025-11-03', 'paid'),
(716, 121, 3, 2000.00, 1300.00, 'First Term', '', '2025-10-05 17:41:00', '2025-11-04', 'pending'),
(717, 122, 3, 2000.00, 2000.00, 'First Term', '', '2025-10-06 10:07:44', '2025-11-05', 'paid'),
(718, 122, 5, 1.00, 0.00, '', '', '2025-10-06 10:07:44', '2025-11-05', 'pending'),
(719, 108, 12, 900.00, 870.00, '', '', '2025-10-06 15:43:39', '2025-11-05', 'pending'),
(720, 76, 8, 30.00, 20.00, 'First Term', '', '2025-10-06 18:10:46', '2025-11-05', 'pending'),
(721, 81, 8, 30.00, 30.00, 'First Term', '', '2025-10-06 19:55:17', '2025-11-05', 'paid'),
(722, 88, 12, 1100.00, 1100.00, '', '', '2025-10-10 15:32:33', '2025-11-09', 'paid'),
(723, 127, 8, 30.00, 30.00, 'First Term', '', '2025-10-15 07:48:30', '2025-11-14', 'paid'),
(724, 127, 2, 1200.00, 1200.00, 'First Term', '', '2025-10-15 07:48:30', '2025-11-14', 'paid'),
(725, 127, 5, 450.00, 450.00, 'First Term', '', '2025-10-15 07:48:30', '2025-11-14', 'paid'),
(726, 127, 11, 70.00, 70.00, 'First Term', '', '2025-10-15 07:48:30', '2025-11-14', 'paid'),
(727, 127, 1, 700.00, 700.00, 'First Term', '', '2025-10-15 07:48:30', '2025-11-14', 'paid'),
(728, 127, 9, 30.00, 30.00, 'First Term', '', '2025-10-15 07:48:30', '2025-11-14', 'paid'),
(729, 22, 2, 1200.00, 1200.00, 'First Term', '', '2025-10-15 13:25:36', '2025-11-14', 'paid'),
(730, 84, 8, 30.00, 30.00, 'First Term', '', '2025-10-22 15:23:57', '2025-11-21', 'paid'),
(731, 120, 1, 900.00, 900.00, '', '', '2025-10-22 15:44:09', '2025-11-21', 'paid'),
(732, 34, 12, 200.00, 200.00, '', '', '2025-10-22 15:47:58', '2025-11-21', 'paid'),
(733, 32, 2, 1040.00, 1020.00, 'First Term', '', '2025-10-22 15:53:43', '2025-11-21', 'pending'),
(734, 126, 8, 30.00, 30.00, 'First Term', '', '2025-10-22 15:59:21', '2025-11-21', 'paid'),
(735, 126, 2, 1040.00, 1040.00, 'First Term', '', '2025-10-22 15:59:21', '2025-11-21', 'paid'),
(736, 126, 5, 450.00, 450.00, 'First Term', '', '2025-10-22 15:59:21', '2025-11-21', 'paid'),
(737, 126, 11, 70.00, 70.00, 'First Term', '', '2025-10-22 15:59:21', '2025-11-21', 'paid'),
(738, 126, 1, 700.00, 700.00, 'First Term', '', '2025-10-22 15:59:21', '2025-11-21', 'paid'),
(739, 126, 9, 30.00, 30.00, 'First Term', '', '2025-10-22 15:59:21', '2025-11-21', 'paid'),
(740, 124, 8, 30.00, 30.00, 'First Term', '', '2025-10-28 21:38:14', '2025-11-27', 'paid'),
(741, 124, 2, 1040.00, 1040.00, 'First Term', '', '2025-10-28 21:38:14', '2025-11-27', 'paid'),
(742, 124, 5, 250.00, 250.00, 'First Term', '', '2025-10-28 21:38:14', '2025-11-27', 'paid'),
(743, 124, 11, 70.00, 70.00, 'First Term', '', '2025-10-28 21:38:14', '2025-11-27', 'paid'),
(744, 124, 1, 700.00, 700.00, 'First Term', '', '2025-10-28 21:38:14', '2025-11-27', 'paid'),
(745, 125, 8, 30.00, 30.00, 'First Term', '', '2025-10-28 21:38:14', '2025-11-27', 'paid'),
(747, 125, 5, 250.00, 250.00, 'First Term', '', '2025-10-28 21:38:14', '2025-11-27', 'paid'),
(748, 125, 11, 70.00, 70.00, 'First Term', '', '2025-10-28 21:38:14', '2025-11-27', 'paid'),
(749, 125, 1, 350.00, 350.00, '', '', '2025-10-28 21:38:14', '2025-11-27', 'paid'),
(751, 107, 4, 150.00, 0.00, 'First Term', '', '2025-11-10 06:30:48', '2025-12-10', 'pending'),
(752, 27, 1, 600.00, 70.00, '', '', '2025-11-21 15:06:23', '2025-12-21', 'pending'),
(753, 123, 3, 1000.00, 500.00, '', '', '2025-12-02 11:42:13', '2026-01-01', 'pending'),
(754, 107, 10, 580.00, 0.00, '', '', '2025-12-02 12:02:33', '2026-01-01', 'pending'),
(755, 129, 1, 500.00, 500.00, '', '', '2025-12-21 20:35:56', '2026-01-20', 'pending'),
(756, 129, 4, 580.00, 100.00, '', '', '2025-12-21 20:35:56', '2026-01-20', 'pending');

-- --------------------------------------------------------

--
-- Table structure for table `users`
--

CREATE TABLE `users` (
  `id` int(11) NOT NULL,
  `username` varchar(50) NOT NULL,
  `password` varchar(255) NOT NULL,
  `role` enum('admin','staff') DEFAULT 'admin',
  `created_at` timestamp NOT NULL DEFAULT current_timestamp()
) ENGINE=InnoDB DEFAULT CHARSET=utf8mb4 COLLATE=utf8mb4_unicode_ci;

--
-- Dumping data for table `users`
--

INSERT INTO `users` (`id`, `username`, `password`, `role`, `created_at`) VALUES
(1, 'Admin_Eric', '$2y$10$FxSnLFKb5g7.ch6fMEsuguB2gOdpfkkuFyoHOoEdS2CyLecUhc3je', 'admin', '2025-10-01 16:59:56');

-- --------------------------------------------------------

--
-- Stand-in structure for view `v_fee_assignments`
-- (See below for the actual view)
--
CREATE TABLE `v_fee_assignments` (
`assignment_id` int(11)
,`student_name` varchar(201)
,`student_class` varchar(100)
,`fee_name` varchar(100)
,`fee_type` enum('fixed','class_based','category')
,`amount` decimal(10,2)
,`due_date` date
,`term` varchar(50)
,`assigned_date` datetime
,`status` enum('pending','due','paid','overdue','cancelled')
,`notes` text
,`days_to_due` int(8)
,`payment_status` varchar(8)
);

--
-- Indexes for dumped tables
--

--
-- Indexes for table `classes`
--
ALTER TABLE `classes`
  ADD PRIMARY KEY (`id`),
  ADD UNIQUE KEY `name` (`name`);

--
-- Indexes for table `expenses`
--
ALTER TABLE `expenses`
  ADD PRIMARY KEY (`id`);

--
-- Indexes for table `expense_categories`
--
ALTER TABLE `expense_categories`
  ADD PRIMARY KEY (`id`),
  ADD UNIQUE KEY `name` (`name`);

--
-- Indexes for table `fees`
--
ALTER TABLE `fees`
  ADD PRIMARY KEY (`id`);

--
-- Indexes for table `fee_amounts`
--
ALTER TABLE `fee_amounts`
  ADD PRIMARY KEY (`id`),
  ADD KEY `idx_fee_class` (`fee_id`,`class_name`),
  ADD KEY `idx_fee_category` (`fee_id`,`category`);

--
-- Indexes for table `payments`
--
ALTER TABLE `payments`
  ADD PRIMARY KEY (`id`),
  ADD KEY `student_id` (`student_id`),
  ADD KEY `fk_payments_fee_id` (`fee_id`);

--
-- Indexes for table `payment_allocations`
--
ALTER TABLE `payment_allocations`
  ADD PRIMARY KEY (`id`),
  ADD KEY `payment_id` (`payment_id`),
  ADD KEY `student_fee_id` (`student_fee_id`);

--
-- Indexes for table `students`
--
ALTER TABLE `students`
  ADD PRIMARY KEY (`id`);

--
-- Indexes for table `student_fees`
--
ALTER TABLE `student_fees`
  ADD PRIMARY KEY (`id`),
  ADD KEY `student_id` (`student_id`),
  ADD KEY `fee_id` (`fee_id`),
  ADD KEY `idx_student_fees_status` (`status`),
  ADD KEY `idx_student_fees_due_date` (`due_date`),
  ADD KEY `idx_student_fees_assigned_date` (`assigned_date`);

--
-- Indexes for table `users`
--
ALTER TABLE `users`
  ADD PRIMARY KEY (`id`),
  ADD UNIQUE KEY `username` (`username`);

--
-- AUTO_INCREMENT for dumped tables
--

--
-- AUTO_INCREMENT for table `classes`
--
ALTER TABLE `classes`
  MODIFY `id` int(11) NOT NULL AUTO_INCREMENT, AUTO_INCREMENT=13;

--
-- AUTO_INCREMENT for table `expenses`
--
ALTER TABLE `expenses`
  MODIFY `id` int(11) NOT NULL AUTO_INCREMENT, AUTO_INCREMENT=275;

--
-- AUTO_INCREMENT for table `expense_categories`
--
ALTER TABLE `expense_categories`
  MODIFY `id` int(11) NOT NULL AUTO_INCREMENT, AUTO_INCREMENT=17;

--
-- AUTO_INCREMENT for table `fees`
--
ALTER TABLE `fees`
  MODIFY `id` int(11) NOT NULL AUTO_INCREMENT, AUTO_INCREMENT=15;

--
-- AUTO_INCREMENT for table `fee_amounts`
--
ALTER TABLE `fee_amounts`
  MODIFY `id` int(11) NOT NULL AUTO_INCREMENT, AUTO_INCREMENT=41;

--
-- AUTO_INCREMENT for table `payments`
--
ALTER TABLE `payments`
  MODIFY `id` int(11) NOT NULL AUTO_INCREMENT, AUTO_INCREMENT=364;

--
-- AUTO_INCREMENT for table `payment_allocations`
--
ALTER TABLE `payment_allocations`
  MODIFY `id` int(11) NOT NULL AUTO_INCREMENT, AUTO_INCREMENT=818;

--
-- AUTO_INCREMENT for table `students`
--
ALTER TABLE `students`
  MODIFY `id` int(11) NOT NULL AUTO_INCREMENT, AUTO_INCREMENT=132;

--
-- AUTO_INCREMENT for table `student_fees`
--
ALTER TABLE `student_fees`
  MODIFY `id` int(11) NOT NULL AUTO_INCREMENT, AUTO_INCREMENT=757;

--
-- AUTO_INCREMENT for table `users`
--
ALTER TABLE `users`
  MODIFY `id` int(11) NOT NULL AUTO_INCREMENT, AUTO_INCREMENT=2;

-- --------------------------------------------------------

--
-- Structure for view `v_fee_assignments`
--
DROP TABLE IF EXISTS `v_fee_assignments`;

CREATE ALGORITHM=UNDEFINED DEFINER=`u420775839_salba_admin`@`localhost` SQL SECURITY DEFINER VIEW `v_fee_assignments`  AS SELECT `sf`.`id` AS `assignment_id`, concat(`s`.`first_name`,' ',`s`.`last_name`) AS `student_name`, `s`.`class` AS `student_class`, `f`.`name` AS `fee_name`, `f`.`fee_type` AS `fee_type`, `sf`.`amount` AS `amount`, `sf`.`due_date` AS `due_date`, `sf`.`term` AS `term`, `sf`.`assigned_date` AS `assigned_date`, `sf`.`status` AS `status`, `sf`.`notes` AS `notes`, to_days(`sf`.`due_date`) - to_days(curdate()) AS `days_to_due`, CASE WHEN `sf`.`status` = 'paid' THEN 'Paid' WHEN `sf`.`due_date` < curdate() AND `sf`.`status` = 'pending' THEN 'Overdue' WHEN to_days(`sf`.`due_date`) - to_days(curdate()) <= 7 AND `sf`.`status` = 'pending' THEN 'Due Soon' ELSE 'Pending' END AS `payment_status` FROM ((`student_fees` `sf` join `students` `s` on(`sf`.`student_id` = `s`.`id`)) join `fees` `f` on(`sf`.`fee_id` = `f`.`id`)) WHERE `sf`.`status` <> 'cancelled' ORDER BY `sf`.`due_date` DESC, `s`.`class` ASC, `s`.`first_name` ASC ;

--
-- Constraints for dumped tables
--

--
-- Constraints for table `fee_amounts`
--
ALTER TABLE `fee_amounts`
  ADD CONSTRAINT `fee_amounts_ibfk_1` FOREIGN KEY (`fee_id`) REFERENCES `fees` (`id`) ON DELETE CASCADE;

--
-- Constraints for table `payments`
--
ALTER TABLE `payments`
  ADD CONSTRAINT `fk_payments_fee_id` FOREIGN KEY (`fee_id`) REFERENCES `fees` (`id`),
  ADD CONSTRAINT `payments_ibfk_1` FOREIGN KEY (`student_id`) REFERENCES `students` (`id`) ON DELETE CASCADE;

--
-- Constraints for table `payment_allocations`
--
ALTER TABLE `payment_allocations`
  ADD CONSTRAINT `payment_allocations_ibfk_1` FOREIGN KEY (`payment_id`) REFERENCES `payments` (`id`) ON DELETE CASCADE,
  ADD CONSTRAINT `payment_allocations_ibfk_2` FOREIGN KEY (`student_fee_id`) REFERENCES `student_fees` (`id`) ON DELETE CASCADE;

--
-- Constraints for table `student_fees`
--
ALTER TABLE `student_fees`
  ADD CONSTRAINT `student_fees_ibfk_1` FOREIGN KEY (`student_id`) REFERENCES `students` (`id`) ON DELETE CASCADE,
  ADD CONSTRAINT `student_fees_ibfk_2` FOREIGN KEY (`fee_id`) REFERENCES `fees` (`id`);
COMMIT;

/*!40101 SET CHARACTER_SET_CLIENT=@OLD_CHARACTER_SET_CLIENT */;
/*!40101 SET CHARACTER_SET_RESULTS=@OLD_CHARACTER_SET_RESULTS */;
/*!40101 SET COLLATION_CONNECTION=@OLD_COLLATION_CONNECTION */;
